OTUID,S6,S10,S11,S15,S22,S23,S25,S26,S28
461e88572c8531337fca53eec668f6af,160,0,0,1378,242,1425,1866,432,521
4097a388df74933fcfcfccf035b999dc,151,0,183,1347,165,1081,1127,215,210
b41203c39cb61b9cad701eae576c7a1f,136,323,0,1776,146,941,1017,217,174
b5b0a1eaf94f7c48cca227b748b1036d,526,0,142,244,0,467,221,0,0
9992356b67d588dcfae3705dff08cab0,90,147,0,1435,109,394,773,120,188
63dc415afa46898d8f95e86cacdc2959,172,0,0,1460,0,383,458,155,196
0785e6aa088438bcb540dff46140d8dc,182,0,0,1436,190,422,548,176,132
7959d6c6e725d05ab35dc33940d086e6,80,0,0,792,147,578,939,152,166
4785ca0d6be9ce6b756299fdb9cbd446,66,31,0,652,138,676,1118,166,255
094f65a2e1dc6dc372adb7d92578960a,515,0,162,224,318,0,216,0,0
3bbe760934382858060797fe375bfae9,167,0,0,750,177,451,788,0,146
d1bf5cbb64f8143d138fceda9490ca0b,52,0,0,832,90,333,608,0,110
5fefd58eff69972a90d5e8028ba79fa1,455,327,537,210,0,0,152,0,0
298ecc6af776bb7edff402ad29dcba9f,0,0,0,703,0,311,612,0,121
061f96f0edf66dc86ed5fdc108beb5bd,299,0,109,129,121,0,80,0,0
1a51394e215894d87a1cd321fc8556a1,295,0,87,183,79,0,0,0,0
0c0223d88228e470fd1520acdb55adad,196,0,113,97,0,0,97,0,176
122abc1a0801399ae12837ae3f7ad8e4,210,0,205,116,0,0,184,0,0
9bd57ec9560f1d1e419889a2c6ed0597,192,0,122,136,0,0,0,0,0
9ed12ad9eb23953f49fa4112d8487ba1,347,0,96,258,0,0,0,71,0
2990a0b19ee737c3819b09eab3854f41,352,0,91,213,0,0,0,0,0
85d3fce12aaa2b050781ed410765568a,85,0,122,0,0,0,0,0,224
9bf4bfd490198dfcaf6f33c9ac7bd23d,158,0,148,97,0,0,0,0,0
e3df63291734eff5d4e84915c9433425,293,0,299,0,0,310,0,318,0
b790cecad3d91a6a103b4287cd42e02e,0,0,0,0,0,54,0,0,162
11726ed62c9b4eb40ca0c8e9c38a90d6,0,0,0,0,0,0,83,0,176
b8bfe583dafe3e4d9fece27d5563a8af,244,0,0,0,0,78,0,0,52
3e212ec59d2a26034a9461b3be2dfef9,229,0,0,0,0,0,0,0,0
3824b3f159f036f4358a344e9c0f382f,294,519,0,236,256,0,0,79,0
d374682147173515630598e0e483924e,0,0,0,236,0,0,0,0,130
0bcb53855af97159c395aeb88833dcba,0,0,0,0,0,0,0,0,138
21c57ad5c5ec7c24404d687accc2c620,186,0,0,545,0,124,0,0,74
8f49c09144667b6ffe7b00ef3c32b3aa,158,185,0,103,6,0,0,0,0
9a58a85ddf3248935651994771815066,0,0,0,0,0,0,0,0,178
73ce0f30b3de6fc46137e1732137695e,311,0,0,118,0,0,233,0,0
7dca7af5849f88ad4c6a7b28816dcb9a,0,0,0,0,0,0,0,0,158
ef8117495584b56d93548abadbd6cd95,0,0,0,0,0,0,0,0,124
d7bd96a9eac19c340eb5b474627a71be,0,0,0,0,0,0,0,0,152
39d16bf5914bdb10e3e5a757a1218128,0,0,0,0,0,0,149,0,0
f285706d7b44425572a63b08341f920b,95,0,238,93,0,0,0,0,0
731b960f23d3504535554eccba9f97f2,0,0,0,0,0,0,0,0,83
85a6d642470b605d7446bda4b5dea812,267,0,280,0,0,0,194,0,0
6c3ef2d4a3168003d6ab92f0a78e52db,252,0,0,0,0,67,0,0,0
28f13fc574332ed14594035be1f60b98,0,0,0,0,0,0,0,0,87
58b00b511641d586ae870763172bd650,0,0,250,0,0,60,0,0,0
9e9b57cb089c3a4a70c25eacd0e8ad39,0,0,0,0,0,0,0,0,64
60cc7d8592d0be3c2826c6267eae2984,193,0,185,0,0,0,0,0,0
1f2caf42bbd4905672ded7cddaeca40c,171,0,222,616,104,267,263,0,0
e26fbebba4cc952ff2208d98a43df8e5,293,0,0,108,0,0,0,0,0
d39ee45607955971f9eaad76d0059f67,0,0,0,0,0,0,0,214,0
cc215a476252ea0ccd4bcf3bd45faf46,251,0,0,0,0,0,0,0,0
c3e1fc1c37e41eddf2684a0666c93167,0,0,0,0,0,0,0,0,89
c7f5c0285b89fcff5c9778bc384d62b8,108,0,0,0,0,75,0,0,0
c4ded8599b47108d5e34a11cb2f103dc,0,0,0,168,0,0,0,0,0
3c829333f45c9986b34503bc47fb0287,0,0,0,0,0,0,0,0,27
a89bdeef9e2e518ad28c6899075afe38,241,0,0,0,0,0,0,0,0
ada0d7f0c02644bdd4b2daa272a6b0c1,0,0,0,0,0,0,0,0,318
512fb2bfcb9f08fd7f1de3864b167c89,274,0,0,0,0,0,0,0,0
23ff1ceda1352ef7d1582c230a0a9494,0,0,126,0,0,0,0,0,0
5c85119666bb9fc827c3315134cf59f8,0,379,243,0,0,0,0,111,0
b3b3eefd165e929f784f912165c76013,0,0,0,0,0,0,188,0,0
81d77fcc068b215e9a04729053416a8c,118,0,0,566,0,230,0,0,0
f12718dbb5068de7bba6e44db549a1f5,280,0,0,87,0,0,0,0,232
98ec867428fa2d84f8abd2eafcc97651,384,0,0,152,0,0,0,0,0
b9cd672a2b71e2ac6b686dc3de3972bb,187,0,0,132,0,0,0,133,0
dd8a09521c78c44b26ce59188b1c1341,90,0,0,0,0,0,0,0,0
51dfc8e30f17859a5f8d011d1718e6dc,267,0,202,0,39,0,0,32,37
50871ef57b5bd745fc903b8221f46eee,0,0,97,130,0,0,0,0,0
5bfa6cc0f61bc374074856a27cfe51d6,174,0,0,0,0,0,0,0,0
078ca2e2199edabd0c9a69d1285ec237,0,0,157,0,0,0,0,0,0
3d95d9af453da2420df18136607e0274,286,0,0,0,0,0,0,0,0
b9f6bb04c1f2bf5a64cd07e124bbc6cf,129,0,0,42,0,0,0,0,0
4e797f5dc3a0722617983e7a428ead0a,0,0,213,0,0,0,0,0,0
b10448cd4124bdfd706450a4189961ef,300,0,0,0,0,0,0,0,0
875b7e2636dfa43de39ac0b55525378b,0,0,0,0,0,0,0,112,0
39e4e482fac866fb40dac0bb65fff8c1,0,0,0,0,424,0,0,0,0
a12e2fa6917f40e375725c9eb63bd598,90,0,0,0,0,0,0,14,0
e8fb27cdade4f21030ae2ec2c7c5c65a,0,0,0,0,0,0,241,0,0
5abbeb2b46fb4d461812e6667166aeb6,0,0,0,0,0,31,349,0,172
09200481c23b5473a5263797322a8ded,0,81,0,183,0,0,0,0,0
d4e9b5916b230761f8f166d52791f319,218,0,0,0,0,0,0,0,0
c50e99458383ebf13ec3c37e8bd41b0d,0,0,0,234,0,0,0,0,0
ff74d7b6608aefe8c09ceaaa746bf8ee,0,0,0,0,0,0,49,0,0
c505e5292d56c52b738fea0e59cf10d3,144,0,0,398,0,0,0,0,0
5ae8231c8df25f251314ff0003b99e0d,191,0,0,151,0,0,0,0,0
5db3685b285e906a77e7b54c9151f332,0,0,0,0,0,0,362,26,0
9fdf1635d7652fa403688d0abcdbb3ae,0,0,21,57,0,0,0,0,0
3c7c2bff8010a2df93804ac94513591f,40,0,36,0,0,29,0,0,0
d3ee07171cd709aca368030b3209f716,73,0,0,0,8,0,0,0,46
d609fa906223bfb6bb432c6d28154d8d,0,0,80,0,0,0,0,0,0
4892f891da14927a3757123340696763,227,0,0,0,0,0,0,0,0
b401820c00d0a48d6b3a1cb6c7ffc7c2,0,0,0,72,0,0,0,0,0
ffdae294d23dec8a1057be1c01a82b00,0,0,0,0,0,0,605,0,159
5a94ea9f1f429d628fa9158bcc3f3522,0,0,0,221,0,0,0,0,0
bf0b91f3de23f64092882b9887a3df88,0,0,0,162,0,24,240,0,0
cf49d991671be2cf1108345cb1465669,0,0,0,50,0,0,0,0,0
9ffb5190cf388cbbec7913498475a99c,284,0,0,0,0,0,0,0,0
9d1c28754f7f1e115a943f9933b6e143,154,0,0,101,0,0,0,0,0
b1314ba67a3793fb1e4c677b19108ba9,0,0,32,0,0,0,0,0,0
e59be2f0704f3f609ad33fb05f9c8c3d,0,0,104,0,0,0,0,0,0
642d6fcda91cfd8e1c29e64dc902a4c9,88,0,0,200,0,0,0,0,0
405e7a354649f70e195564833ecc68d9,177,0,0,0,0,0,0,0,0
59b46738c3796eb8a58ef6444318efba,0,0,0,0,0,0,155,0,0
7329dceb679776a78fe337e3ae315163,0,0,0,0,0,263,0,0,0
20d68a0b001be78fb9d679a71bd43f8a,0,0,0,0,29,0,0,0,0
75729107decd79c5d5e090fcf5dd6755,98,0,0,638,0,83,0,0,0
85ced0617efe9c0d6db11469cec5e33f,47,0,0,0,0,9,0,0,0
7fafc6840f0649b5170fe142f8f936c1,321,0,0,0,0,0,0,0,179
929d4e9a806320e6189bad0b6e894de2,0,0,0,0,0,0,0,0,25
cfd37ffa1a70b8fff7b79e58ebcdb405,178,0,0,580,0,0,0,0,0
8cad557b7e0fd2b410eac540c11cf0bb,147,0,0,0,0,0,0,0,0
fa9bb40f48ae1ef6b0f6494b3abaf8a6,196,0,0,0,0,0,0,0,0
78279aae20040455e0fb725fae667e20,0,1225,0,0,0,0,204,0,0
1871e37f08816e92048c77f7fe220b87,0,0,0,0,0,0,252,0,0
78d81b00750eaccc6635b070085b4d38,0,0,0,0,0,0,213,0,0
81d96525bd015b78acc51a3f06dcf09a,0,0,0,92,0,0,0,0,0
c83de1fa8644cae296fb81c7d0b1c95b,0,0,0,345,0,53,0,0,0
2d903c6c2c94274e1fc2dfd05b28aad8,0,0,0,0,0,0,0,0,106
4509f00c097d6ac06e787fdf4291c972,0,0,0,264,0,70,136,0,0
ced624ac539da0734ca9540b5bb3641e,165,0,0,0,0,0,288,0,0
8b00e04a01f74b43b597b1105c115d4a,0,0,148,0,0,0,0,0,0
3868fe642ad7a297f20fd29db63f1cfc,0,0,154,0,0,0,186,0,0
929da7566b6d22d1d2a629ece1aba9d9,0,0,0,90,0,0,0,0,0
45525b523123092150ab625cf4623871,0,0,0,365,0,48,259,0,29
fbb85f17c64ed9bb27d2f0c2575cb904,0,243,0,0,0,0,0,0,0
29584c306ab826d7ae491dcdb014dcf9,0,187,99,556,0,0,0,0,0
3072a3979318827a5b097f865f24bb49,0,0,0,0,0,0,0,84,0
c7488c1987be6981c5d1c8eddf75bc31,210,0,0,0,0,0,0,0,0
a56c5895c1a30347be75857701fc2981,0,0,142,249,0,42,0,0,0
8f2dcc106747d7331073ac3b911636cc,0,0,0,381,0,0,0,0,0
8c31fd1098cb649d62fb10d46936eda8,0,0,107,0,0,266,0,0,106
5df4619d188e7f1c7c250738d0599c89,0,0,0,14,0,0,0,0,0
f54e3c53635b99eeadec917131cabc3b,0,0,0,0,0,0,34,0,0
da71f096ea5972db29858d2944f14fe4,216,0,0,0,0,0,0,0,0
539e25a5a201b84963c987f9b452bbf9,0,0,9,185,0,96,0,0,0
7e2577e49e9dc501712655afebf4b2fb,465,0,0,0,0,0,394,0,0
9c754dedfade8f528831e6ced35ebf20,0,23,0,0,0,0,0,0,0
46edfcf65339546943ed05cba8a05394,61,0,0,283,0,0,0,0,0
4a13064812d93b43916426da9664af74,367,0,0,0,0,0,0,0,0
4ffe7a36d3e9b9147a697b6391bb1a17,0,0,0,0,0,0,111,0,0
e08cdc1534af11f87ded2889e9e98d4c,168,0,0,0,0,0,0,0,0
5eb11f2c8df650c514a9a29540162ffd,0,0,0,0,0,0,111,0,0
a983799f4843e1a9d165a8bef1235858,44,0,0,202,0,0,0,0,165
1fa4d1bc4fa79be90a75ac329baf1507,542,0,0,0,0,0,0,0,0
eeae07184e5e893dc443e46819033764,0,103,0,0,0,0,0,13,0
ba124078bf5f5bd1032cb837588a57fe,0,0,188,0,0,0,0,0,0
f5240bdfbbfb5d4aaebfeedb19236e02,0,0,0,0,0,335,0,0,0
6889a4f7c0d5b054d3757ca3c9c883ce,291,0,0,0,0,0,0,0,0
2e4f52eac36b26a01af4a0fc7aa78edd,0,1356,0,0,0,128,0,0,0
85cfe0f5719b8312f3084304db49e0da,0,0,0,178,0,0,0,0,0
7dceb3546dc25073d67b411416370126,0,0,0,164,0,0,0,0,0
e8c629543af3534f9d5e6d8025d8e790,0,0,0,0,0,0,0,13,0
fc2aceb6ee2d8b363a05f2035fd5a9db,0,0,0,130,0,0,0,0,0
b9cd20ee38e0e7699e9dcd7807adc7a3,0,0,194,0,0,0,0,48,0
27e6f176dd1e70fef1a9f755b4890db1,0,0,0,179,50,0,0,0,0
3ed5390bceefb424cbac6aaecf10e7b3,0,0,0,126,0,0,0,0,0
25c5933dd6bcdb24f654fd12a4a57ca1,242,0,0,0,71,0,0,0,0
d1453db83a1cbf65b59df9193187217d,0,0,0,0,0,0,183,0,0
5bfe6c5c471790aba34aae36c10771b3,0,0,0,80,0,0,0,0,0
6dbeaca5516935f0c2e9c8b07aa4d43d,0,0,0,291,0,0,0,0,0
be2f4e017534fe515003855f432d0cd2,0,0,0,0,67,0,0,0,0
ef30c8ac907393ad0a378a08d336b35a,223,0,0,0,0,0,0,0,0
3387ae2a0c84e3c0837e5f2ffb2a69af,0,0,152,0,0,0,0,0,0
249d2a3f560ad93678459c11f84ba721,0,1931,0,0,0,0,0,0,0
bc8c9125fa090e1d8bc19bfa99395b1a,0,0,0,0,0,0,203,0,0
2219184f554b7ef1fdcce364ed40c146,145,0,0,0,0,103,0,0,0
06c455ca1a5e8aaadad3a503698b2c27,9,0,0,0,0,0,0,0,0
5fe266e2710d52e46fd8d1f52caf4848,264,0,0,0,0,0,0,0,0
e5403356349f1325ee0334d481f5c845,315,0,0,0,0,35,0,0,0
98d85850fdc1de580f3305eefb4ae9ea,0,0,0,0,0,0,104,0,0
037d0e14fc68639e3209d344501ddae1,0,0,0,129,0,0,0,0,0
c42a72e8c63206c9f10f630d81a08830,0,0,0,199,0,0,0,0,0
cf2c9351fa7e5451ee1bc227bf6ccb7c,0,0,0,0,0,0,0,183,0
b021e81c3b7c4d8a1af3e2cefa3dcda1,0,0,0,0,0,0,263,0,0
59d4191fad3002d3ccd344a69166f61e,0,0,0,0,0,0,163,0,0
b2bafc29447c1eebc4aa9f9fc401e45e,0,0,0,198,0,0,0,0,0
3516d81a9d44137fe0e14ec643811182,0,0,0,112,0,0,374,0,0
1aba5493e44d6ce3897b656d92f149ed,0,0,0,0,0,26,0,0,0
7c64b5dfdf71605f17552a86e0f8cf20,0,120,166,0,0,0,0,0,0
053f32196ba91e4a04d7af452c160b89,0,203,0,0,0,0,0,0,0
93dd777bb22fdf04e43d0617bb1c19c4,0,0,0,57,0,0,0,0,0
b20668a6e863d07a12a33578954e3ae9,0,1482,0,0,0,0,0,0,0
284ee595350d6fa33634b75de3746e91,0,0,0,0,0,0,104,0,0
8bd704bc24b4ed9e271cee9ec6234efc,165,0,0,0,0,0,0,0,0
2f11909e8086f147c4fcc4d986b6b295,0,0,0,158,0,0,0,0,0
7579b4e85aad29f3be8220c825053977,0,0,146,0,0,0,0,0,0
209b9457ff38b41c1f2c26fda2fc1d6e,73,0,0,0,0,0,0,0,0
a583c1294d548d0fec349b941c53285b,136,0,0,0,0,70,0,0,0
83a68c49965eca29ba72a53f4908ad10,0,0,0,0,0,0,196,0,0
aaf2e3f8483523218488d4adcb404404,0,0,0,0,0,0,0,101,0
de496f31d9e2f06db5c9e3ef8b95afff,0,1233,0,0,0,0,0,0,0
0f986cb6e08e8e0e27a631694e0ee608,0,0,40,0,0,0,182,0,0
3e145e5b89e14039c03adc4c52fd4886,151,0,0,0,0,0,0,0,0
5270ecc0cc323e0f2fe5b2f4d1279903,0,0,81,0,0,0,0,0,0
e12fcad9d10849440a313cda1470f8df,0,0,0,111,0,0,0,0,0
56d89eac3457ded073e9547c55d8fad4,0,0,0,183,0,0,0,0,0
0755f6f6172e7f556caf6ea28197c2e4,291,0,0,0,0,0,0,0,0
2ef7d7a58f08d7ea6c8480087fc71bb0,0,0,0,242,0,0,0,0,0
21ab55b7fe697413c14f46f1c9b1e2e2,0,0,217,135,0,0,0,0,0
3c51390a286fde6636962cf271090fa4,435,0,0,0,0,0,0,0,0
7c40978d4e3e19c5c524febbdb0d449d,0,0,0,33,0,0,0,0,0
e20dcd636544270febbf4caab24d6491,0,0,0,167,0,0,0,0,0
9ac6c70de599380f3bbb301a4462a7bf,133,0,0,0,0,0,0,0,0
4d4489f9009d5e29cecef45b6ff8588a,0,0,0,0,0,52,0,0,0
8f79a96adf5d4599bfaf5ca7b17c77f1,0,0,0,362,0,0,0,0,0
2230f83a69b3ad6df956609e5196ff1c,322,0,0,0,0,0,0,0,0
1e1ba2879ee4a670cf90513c9f9b78dc,0,0,0,180,0,0,0,0,0
7c5eece193d60a8e041bf866a38da046,271,0,0,166,0,0,0,0,0
07e923ec80c7aee226645e232aa105e7,140,0,0,0,0,0,193,0,0
c4c3359e321229cd1ee0967e9e2cd424,166,0,0,0,0,0,0,0,0
e9d2f538d8de6b77c23f9dadaa036807,127,0,0,0,0,0,0,0,0
9a7111af61e89d3af766f5a10d4df8f2,0,7,0,0,0,0,0,0,0
ac44773714261ef66160e1437387da15,0,591,0,0,0,0,132,0,0
5203028b457fbe782c74a65f24beeba4,0,0,0,0,70,0,0,0,0
2117af648b64a1fb631b2ef76db031fd,0,221,0,131,0,0,0,0,0
b60244428c381cf914c955575988200d,0,0,0,0,59,0,0,0,0
de7c1688b64aa1b566fe7d7be62b147e,0,0,0,0,0,0,211,0,0
cfbfd35a7f22fcb5fb6941e0939e9828,0,0,0,0,0,36,0,0,0
694702e1019cde0910beee29edfc4bf5,0,807,0,0,0,0,0,0,0
467cabb6f2971dba15437514e895860f,0,0,0,420,0,0,0,0,0
1c4cfc827351b47ae73a852d80a8efca,0,0,308,0,0,0,0,0,0
59b853307fe78e41a61f1e41f9ddb2b6,0,0,0,0,0,0,0,149,0
4ecc1dbec7181dcf52705ac3ca0076eb,92,0,0,0,0,0,0,0,0
e6601cd9c7705089abcc1081743a1260,0,0,0,148,0,0,0,0,0
ca038391f48f3c43bd743f6063c8d3a4,0,0,39,0,0,0,0,0,0
8090f3655cb903fd9eb62b1f9d5f1f68,109,0,0,0,0,0,0,0,0
ccb619292de699076559494cdef3f9ef,0,0,0,180,0,0,0,0,0
6078cf2e7ceb5927918b26dc44302bef,0,0,0,0,0,0,31,0,0
56e19a4a2ecd2be7f4ec9c8745a5f765,0,0,0,0,0,0,229,0,0
f416df89b9564b5e35d68d9e989bbbb7,0,0,0,73,0,0,248,0,248
330dcf2df7083ad11db1e1461d476906,863,0,0,0,0,0,0,0,0
4de51e88d526470274e631c5df28cefa,250,0,0,0,0,0,0,0,0
c1651e22bd7ffd07fb98d8f5db99b337,243,0,0,0,0,0,0,0,0
00ee53c44e11ed67111bfde82bffb47e,347,0,0,0,0,0,0,0,0
13518c413bfd20965f2540cb2cd860da,44,0,0,182,0,0,0,0,0
2741d694304008077b3984112548839a,0,0,0,0,0,57,0,0,0
ba73f90009d723cc1863982baeea1902,268,0,0,0,0,0,0,0,0
f34bff85d983f343ffa54dfbfa3d64f7,0,0,272,0,0,0,0,0,0
569c10294308c03c79633b6bbdaf2b56,0,0,0,0,0,0,132,0,0
7ef9e460f829f40f6471860c4cfac5c1,0,0,0,212,0,0,0,0,0
21aecbb519534aa1d58b03492f5ba7a0,0,0,0,0,0,0,0,0,80
af9575a5519ebe344d3cca7c8f505db5,0,0,0,206,0,0,0,0,0
f08b9ea2beb32f78e3e162fe46cf1e12,0,0,163,0,0,0,0,0,0
34d151bcbcf3e6e101dc5f8b9d362ef3,111,0,0,0,0,0,0,0,0
1fe4ff4e04a0678740826aab52d8c68a,0,0,0,0,63,0,110,0,0
23b96f514bb33eefd41ae44b37805b42,0,0,0,0,0,0,123,0,0
4d3ebe42f3af9aedd5ba07f617bea16b,0,0,0,79,0,0,0,0,0
9adfa259bfca0d4413ea8a2e841902f6,63,0,0,0,0,0,0,0,0
54f6140dee6e9ae02bcc3c51b5ad60b9,0,989,0,0,0,0,0,0,0
c7b3d87c1c3499d9527b7649b48785eb,68,0,0,0,0,0,0,0,0
db61794903b11e2a0af58c4024dd0d2b,0,0,0,0,0,0,197,0,0
8311e25f669a1df97f46ab88a2fed652,0,0,0,150,0,0,0,0,0
6998cf04d6eaf919bf25627fb2ea6385,0,0,0,0,0,0,0,30,0
a3a5b34fe5d46b30ba8f1d3d7c776ca0,0,0,155,0,0,0,0,0,0
a6e6cb34bfd9ef349b5b85be1875e37f,0,0,0,0,0,0,0,0,22
955b72139887fe69addb348e26909657,0,0,0,0,0,0,135,0,0
8848cc5603eaef4a0eda337e2d7ed879,0,0,0,0,90,0,0,0,0
6388cdf3ff4c4010c9f12d6766cd8fde,0,183,0,0,0,0,0,0,0
da5cfd6fa84d0bbd10398f42ba81de91,0,0,0,0,0,0,88,0,0
f06cce97268f87515f0813278f32679d,0,0,0,0,0,0,0,275,0
6bba742c556ec04c96b0247719125a09,0,0,0,0,0,0,98,0,0
ca68f5072dd1b11f9968b45793940158,529,0,0,0,0,0,0,0,0
1815f7c40b56097941ccc7751bbf5dd0,77,0,0,0,0,0,0,0,0
cbbb661a4515e41bb22268de5bb3bb9e,439,0,0,0,0,0,0,0,0
4707dd50193fa3069014a78f2809c497,0,0,364,0,0,0,0,0,16
ae98a4ef129cba5e39d74c806b450fc3,0,0,0,0,0,0,0,0,48
b929dce5d9f1d94d9fde0b976e7b2b2f,60,0,0,0,0,0,0,0,0
84b6e257cc5260749a9abd561a599d6f,0,0,101,0,0,0,0,0,0
d08da8e8708b8187bbcc5fd71e39d7d4,100,0,0,0,0,0,0,0,0
94ab57907870540cc6d30f80a39a347a,0,0,0,263,0,0,473,0,0
06184df48bc2b2e2e1f3965f9427564f,0,0,79,0,0,0,0,0,0
ea9914d659606726f95432bd0b7ae8ce,0,0,220,0,0,0,0,0,0
5da0a606b9bebab5b174b432834cf8b7,269,0,0,0,0,0,0,0,0
03adc0ea09ffa9e2a4f79a9c8486bffe,0,774,0,0,0,0,0,0,0
25beecc917df7ae5ff3b434862d861de,0,0,0,0,0,0,81,0,0
aee6d0e0a2223208fbba9ce62626b930,0,58,0,190,0,0,0,0,0
9a8680ff9d73b5b01d16ee1a5b3d65f6,0,139,0,0,0,0,0,0,0
aaabefc4e6e6e6fd45afd5510eb87f75,243,0,0,0,0,0,0,0,0
0a514d819239c05b876f9631ea57a9a5,440,0,0,0,0,0,0,0,0
14fbc697f5d42bf739a5cb20c3e4b64e,0,0,0,212,0,0,0,0,0
a824f12c284a6e394ff9d3f7e261d55c,0,76,0,0,0,0,0,0,0
228b0716951c3aec256d73a2eaeb0a76,0,0,0,0,0,31,0,0,21
8eb88078dfc1508b9d496d2e0c4010dd,0,0,41,0,0,0,0,0,0
9f09b7d5642a02196c3c5e5843871f14,505,0,0,170,0,0,0,0,0
e7718fde06e486312d14e19d4f05321c,0,166,0,0,0,0,0,0,0
f85fafe8932549c18605680ccbc8e4b6,260,0,0,0,0,0,0,0,0
d5e870e19479190641f8a80fada1d293,0,0,0,94,0,0,0,0,0
d494cb1e9a8231c002b3f65461bac8ae,0,248,0,0,0,0,0,0,0
d46e77c888c8af38e8e376d2bdcfdf12,179,0,0,46,0,0,0,0,0
504c1fcc14cacc40d39e6744e739e72f,0,149,0,0,0,0,0,0,0
584e4d9789380474c2f3b3c4160b5bdd,0,0,0,9,0,0,0,0,0
870d270e88489e87cd30e97be859d897,0,0,0,0,0,0,0,14,0
a328e30f967521a47efdfef26cc15724,403,0,0,0,0,0,0,0,0
4eb5a4e5addaca8634f70ba6dbf3c639,0,0,0,98,0,0,0,0,0
d656bfc5d6c594e6fd24c317b8b273fa,0,138,0,0,0,0,0,0,0
5fd288b9468a45d70886e3b172e59ece,65,0,0,0,0,0,0,0,0
27f8f51234e461d4f6416293a7ac8ad9,0,0,0,0,0,0,144,0,0
105e122cf92a257b6f95534729df802b,401,0,0,0,0,0,0,0,0
93fc4cc04b3f86dfd67bee6f7e449358,0,0,0,0,32,0,0,0,0
293a22558eaeca3742096233a2c20f60,0,0,0,0,0,0,67,0,0
376d1a1242c4125ded7ae5d0cd8f4a76,0,0,196,0,0,0,0,0,0
10eb84061a67e2c57548b001d713dc63,0,0,66,0,0,0,0,0,0
5c7cfc0284c9c10ab87d3e3df8b43378,0,0,0,80,0,0,0,0,0
4ae4af5f7066ae87a3c2455a08427c51,0,0,0,0,0,10,0,0,0
672e33f9e24fd269486a1094f46cfada,201,0,0,0,0,0,0,0,0
16629f1d7d98682cf771af5d44cc06dc,56,0,0,0,0,0,0,0,0
f50f612a26d065f418d87f0686880528,0,0,0,67,0,0,0,0,0
fe5c8f4c79c5a7fcbd2b926fa162ff2d,0,0,84,0,0,0,0,0,0
5c128ec4ff2a7dcfcb3914c6211d8e3a,0,0,0,193,0,0,0,0,0
f67de1aea0708d2fb7b5af189d6c649a,0,0,0,94,0,0,0,0,0
a45f07822b87fe91430f7e929c458e1e,0,0,0,75,0,0,0,0,0
9ea34c7082c5e91b32991b155846a0c2,0,0,0,64,0,0,0,0,0
3ef390019cc5498f5aaf37e2da76ee6a,0,0,0,161,0,0,0,0,0
a6b05d0cb2d0a6ec757880ee691058db,0,0,0,0,0,0,278,0,0
e66e195fd5c2a188d290937b1341766c,0,0,114,0,0,0,0,0,0
722bca93ac718b822850db280745a499,0,70,0,0,0,0,0,0,0
45e41d800317d5db3479ccdbccdbcd48,0,0,0,234,0,0,0,0,0
0a27ce620f6f96aa909433fbc8bf5182,0,0,33,0,0,0,0,0,0
2f20484c327dddaf8c82aeb07cc67777,0,0,0,0,0,0,0,97,0
f73ae4c2fcb70d8957c283c5c69fbbdc,0,0,0,174,0,0,0,0,0
508ce33395739baf4d766a5f0cd5bf0e,0,0,0,145,0,0,0,0,0
a313da5e1016f0e0fbd7fff5939a4b75,0,0,0,151,0,0,0,0,0
b44edbfc4ac0398cd188c46457e7570d,0,0,0,0,0,0,147,54,0
ca662c69510e064646c7757d289b0cc5,0,0,62,0,0,0,0,0,0
3efa885b4b9fb9617004e8e75b0d020c,0,0,0,145,0,0,0,0,0
3abf5f7f6a79e7db77f7d8102594dea9,0,0,0,76,0,0,0,0,0
17c16acf71ae319d7c1596695bf1af4b,0,0,27,0,0,0,51,0,0
c48586143dcb3edcb8d74ba570707302,0,0,0,0,0,0,167,0,0
8684c4f1cce0d78e798d2a8bb76a8636,0,0,0,0,0,8,0,0,0
69ee17d03028b162976359eeb9071044,0,0,0,0,0,0,40,0,0
dd791e7e828209237875563abd57570e,0,0,0,75,18,0,135,0,0
b6f3dce1c351e1ba95d6c09aa4cb58ea,0,0,0,0,0,0,0,182,0
49131d360edd71cc604c20589b19c487,0,0,0,0,0,22,0,0,0
bfd27dda9c0e86650fadaba7a6447a1d,0,0,0,0,0,0,533,0,0
dc6097df31b5fed947a604a1a56177a7,0,0,0,58,36,0,0,0,85
bec6d88d6f9dd749b4b67eae392ceeca,115,0,0,0,0,0,0,0,0
33d6f263e1c98b0976a01a4db2c5708f,146,0,0,0,0,0,0,0,0
6e1714f833b0e2a2ebe49ac18c0b7c20,0,0,0,0,0,59,0,0,0
3542e7b35fafefa1b647b5eee481a18a,380,0,0,0,0,0,0,0,0
b4258dc87815e6fd80de528b8e951129,0,0,0,121,0,0,0,0,0
db405b03b7524e677e3696d7d6c0c9e9,0,0,0,0,0,0,117,69,0
218cb000791ef649d49accf997c83baf,67,0,0,0,0,0,0,0,0
b37e771a6c7a0a4087f7695c320e869a,0,0,0,0,135,0,0,0,0
ac875cb138df7501bf8824c62f135fc9,0,0,0,0,0,0,0,58,0
40606ec64354b10468f703bfc124d406,77,0,0,0,0,0,0,0,0
1cc388f09b80d012f5ee7fdcb5e0f85e,251,0,0,0,0,0,0,0,0
4a9d17e67d47f3eacf209dbdad912b3e,0,0,0,0,0,0,116,0,0
25cf20bc0d80d4cceb5d0e9891f21858,0,0,0,100,0,0,0,0,0
3e90e67a8fe216e96a6a1d59918698e7,0,0,0,57,0,0,0,0,29
2dcb3d60a2b1eb0e2ce8d0111f5a593f,326,0,0,0,0,0,0,0,0
60f682a056b7dd2ede819fc120c23824,0,0,0,0,0,0,175,0,0
147c89098aa60afdf4e76468c2bc74a9,0,0,194,0,0,0,0,0,0
e76abe9507b2e27897ba285e8272fe0b,0,0,0,0,0,0,59,0,0
845e95efaaa32187b9e5014eeab17035,0,0,0,162,0,0,0,0,0
6e2295b78de26a7c16268ef2c6164330,99,0,0,0,195,0,0,0,0
d59ceaf624bf2103c7569661e4a5c830,0,0,0,63,0,0,0,0,0
bfc24403646e452a05b20a60c857e0fb,40,0,0,0,0,0,158,0,0
cb98bc0b6713fb8717395204a399646f,74,0,0,0,0,0,0,0,0
79b75ab7089512ec9826c5b1f5d2d000,0,0,0,250,0,0,0,0,0
60d7a2659caf3fd2705e1da59059d21b,143,0,0,0,0,0,0,0,0
0a159708711c8105763078911d9331cf,0,0,11,0,0,0,0,0,0
0530cbe83e55097d8377f9e3b4c6eada,0,0,0,0,0,0,232,0,0
88e4f9f87dc3e42e9b1ba9a006045290,0,0,0,0,0,29,0,0,0
75c0fe4220a51873189430b776e7f319,177,0,152,0,0,0,0,0,0
134cbbbb0b96bf1b2690b6fb920ee163,530,0,0,0,0,0,0,0,0
0f7fbf8da9aa5f18292fe983435ae855,0,0,99,0,0,0,0,0,0
c78b41445dba2ec14d92afed0db3072c,0,0,0,0,0,0,0,6,0
4668261413b00b84223751fbaa89bc1f,0,0,0,161,0,0,0,0,0
dc11a7787524885eb1c9dd0c15e51add,277,0,0,0,0,0,0,0,0
a3169f4a5aeb22fc644074f054feeb23,0,0,0,0,0,0,0,173,0
985950a6e0aaad4ad04812a01073233a,0,38,0,0,0,0,0,0,0
7c426fac1c473161e854442d97aa6099,0,0,14,216,0,0,0,0,0
55030a56612d4d1fb3ab82bdb3fefa96,0,0,0,0,0,0,0,73,0
4818d09e215e7fca55d99c01c4366844,38,0,0,0,0,0,43,0,0
1774ca9cb9ce70801b34f88f14a4fb81,0,0,0,92,0,0,0,0,0
47e4a696faca89150919974070c2fdd1,230,0,0,0,0,0,0,0,0
c2376d7cf89b47fb0606af443c2cddf7,0,0,0,0,0,20,0,0,0
ac49b8786cdf65095fb245ada2dd101d,127,0,0,0,0,0,0,0,0
678dec5c943e29e4478fe0eeeb592b39,0,0,160,0,0,0,0,0,0
d640abbf302b6df25455df41e5c3e672,173,0,0,0,0,0,0,0,0
cc3b71eec3ed3b0900b52fd1ea7617f6,199,0,0,0,17,0,0,0,0
a34216b8c0c6ff68cc531e4182788c8a,0,0,0,0,0,0,70,0,0
608fec004e3b394c36e71778f45d06c2,0,0,0,0,0,0,0,0,47
1584c00d7c16642da0bd1db1700ba55a,324,0,0,0,0,0,0,0,0
edf6061168d29b94a5431e0f6c3dd2a3,0,0,0,0,0,158,0,0,0
8cd7aa6d3616c3968d81ca7bbce835aa,32,0,0,0,0,0,0,0,0
6e550856f21d92ffae42343b1ab4c20b,0,0,0,0,0,0,235,0,0
96c1d2a88f093c58f95c51304d25ca1d,0,0,0,0,0,30,0,0,0
8fb6c88fe47ad2f9bead5badbd10f109,90,0,0,0,0,0,0,0,0
7a19f98d829dc84b832350467106d09e,137,0,0,0,0,0,0,0,0
b9db78a6fef2899223ccb3962bd68a98,178,0,0,0,0,0,0,0,0
f7cfe77f504405a549e7fda224272a32,0,332,0,0,0,0,0,0,0
71ed5bd0ae362e06f0e756376e6e8d96,0,0,0,96,0,0,0,0,0
37c87c186facaee6a753a01d9301bc21,127,0,0,0,0,0,0,0,0
b00f6c2a9fafec67725e707eb7dfa419,0,0,0,57,0,0,0,0,0
4128bbdf4b32001ed3b65d4aa409e3c5,0,0,0,42,0,0,0,0,0
c46dadd716f80a99a23c23e1755b177c,144,0,0,0,0,0,0,0,0
65cbdf5edaab1e13bb250ef6fbb5336f,130,0,0,0,0,0,0,0,0
26c1733211f9cf22d3d497283175aaff,0,0,0,126,0,0,0,0,0
df674f96c59fb4b51ddb84e96a21c535,0,0,0,0,17,0,0,0,0
ada74e4d77301fe96608c047e842a62f,135,0,0,0,0,0,0,0,0
6cead1e61a53e748a7da7906629ffc85,207,0,0,0,0,0,0,0,0
90b0fe69efd5332a9b1c3d1320f97fc5,0,0,0,547,0,0,0,0,0
f42f4a8f90f5922605ea32d28fa5946d,0,163,0,0,0,0,0,0,0
3ea11c28cf62adef5b6a4dfd90469c7d,0,15,0,0,0,0,0,0,0
7e4d32a2e872c9d179c36f682ae8356a,0,0,0,114,0,0,0,0,0
fa816e349e3ebc0e11004765b6ffe3f5,0,0,55,0,0,0,0,0,0
fcbfd629307fe82ad44c4fead4becb10,0,0,25,0,0,0,0,0,0
b30fd1d6bcbe64b5202c1ed1500a5675,116,0,0,0,0,0,0,0,0
7f294d3a8d999c6c202280b32f2bbc16,0,0,0,0,0,0,104,0,0
1c61d7a328b93b21c6d739c258e0bc42,207,0,0,0,0,0,0,0,0
726385c7252b0b581033697fdfbc7a78,50,0,0,0,0,0,0,0,0
48a9e3f99154a822b9fd927f78de5143,0,152,0,0,0,0,0,0,0
a6125bf814fe8eca7d5d844fbeb30c5f,0,0,0,0,0,0,230,8,0
37c4eec769b6eac250ba4d9523bb9c11,90,0,0,0,0,0,0,0,0
fdbad9ae3700d04097656ca61f62e84a,0,0,91,0,0,0,0,0,0
943e661605cc86c1ae0a8bfd2f08d8a0,0,0,0,127,0,0,0,0,0
5b246c629dedb48fff8bf7cf67b021d6,0,0,42,0,0,0,0,0,0
147981f4a57bf0e83150cf27ff015b5a,0,0,0,210,0,0,0,0,0
673605d8e4c436e401afe9002fe97685,94,39,0,0,0,0,0,0,0
c46673c9ceabd2dfa1f09afbee7b7cb4,51,0,0,0,0,0,0,0,0
30479db7cd1136037c89f1958f431977,92,0,0,0,0,0,0,0,0
4551ba91db0b63d5f565873b27805214,128,0,0,0,0,0,0,0,0
6089100126b18ef48aa57e638d9a79b6,64,0,0,0,0,0,0,0,0
b09045b8e90477319adb45843d26ecbc,0,0,0,0,0,28,0,0,0
056b56977568364456b02f572fb6c972,0,279,0,0,0,0,0,0,0
65d3ea4121622ec7b337b643cc8e31a0,0,0,0,132,0,0,0,0,23
e5197c596dd8f8ce83ef9468cd4e7f8d,0,447,0,0,0,0,0,0,0
d4862e1167abe9af449f76ac042ef1fe,0,0,0,262,0,0,0,0,0
47eccca80c8870cfac4479002bb96b0e,0,50,0,0,0,0,0,0,0
f1e76064fa137c84872b7477dd13da86,0,0,212,0,0,0,0,0,0
23d4944315af253a45e4209feb458735,219,0,0,0,0,0,0,0,0
73d5d048da20fb714b0d39f1845cfb4f,0,0,246,0,0,0,0,0,0
7b76082029863aa161a6b94f64bc312f,0,0,0,0,0,0,0,88,0
12e83405b053da18ceb0e0fcc2022343,0,0,0,89,0,0,0,0,0
3e3828673f665cf2e1346aa198eaf7b0,0,0,0,0,0,0,60,0,0
65301f2ead0640facf49db1cbfaade77,36,0,0,0,0,0,0,0,0
a01c340b498606d779b3a66fa8fec2f8,0,0,0,0,84,0,0,0,0
ccf1e0eb9662c05ed3594c431938d015,0,0,79,0,0,0,0,0,0
aadae753b8111ff84ac032c809871a3b,0,0,0,0,0,0,66,0,0
225907562e982647697288d5b02bf80c,0,0,0,417,0,0,0,0,0
a66bd8bd5440af8dbd7abbcc3cd5f791,0,0,0,0,0,0,0,30,0
e0979a3fe7f61acb64ca2d8e609e5b0d,0,239,0,0,0,0,0,0,0
162f5d0b3e50f752bf00452ed59391bc,0,0,0,0,0,0,0,42,0
bf9643aa1b0e3ec0a9d42800cbc02150,0,0,0,116,0,0,0,0,0
d1d10a869f319eec12efd1bb0a568597,0,0,0,0,0,0,128,0,0
033999e66c3cf6e3a7b1cd9f237ff8c5,0,0,0,0,0,0,0,0,30
667efbbe042a4a50ee6efa21a3642368,41,0,0,0,0,0,0,0,0
d1648fded66bf6ba90f46513dc292daf,0,53,0,0,0,0,0,0,0
7079b7b968ef5c0533c70961ecbc4c7e,0,0,30,0,0,0,0,0,0
a1888fdb46cf8bdf6e99f9c017a492df,0,0,48,0,0,0,0,0,0
b5be2616a1c006dc8ae0ebd65fea775c,0,0,0,0,0,0,0,55,0
8e3c7562ed4274f75eb4601a36409d50,62,0,0,0,0,0,0,0,0
c58a3f26c36b213ae8b48a15daaf8933,0,173,0,0,0,0,0,0,0
e0904a3cbaef8ecf3061a36720890543,0,0,0,113,0,0,0,0,0
828f32fc45f6986d088808abe1977b98,0,0,116,0,0,0,0,0,0
b835a0e54f9309b33c796a5cc4591ef7,0,0,0,0,0,0,17,0,0
ab78216576ee27a9a9e9d9ee04b060ba,0,0,0,0,0,0,0,0,57
3b0dbe31e14810188e80e602e6d94c1b,0,0,0,0,39,0,0,0,0
b21f5e998dc4992f75f183cdc35a04b3,0,0,327,0,0,0,0,0,0
7aa72b05b1d75bf324ce34c9d248ddbb,0,0,0,0,0,0,258,0,0
ef14d3dac58ed3d5ed6081e1a89ce8d3,0,0,0,82,0,0,0,0,0
b2f2762932af9f3ada57d4e0a7e61aad,0,0,0,0,0,0,0,17,0
3b4ca61715570251da44a7647347dfd3,266,0,0,0,0,0,0,0,0
c3392c965d6680f392d698a051c931dc,29,0,0,0,0,0,0,0,0
d17a30ba7f17f19d4909c323935ae1b9,47,30,28,0,0,0,0,0,0
11f865cc326024610b63520e1ecbb108,0,0,0,0,9,0,0,0,0
fc1dea73834407865f9f15176252c0ce,0,0,0,78,0,0,0,0,0
0297e43d7d7c66f222a66d95bbd44f60,0,0,0,29,0,0,0,0,0
b5053d832cc87e3617a3ddf61b090219,0,0,191,0,0,0,0,0,0
575c18fd026c02136dd4c18d267e8ae2,0,0,0,0,0,18,10,0,0
bb070f6689916eb549874bea13ff24fa,0,0,0,89,0,0,0,0,0
b54f231e39ab4a9ba9186d37aa8b760a,0,0,0,195,0,0,0,0,0
68bdb1d0fbf69b6ef542df0fb0c5e318,12,0,0,0,0,0,0,0,0
219eeba323905ed4eb00f88861b60981,98,0,0,0,0,0,0,0,0
fcad4a9f8469b360d2b59fe9943f7f83,0,198,0,0,0,0,0,0,0
bcd6312bd2fcc675db38cceeb2c325ec,0,0,0,27,0,0,0,0,0
5fd8124bfb9f8b507b1fe2e0831ee6ab,0,0,0,99,0,0,0,0,0
bbe364a76d23379626f7587b765e71eb,241,0,0,0,0,0,0,0,0
3f48f0bc52bdd78fcea43bbb76f92813,0,0,0,83,0,0,0,0,0
e66e7a0291670876d1df7347e8d8509a,0,38,0,87,0,0,0,0,0
461b6aebdf456ef299ec032cafc65df7,0,0,43,0,0,0,0,0,0
c3c1527787997d004ff3bd62fc0f974d,0,0,0,16,0,0,0,0,0
4c6a1cab5e73543c77b87031ddf33ae9,0,20,0,0,0,0,0,0,0
a11c7129edc34a76da3f8ceebad3ffe1,113,0,0,0,0,0,0,0,0
8c8af46145905f197f7eb95f22c9f6b1,54,0,0,0,0,0,0,0,0
4e460a911be8e6e6745e7218716eccd3,0,148,0,0,0,0,0,0,0
26a43e531eea92e08122f28577e9b8c6,161,0,0,0,0,0,0,0,0
844aad65fcaa162d4e82fdebef6aa72a,0,0,0,0,35,0,0,0,0
efefe98e03fbd8e1d2c593f972248de4,0,0,0,298,0,0,0,0,0
029bb91f47aa95332bf7c260adb1e7b5,92,0,0,0,0,0,0,0,0
d7173ea3840eca29ea3077c0ffa645e5,0,0,0,133,0,0,0,0,0
4d21e18f19f57dcc3d047138b639896c,0,0,0,0,0,0,20,0,0
d01818561b3df2611007fc6be83bc8aa,0,0,0,7,0,0,0,0,0
3c859786104a56bdd001a9bb9f23be68,0,41,0,0,0,0,0,0,0
d713c465140e149ef8f1795108ead20c,0,0,0,282,0,0,0,0,0
63395c3987f2ed6c77114e2c49752bd1,101,0,0,0,0,0,0,0,0
859b42f36b1d61a5174fb0bacee555e6,0,0,34,0,0,0,0,0,0
250c96859092266cb408af6f0845ceea,0,0,0,0,0,0,216,0,0
69c6eafd867ee0b53e5e75085e60dbf2,0,0,0,0,0,0,0,37,0
6bc7cf22e2b29c092337c3c8093b38be,0,0,273,0,0,0,0,0,0
456b2a9fe552c971a85b355e03264034,0,0,0,0,44,0,0,0,0
6d4311281e7820bc37ff5cd0fdd6b5bd,0,0,0,265,0,0,0,0,0
ee6f11f770c4ebf6814207f7be195f77,0,0,0,103,0,0,0,0,0
fb59e23672e10f8a5ca1f3b39bc35162,0,0,0,0,0,0,0,76,0
40aa1ae10af7a9f49d5f1431afd7cf50,0,0,0,98,29,0,0,0,0
46ae1779ca0382a2ee5bd977e78b56bf,0,0,25,0,0,0,0,0,0
655024e7320b50ae24c32ba8abcf15ff,0,0,258,0,0,0,0,0,0
a8328a6936ca95cfb50528eb84fb1f68,0,0,0,0,81,0,0,0,0
77552ec815633134545b78d8ff6e57d0,0,0,0,0,0,0,0,124,0
43c1de4a990ab29e38f9f18584b8ec63,0,0,0,0,0,0,61,0,0
216148629606be5583f2372f606e655a,0,0,0,247,0,0,0,0,0
fabef259a7e1cfc61a6c9b0831f063cb,0,0,0,0,0,0,70,0,0
66f46a203d3f89ec9459cb413539ca0d,0,244,0,0,0,0,0,0,0
4bbca753a6f31ee58d6ccf6ded3a9dbe,0,0,218,0,0,0,0,0,0
8406d6be3d269113d4b9f774a04846a1,0,0,56,0,0,0,0,0,0
c9d9ebf964901a96979885cda67e082f,0,218,0,0,0,0,0,0,0
fe1e8d0ed86c430d254bcaf31c1cafdb,0,0,0,0,0,0,68,0,0
352748ee8a035d91aa1a62cb86172846,0,0,115,0,0,0,0,0,0
a9021aadfbfe0a8ea25308df6f356223,0,0,29,0,0,0,0,0,0
ff728061b4f6aff08483a2c1b4f7d514,0,228,0,0,0,0,0,0,0
c5385d4115b60bf82e1fdf526b0cac0e,0,0,0,0,0,0,227,0,0
d1f20b4883017f8b4be7aae3408cadaf,70,0,0,0,0,0,0,0,0
92cc7e5d1d9fe938b159aafbe4462a43,0,0,0,0,0,0,225,0,0
149bce84350e6e7f116f9d8b93c0793e,0,26,0,126,0,0,0,0,0
bbb11c3e141f89cffb2627872e2c39b7,0,0,0,0,0,0,115,0,0
1a064c7ff44048fda6592f3c454e166c,0,0,0,0,0,0,69,0,0
916c08799ab487e154d1322a0a00556c,0,0,0,214,0,0,0,0,0
f718d3b1c0b7124a9947e51f2949a5e8,0,0,0,0,0,0,0,0,3
e46b53fca7adc04e81eebc3a92000033,99,0,0,0,0,0,0,0,0
c5687e431f5f252ca8320f2589053b02,0,76,0,0,0,0,0,0,0
26b13c3ab48fce11438aecbddeffdc3b,0,0,0,204,0,0,0,0,0
a2385893c2859d29ff49b23c73f71022,0,0,0,203,0,0,0,0,0
16c1504cbbe1594cea62091e50f3c55e,0,0,0,0,0,0,202,0,0
65602da7cde4b7bde0ce351aa0f1236b,0,0,0,0,0,0,65,0,0
d2b4bee39ef46d8ca3718cc32521c9ef,0,48,0,0,0,0,0,0,0
193352060a1d09580681f2897183cf01,0,0,0,201,0,0,0,0,0
2a41d2b58536dae6f4a026b52282be9f,57,0,0,0,0,0,0,0,0
31eeebde0c4a9bc0657f769e0138386d,0,0,43,0,0,0,0,0,0
11182896cc55e0fa742a38f6f941ce41,0,0,0,0,8,0,48,0,0
6fcd6a2f548cd9b66a848327ac3054dc,0,0,0,0,0,0,0,27,0
31833335647e1040cce5ecb01e074836,0,0,0,0,0,0,0,79,0
99367ee70f74c742fbd6a15794f5dfd7,0,0,0,74,0,0,0,0,0
8cb828598b68ce3dbf46787c715e7b49,49,0,0,0,0,0,0,0,0
a14567107a45dfa22ec17671b7c138ee,0,0,0,19,0,0,0,0,0
f64121541a64eafd6ccdf42e4320cd14,0,130,0,0,0,0,0,0,0
059180b3d9c3f18a6989709d685cf8b4,0,0,0,0,0,0,0,0,40
426e4d24c74e46a85154e65cc0facf27,0,0,182,0,0,0,0,0,0
c80d36bddfb9adfa6308ac3f3272bf74,0,0,0,97,0,0,0,0,0
490ce31d13b1a078d1d27f7b7f1effe6,179,0,0,0,0,0,0,0,0
8e9297ae99f248f34aac78ab0e5edbac,0,0,0,179,0,0,0,0,0
7ae9f80a715366689954628b150aa262,0,0,0,178,0,0,0,0,0
fb0b28dcb90794376993e9b9cac818ae,0,0,177,0,0,0,0,0,0
e8cb203d2430f462342380da2b0ad92b,0,0,0,0,0,0,177,0,0
dd6fdd30374c6ddc6d2858eaf5c713f4,0,90,0,0,0,0,0,0,0
ca80251bf719b82357a66ccbffc1b557,0,0,0,0,0,0,0,0,18
84a4194d92f6c432ca6205a45a0ca4f3,45,0,0,0,0,0,0,0,0
01d43dda6f80c024549040558e69888a,0,0,0,38,0,0,0,0,0
ecd1ac4a5509a39fdf82ab9f25565a78,69,0,0,0,0,0,0,0,0
afe0ba2e12276388a4026cdbccc38f5e,67,0,0,0,0,0,0,0,0
38d1debc0e6837ff37670052a4a9ab15,0,24,0,0,0,0,0,0,0
05118e4ebf1f12c92f5cf940e869792f,51,0,0,0,0,0,0,0,0
18553b206344bb683cdf6c54a1e70e4f,46,0,0,0,0,0,0,0,0
3804334244358f6c16a403bf011208de,18,0,0,0,0,0,0,0,0
e9d1a95a9b68c2ce5293be087dd0083f,0,0,0,162,0,0,0,0,0
d6088c649a3d6db58128a1bb083e68fb,0,0,0,162,0,0,0,0,0
b002f9bf1302abe2d3effa77dfb973b4,0,64,0,0,0,0,0,0,0
bb4a09c146a9ec9535e95a762658d1dc,0,0,0,161,0,0,0,0,0
4cd380264650ed065d9fba2611b72aa8,0,0,0,0,49,0,0,0,0
1e6fccec7a1122d4f453404dcc876ae8,0,0,0,0,0,0,158,0,0
1bc04af63b8c9a8d536eacd746f77f6b,0,0,0,0,104,0,0,0,0
1f7a9b630ff3307eb1c9a6c0af9bacd0,0,0,0,0,0,0,109,0,0
d7e13b62f4753ba36ede93d2f78e10ed,53,0,0,0,0,0,0,0,0
c8bcb0656c5bb6b3d5edb09b372f68e0,35,0,0,0,0,0,0,0,0
be887dc86008b0e73820639c2905713c,0,0,0,0,0,0,0,0,9
eaf052803722a8d44ff93e69e9f8b03d,0,0,147,0,0,0,0,0,0
26fe51d16b00e9e13753c9ba53f7d86d,0,0,0,0,0,0,147,0,0
2f7c6badfec63a855de891d2bc074516,0,146,0,0,0,0,0,0,0
b3df0558750e8cce15682baaf885d7e4,0,0,107,0,0,0,0,0,0
17178383c5988bfd5f7ef5d902a54838,0,88,0,0,0,0,0,0,0
72339642078f46db4dfdce4779363da4,0,13,0,0,0,0,0,0,0
f00d66d41336d1728fb27d81ab60767a,0,0,0,0,0,0,144,0,0
484938ac1f5c9092eb0aed1c3f6ae988,142,0,0,0,0,0,0,0,0
f95a564c957b0df29c82e8f64dd6f9f0,0,0,142,0,0,0,0,0,0
0e4a78f1b235f1bbad913ca2da97b64f,0,0,0,142,0,0,0,0,0
98ab36c1e74a0a12b8c3bc8ac30d527e,0,0,0,0,0,0,142,0,0
b9b4590d37b1968a076d4118e4d63172,0,0,140,0,0,0,0,0,0
3f9e103f34ae81594c1dd06338457548,0,0,0,40,0,0,0,0,0
387775f8f87dd17cc74623869728001e,0,138,0,0,0,0,0,0,0
7c09d21b26e3c71bbacb5b434aea432c,0,0,0,0,0,0,0,0,17
906a6ca99111fddf3309a98cdd5946b6,0,55,0,0,0,0,0,0,0
325d2a8afad86929f917b69217226285,0,137,0,0,0,0,0,0,0
c24fe0a557721d70ef11c6ba9a4747cc,0,137,0,0,0,0,0,0,0
f747451b0489b0a8e108d03048488893,33,0,0,0,0,0,0,0,0
1c27a891eacdf4eb2a54f810d1864b36,0,0,0,0,0,86,0,0,0
6777509821df262b0e6310e4247806a9,0,0,96,0,0,0,0,0,0
fa0eb75e85588cbabbed6a273dccac45,0,0,0,0,0,0,0,0,31
48c12fd3d8c42d3f07cff7040cc124bf,0,0,0,130,0,0,0,0,0
fa801a93707af1b8397cd2c26caf0b22,0,0,0,71,0,0,0,0,0
30ba9351a59c4f35e188970e3c3689c0,0,0,0,0,0,21,0,0,0
50e5ced314678b4cce1d52eefa3acd3e,51,29,0,0,0,0,0,0,0
d1d4e594f70952cd3ec7303eeabb688d,0,0,28,0,0,0,0,0,0
1ad62d26c9b1c2df5b832df20f112625,0,0,0,0,0,0,79,0,0
a6c08b9bf5cf124449819c411bddec50,0,49,0,0,0,0,0,0,0
28cb8f4e9a79ee893a047b1d9bc1a7bf,27,0,0,0,0,0,0,0,0
c6c16a0d6706094dc98a3ff37da48619,0,0,20,0,0,0,0,0,0
4e9f2f4cafa4fcac2c5ab3cc6fe1411a,0,0,0,124,0,0,0,0,0
a702496de6d50036dce1c2e27affe5df,0,122,0,0,0,0,0,0,0
2d5e8701242f80e25f2c0c95b872f0ed,0,0,8,0,0,0,0,0,0
6edb69c5b6179c19cd5cb63b99b61a9e,0,0,0,16,0,0,0,0,0
78a402ca3b755ecd37cd2f77e897a896,0,120,0,0,0,0,0,0,0
b8bfbe0aee823b7a62e82b6cfb0142ba,0,23,42,0,0,0,0,0,0
ab16420b283f1279a67703844f9e6609,118,0,0,0,0,0,0,0,0
fb3b3159f0be14ee100bab6b0659dc1c,34,0,0,0,0,0,0,0,0
6771e0b465b4a3b7095947fbafcf798d,0,92,0,0,0,0,0,0,0
f024f9c4486a921b9324970d6b549576,0,116,0,0,0,0,0,0,0
c2bd95acb8f1ce06073c049ccae24af1,27,0,0,0,0,0,0,0,0
85c01c04be64c6d7e7366d519e520168,0,115,0,0,0,0,0,0,0
7f4427b0fad85c67384074c4960300b5,0,0,0,0,0,0,115,0,0
f464a3d02737921b51b7bbc3c6a18a9d,112,0,0,0,0,0,0,0,0
14ddbee64fb3dac2ae3d3b4701e06fc0,0,0,0,0,0,0,112,0,0
fa2398c0c0758474096a49fad91e5ef0,0,0,0,0,0,0,112,0,0
77be8920291203357be793cd0d2576ce,0,0,16,0,0,0,0,0,0
f661339763b45e6b87e8d155c04d6dd9,0,0,0,109,0,0,0,0,0
2b3a98999c3fd8b4c9996af29b7c90bc,0,0,0,0,0,0,0,109,0
b296bbfad30126f6549a8252770e416a,0,0,0,0,0,0,0,109,0
99eacf72db79d28fbf49e506edb57a2a,0,44,0,0,0,0,0,0,0
828a1c03b8f13bc44c47320ad78a8c6a,0,0,0,0,0,0,48,0,0
d00d29a748b23c326b8ccfc7087bc4f7,63,0,0,0,0,0,0,0,0
15d4c9477482fd127ad57bb09164c4fe,0,107,0,0,0,0,0,0,0
96d18d3528116b3304b4c7edf8f29e8a,0,0,0,0,0,0,0,0,19
d3f2782aee8ab3e872ac401864d738f3,0,0,0,0,0,0,93,0,0
d1ead431339dbdb4894fde144e52dea9,106,0,0,0,0,0,0,0,0
243082c35b5e3f884f45be30e8318cc0,0,106,0,0,0,0,0,0,0
4a17a07c6e536dfb60bdd4f9474ec490,0,0,0,106,0,0,0,0,0
b3b8dc86e670df5f40761eafdc89133f,0,0,104,0,0,0,0,0,0
7cd9a00b536c78338b5af84f9964fbc9,0,0,0,104,0,0,0,0,0
00b8cde25fb9ddd72e922dba493414e0,0,0,0,0,0,0,0,0,26
cda8e163ec5b765bb89b2914bd74b7dc,101,0,0,0,0,0,0,0,0
2d07cdce481225bcced157fabf5b1efd,101,0,0,0,0,0,0,0,0
d4fbdd3eae3fec062e2a7b4affe3d630,0,0,0,0,0,20,0,0,0
b53c348924259b6a7d077f3d385427dd,0,0,0,0,0,0,31,0,0
7d8010336b472d658a5e4dbfd5e5364f,0,0,0,0,0,0,46,0,0
790879dad937b2aba3571b6be320a00f,31,0,0,0,0,0,0,0,0
0927b8d61b290aa70b898f1d363dd227,0,0,0,0,0,0,0,98,0
dc4b7c26d21e5313f16866dafad0afdb,0,0,0,97,0,0,0,0,0
aad8b6a311b8c4f5b2dd2e7c6839164f,0,0,95,0,0,0,0,0,0
2c83632eaa1b63f69fdf5265d162ace0,24,0,0,0,0,0,0,0,0
ca127a1fbf6406d8cb5c49cb5148c3e8,68,0,0,0,0,0,0,0,0
78305b44a9ad1002f50ebd196b6e9223,92,0,0,0,0,0,0,0,0
e2e8cb3f5e40bad339479a617f86be59,0,0,0,30,0,0,0,0,0
b2ea6edb30bbba2b145b99da618883ff,91,0,0,0,0,0,0,0,0
013777a10c0397dd3d2126f8f4f6588f,0,0,0,20,35,0,0,0,0
0f3ea0902f7a12e3ffc3765058ce2542,0,9,0,0,0,0,0,0,0
997f34c542d32cd8a950e5a916b69d12,32,0,0,0,0,0,0,0,0
d3a905ba9aff91c5387e41acec455b3c,0,0,87,0,0,0,0,0,0
04b491dea3d4cccd79df77bbcf7b9dc9,0,0,87,0,0,0,0,0,0
9a37e4ac9b20cfa715436bfe0a95c751,0,0,0,0,52,0,0,0,0
a7c72d667b837b69e95f1f9e9dfe79f1,0,0,0,87,0,0,0,0,0
c2b4d86de6be592fc5e63e1ce28fd670,0,0,0,0,0,0,24,0,0
320e5384744a897c4b89bd90c17c9110,0,0,0,0,53,0,0,0,0
f126f0c05164d25fe70da129f70bd48e,84,0,0,0,0,0,0,0,0
a5aeb2ff4c866f921623c997ede0c185,0,84,0,0,0,0,0,0,0
5ef0cd94526e41fda9de9bb24f3fd89c,0,0,0,0,0,0,84,0,0
a516710a3b075b4a216a40399620eae4,83,0,0,0,0,0,0,0,0
b5788b3db58324e39baf2e94f8a3960a,0,83,0,0,0,0,0,0,0
9e3c9cf9ed1fc31449eabe231a2ed9e0,0,0,0,83,0,0,0,0,0
2d1cd6d448c16861cab208e079c647e3,0,82,0,0,0,0,0,0,0
2ee050da54c7fe944d36c8fc73ec5eaa,0,0,57,0,0,0,0,0,0
bed885451f9f3360b258ac0c93d18ea8,0,0,56,0,0,0,0,0,0
721aeca6bab56e1f70d25a9710ffb228,0,0,80,0,0,0,0,0,0
e411d8e7fb2e64881e7b52a5db0b083b,79,0,0,0,0,0,0,0,0
050cc5a3c18f7b6efcf22234310e38ff,0,0,78,0,0,0,0,0,0
c5aecf0536f50587cb0e197fd2a1db40,0,0,78,0,0,0,0,0,0
359725da4fe9291f52a740f2320a0645,0,0,0,0,0,0,0,0,78
722335bfb9925a307955830ef5b0649c,0,0,0,0,0,19,0,0,0
f1b5b16da304786719b7b4f45ee1793a,77,0,0,0,0,0,0,0,0
3a124864187e9bb4c7bf08887066f5c7,0,77,0,0,0,0,0,0,0
4b759bcf1d986b6bdb66ac23babca34a,0,77,0,0,0,0,0,0,0
73fc2e08e5ddde89b3275dfd21a532d2,0,76,0,0,0,0,0,0,0
f3efcbe5b4016443484e3d82ac30a738,33,0,0,0,0,0,0,0,0
9af9e608fd53fcd1a95512312be4c3f8,0,75,0,0,0,0,0,0,0
ff4eaa9d7bcde3fab3a5b5dccd27fc01,74,0,0,0,0,0,0,0,0
af2cdc41f02c05f94dc30aa377234e01,74,0,0,0,0,0,0,0,0
5f1fa8fc1bd19ab07c369708eff45e1e,0,0,74,0,0,0,0,0,0
167a01ae4c37027a708ffa187bd20655,0,0,74,0,0,0,0,0,0
4962e8deeb6aed1ea26dde22280da426,0,0,42,0,0,0,0,0,0
01213dae64e5a38cdef2ab6fc67f32ca,0,0,0,57,0,0,0,0,0
72632e977a8b580e3a5744bd120c690b,0,25,0,0,0,0,0,0,0
410266b8a634dc6d95e3b8ddd132592e,0,73,0,0,0,0,0,0,0
9614d60113e5ce3b72bffb64cb710096,0,0,0,0,73,0,0,0,0
1f835ee35b107b5b8d00a10e6697f8e7,0,0,72,0,0,0,0,0,0
5193d224ff1b394fb85c704d82839a5a,0,0,0,0,0,0,72,0,0
eb802b2a0ac454bf1e89e30601e106d9,0,0,35,0,0,0,0,0,0
abd1114c1060d7513f846e9993f8990b,71,0,0,0,0,0,0,0,0
a608961ec99a9f3b79fa5c2b786cf894,0,0,0,0,0,28,0,0,0
dd04203a7a1e7ccb55dcff6184f3b1d1,0,0,0,0,0,0,50,0,0
a8998133b4ab7b0238712926abc70e92,0,0,0,0,0,0,46,0,0
9d1a51b1bea9bfd2a0d11ec3276c5bca,0,0,0,0,0,0,0,69,0
1c330c560ae3c68b75f89812e8023eff,68,0,0,0,0,0,0,0,0
f3ccd50b1c89dae982e25c2ab4c6c003,0,0,45,0,0,0,0,0,0
b19137971af65ce51d54efebd0c09601,0,0,0,68,0,0,0,0,0
860fe3db7652bfcf1b7151f0bb7fdcd0,67,0,0,0,0,0,0,0,0
0e2a8b38026dfb54f4ba2418d41afcbc,0,0,67,0,0,0,0,0,0
a51df31eb6727df7e3acf9e1792a52bb,0,0,0,0,0,0,67,0,0
13ea7338f5ddca28ae23c51312965d32,0,0,0,0,0,0,67,0,0
82e4064cc40d64bf0c624b8e5bdb16f9,0,0,0,0,0,0,0,26,0
b5bfa6960546764896cc748b9437b2f3,0,0,0,0,0,0,0,66,0
270c741bd45c25a4a5668cbe611c46d3,0,0,0,65,0,0,0,0,0
752fd4622dbc8494cc4b8589af56b58a,64,0,0,0,0,0,0,0,0
f2cdc01ceb5097c286610d168f3a1ecb,0,0,0,0,0,0,64,0,0
2945aa1ef6d6e594fdcd46b41e9a9ad4,63,0,0,0,0,0,0,0,0
c3e53948483d60c7285e9303d34c91f7,0,0,63,0,0,0,0,0,0
68281c32a4b22b853abfdfb92564704d,0,0,0,63,0,0,0,0,0
5361d6343d2f36dd4b750c6b227e3d27,37,0,0,0,0,0,0,0,0
a8a1d980f6a8ade612777a2b47e02a23,62,0,0,0,0,0,0,0,0
5bd0c56e31735c64fe95f1d660e78f9e,0,62,0,0,0,0,0,0,0
35c9dbee66c660b9c9d0451b217e3ffe,61,0,0,0,0,0,0,0,0
a00b141bff93c98e8ee830a0e1800859,0,61,0,0,0,0,0,0,0
6aaec673d5bec4f71481b64343a00c38,0,0,61,0,0,0,0,0,0
20c79d283a8265ad542f19c0765e12c2,0,0,61,0,0,0,0,0,0
4e6f0d485efb38e6b3bf315ca7fe3481,0,0,0,0,0,0,61,0,0
db581b9c5d2ce68f159e36f87ca4c387,0,44,0,0,0,0,0,0,0
8340c2f154913977c87545cb7d857172,0,0,60,0,0,0,0,0,0
8e780942c9bf3be60449cd210d6c65a4,0,0,60,0,0,0,0,0,0
bbb58a99bf454571fa969b4343d90841,30,0,0,0,0,0,0,0,0
04113a2943fdc88d6caf2057f9e57734,0,59,0,0,0,0,0,0,0
bc18ee6d49b3ce210838ff265996f410,0,0,59,0,0,0,0,0,0
990d087e553eb96a97ba9902eafee622,0,0,0,59,0,0,0,0,0
af57db903cce3ba087ee5e29bd980718,0,0,0,0,0,0,0,59,0
70942417d13a14f3620646556d557ea8,0,0,58,0,0,0,0,0,0
46086451ac7bc527a986afdcafa551ee,0,0,58,0,0,0,0,0,0
117b155ff26d1e6dfb61fb2288aea2aa,0,0,0,58,0,0,0,0,0
04f0d573e0013dac732254d5f9eb38e4,57,0,0,0,0,0,0,0,0
386c2a397b8705590bf7b2f27b0289aa,0,57,0,0,0,0,0,0,0
a4ef99f780b9b9f72e968017250bb3ef,0,0,57,0,0,0,0,0,0
f3318922df5f9ebce989d35652f85f52,56,0,0,0,0,0,0,0,0
bc987134eca942d7e0d9c812ea28596f,0,0,0,0,0,0,56,0,0
af485a1144d8f5f7a347d22382e98287,55,0,0,0,0,0,0,0,0
6c2b836ba7e2d3fca46ac855fd64a9d4,55,0,0,0,0,0,0,0,0
22e3ab53b637288d3d69c313e605fb1c,0,0,0,0,0,0,55,0,0
60b18533d899888e9ff38ad1adcd2ba3,0,0,0,0,0,0,55,0,0
f9db889843839c2e5fb63457861d0bb3,0,0,29,0,0,0,0,0,0
c317bf2bfecb6edfd417c302affdea92,54,0,0,0,0,0,0,0,0
9c5b32ec0f53edffa189bc5195edeae2,5,0,0,0,0,0,0,0,0
088107d47be5919e9d5d371930d442e8,0,0,54,0,0,0,0,0,0
8063cb979e1035a76b1b002d9b821753,0,0,0,54,0,0,0,0,0
50b14ee90ea56852c520be8ce5d1aa80,0,0,0,0,0,0,54,0,0
d8781a1c96194aace5911624c0ce98da,0,0,0,0,0,0,0,54,0
d0bd4457474670469e066ff38a285a41,2,0,0,0,0,0,0,0,0
cb992d1e3627356e7fc2730efe710b10,0,53,0,0,0,0,0,0,0
fc9d7f1473bffec04dae851fd800bb9c,0,0,0,0,0,0,53,0,0
c23a9f04c270c775b0bac1a404d96d05,0,0,0,0,0,0,53,0,0
512d5cf7ddaf9d88b3206ea4f965713a,0,0,0,0,0,0,53,0,0
28c1c7fc6dfdca2db583f3967a8a420e,0,0,0,0,0,0,0,53,0
474948a39f543d0a02509d1f230bd07a,0,0,0,52,0,0,0,0,0
6b3a6026df0ad1563fa94c1267c001fe,0,0,0,0,0,0,34,0,0
74635980d80c7514cee9e8e7a8703891,0,0,0,26,0,0,0,0,0
302398edac426201ab26065c7ac84ada,0,51,0,0,0,0,0,0,0
672682f3062f155f570780d6e53c03c0,0,0,0,37,0,0,14,0,0
116a0614f27fc1175eb9c55d55a8885e,0,0,0,0,0,0,0,51,0
47edc61331f5f9803afa8541ff6bfe15,50,0,0,0,0,0,0,0,0
15ed92dd441b8f09f9c6fe7e548ceb11,0,16,0,0,0,0,0,0,0
95d9f3d21a4c08f2863400cf654b328a,0,0,50,0,0,0,0,0,0
8784740d61f44588275392e7950d61c2,0,0,0,50,0,0,0,0,0
350bae655d2eb8bfadf71d22f746db2f,0,0,0,0,0,0,50,0,0
fee54f02d63ea368b3c06a0d2c6129d0,0,0,0,0,0,0,50,0,0
054899b65d825f79b1e38656e3d0f26f,37,0,0,0,0,0,0,0,0
dc65d7e59eb8c403ab6da03d63fd4b19,49,0,0,0,0,0,0,0,0
db2383a4cf142c841c8a6df144faa3a8,0,0,0,0,0,49,0,0,0
030141812126bc48b29e523f6e87da76,0,0,0,0,0,49,0,0,0
035adbbe4a3e5bc7434a03e91044a1b9,0,0,0,0,0,0,49,0,0
090f867f0d08f1c4057e4273eacd5524,48,0,0,0,0,0,0,0,0
85e3833cfc0e4748b590442e96fa5557,48,0,0,0,0,0,0,0,0
b71ec67e89bf8e8d7732410705d77bf7,0,48,0,0,0,0,0,0,0
078f75e6728ce6e2e49948bebb98edf0,0,0,48,0,0,0,0,0,0
f5fab3eed76237d2191d0e5e61c3a394,47,0,0,0,0,0,0,0,0
e8e49912b6a72288f4cc0713f14f1dac,12,0,0,0,0,0,0,0,0
cf1ddc82e0bca8cd8d146c22d9af23d1,0,0,0,0,28,0,0,0,0
7f2e20c4064e047f292ac8761167a77e,0,46,0,0,0,0,0,0,0
c36bf727b4368ac9b4137ffebbcec171,0,46,0,0,0,0,0,0,0
f3390004626d3f2baba125564d695bf5,0,0,45,0,0,0,0,0,0
1e1853899edc74e72afc3e1038ae13c9,0,0,0,0,0,45,0,0,0
7cedeab13ef3bfdca304284d43dd0ec8,0,0,0,0,0,0,45,0,0
6a58d74917e845df526587d579725263,44,0,0,0,0,0,0,0,0
dc2917f68439e7717f5bf3827692dfb0,44,0,0,0,0,0,0,0,0
3d19e967725f61abe6534956d55f5a61,43,0,0,0,0,0,0,0,0
5ad3c5b4a4c74773ceca7b5418c03ade,0,43,0,0,0,0,0,0,0
fb257aff1a17799d041fb6470d5129d9,0,0,43,0,0,0,0,0,0
84b8eb9339b513e6d9bc503d4f066989,0,0,0,0,0,0,22,0,0
53df74cb22dbb51a0891f934bbe4427d,42,0,0,0,0,0,0,0,0
645e18ba4abd8c058fba5ec91ed4b5b8,42,0,0,0,0,0,0,0,0
fccbac8c13ab6df85b0382bb009ea1fd,0,0,0,25,0,0,0,0,0
96e506e11c08c4ee976291658864416d,0,0,0,0,42,0,0,0,0
12449fc110011990a805e4eefa0e04e6,0,0,0,0,0,0,0,42,0
65c8d4bc9e8d3ea8bbd626398e5876ba,41,0,0,0,0,0,0,0,0
a1a5fef78e0e97e9e31f8fbd21c5964b,0,41,0,0,0,0,0,0,0
d24159c90e2f27d80cf8e4764f570438,0,0,41,0,0,0,0,0,0
d911a83453a3e9f39b64aa04970f78b2,0,0,41,0,0,0,0,0,0
092aa1c56c665b56bc2b5865f4b617da,0,0,0,0,41,0,0,0,0
8db7cf67d3a300a24a8585267bc2e6ef,0,0,0,0,0,0,41,0,0
fcd455ed0b9aa20ee6b0bda5e29158dd,0,40,0,0,0,0,0,0,0
491d4cfc414d50c3912b16292a2c5525,0,40,0,0,0,0,0,0,0
c466c1983bbbf48dba50fbde8b97e035,0,40,0,0,0,0,0,0,0
a545383f861cd34be5280120edb1c809,0,0,0,40,0,0,0,0,0
82af99fd7c0493a944ee582dc09ed9bf,39,0,0,0,0,0,0,0,0
6e1462dc958d479bd63b4b29c4c3ce41,0,39,0,0,0,0,0,0,0
b3c63e93fa089ae44d2f1f9740fea1b1,0,0,39,0,0,0,0,0,0
a8f35dc8c47875b5583ca459cfdbdb37,0,0,0,39,0,0,0,0,0
f9246270ee161277d8dd0708571f6a7e,0,0,0,39,0,0,0,0,0
cba90fa9cd64b4546a480dafa5c96d00,0,0,0,17,0,0,0,0,0
c9627d2d1b1e6f096cc8699878148473,38,0,0,0,0,0,0,0,0
2df361b8b3c1ccdf1b90b07321e0826a,0,38,0,0,0,0,0,0,0
4375510be97cd7dcce8379f8f215b95b,0,0,38,0,0,0,0,0,0
618d358b6fac046e46073f5698d7db75,0,0,38,0,0,0,0,0,0
09711d6a15ba003be6ec2720c8d60d2b,0,0,0,0,0,0,17,0,0
ca7c2cd0c2f9779c0eeb94e278d40575,0,0,0,0,0,0,38,0,0
441bb850b31d4bbfccb7c2c66d3f6fb4,0,0,37,0,0,0,0,0,0
bf1d83e2cfb081e8bdd7c63373e8d853,0,0,37,0,0,0,0,0,0
02dff09b54761f906831d9c070b02d5f,36,0,0,0,0,0,0,0,0
28d00b7301b32fb7e78454193aa5b2cf,0,36,0,0,0,0,0,0,0
d1e3f6d1bb7a5b8a9bd0bfd7ed3bbdc1,0,36,0,0,0,0,0,0,0
091c9743b8d8db526d92e7a377c4e78c,0,0,15,0,0,0,0,0,0
961beab7112efc6705eeb7eb832387d0,0,0,36,0,0,0,0,0,0
8783f0fdbf85de4f5fe707e5c51b1310,0,0,0,36,0,0,0,0,0
1e20293850becdc8ca1f2414fcb9b5a5,0,35,0,0,0,0,0,0,0
f7d520564a825ff157e2045f8af81c19,0,0,35,0,0,0,0,0,0
8f1d93efbd9a85114d98cae0ce343549,0,0,35,0,0,0,0,0,0
6dfc78b08e354697d19c5059c99a1268,0,0,35,0,0,0,0,0,0
687e115ac8ef5e487e73accc21c235c7,0,0,0,0,0,0,35,0,0
8c9e18f15646623b1418f9c63308381c,0,0,0,0,0,0,0,35,0
58cf0f0b6c6b1ffc93a79799d42c52ed,0,0,0,0,0,0,0,35,0
6d88c795e6a68bf3f031a6cbce8e3273,0,0,34,0,0,0,0,0,0
366c41a54407c3a63aa4f1058a418402,0,0,34,0,0,0,0,0,0
a821e519a8e7072cb2fa0510a24a33d1,0,0,0,34,0,0,0,0,0
bc1ce2c37af4e0cb9fd32c9b105c82ba,33,0,0,0,0,0,0,0,0
9370edbfeef3f7094ee94b65248f43ee,0,33,0,0,0,0,0,0,0
d0ddea443722039d2be681c5252fe413,0,33,0,0,0,0,0,0,0
2efaac7cba793604c5b39fd0469b08e6,0,0,0,0,0,33,0,0,0
26a976449194281938f051d8f1db4295,0,0,0,0,0,0,18,0,0
167f7c06ff79f21f7c47ff7ee13f510e,0,0,0,0,0,0,33,0,0
13aa945225ad75e8b7caa6f38b27bf56,32,0,0,0,0,0,0,0,0
44883b3b5c22517c781680e904ef7d70,0,32,0,0,0,0,0,0,0
d6d7a63fc8cdb29baf559c55b20edec4,0,0,32,0,0,0,0,0,0
d7d03bd6c818a01aaa1c6e53f58c205f,31,0,0,0,0,0,0,0,0
f7c5caedb147a1c413b87d347adb7934,31,0,0,0,0,0,0,0,0
9313e06aee8dc034d4602811857cd254,0,31,0,0,0,0,0,0,0
5cf9c14c73f94b2473530218d8ed7682,0,0,31,0,0,0,0,0,0
bb25162bde202185294cf17e55d76988,0,0,31,0,0,0,0,0,0
ca4e2d4da8bcd0afbf5ba7f796c6f08a,0,0,0,0,0,0,31,0,0
40f55d16b935d6c4a0a8b10e9f38ba83,30,0,0,0,0,0,0,0,0
67b739a73b37b72b3cedb4bf58497217,30,0,0,0,0,0,0,0,0
592d88d683d054251dc052ec10b0271a,0,30,0,0,0,0,0,0,0
5ff903293241b8c1ec97df80e0bfba7e,0,30,0,0,0,0,0,0,0
f10e1985c63e03daca115997cef4485f,0,30,0,0,0,0,0,0,0
cdc06376d9cab4026ad44aae684f7806,0,30,0,0,0,0,0,0,0
c452d5d2ea9446f326ffdb5b1f467e75,0,0,0,30,0,0,0,0,0
7e0796680018adec1ead65206ee1e889,0,0,0,0,0,0,0,30,0
29de85e9973540d4243cf8f7abc20668,0,29,0,0,0,0,0,0,0
6fb8a56a71de7122d111075847bf42d0,0,0,29,0,0,0,0,0,0
4f8c38af43a69c72ce4ec8d872546133,0,0,29,0,0,0,0,0,0
55121b1e00ce0d6eed54bbe585e581a3,0,0,0,29,0,0,0,0,0
615ef1958b7722fbace09df3aff3e626,0,0,0,0,0,0,0,29,0
1ee3822621534fc8f3bf667901d4638c,0,0,0,0,0,0,0,29,0
d0499105355a5494c193f22e1e16239e,0,28,0,0,0,0,0,0,0
726cb6d3a846e36a66bc31835f3a3e8c,0,28,0,0,0,0,0,0,0
e8d8395fd6a17e0dd9c1f8a88c41aabb,0,28,0,0,0,0,0,0,0
f652451284d4f0ddaf59ca816b104335,0,0,0,0,0,0,28,0,0
d60d76b62ff6d481ba3e69c2de6b4df1,27,0,0,0,0,0,0,0,0
9022f1abb07bdafa4342b5d1a94b7c80,0,27,0,0,0,0,0,0,0
4b2c8cc40ae75f4fa8d6944de42b555e,0,27,0,0,0,0,0,0,0
3f8562d000be421df5e5aa3a8fe8b944,0,0,27,0,0,0,0,0,0
ae08529aad99b7bb98d58b2a8b8441f3,0,0,27,0,0,0,0,0,0
db97421e3f94886534a4260296ea4ff7,0,0,0,27,0,0,0,0,0
235123f288b3a4ec34e61d987b8c0a03,0,0,0,27,0,0,0,0,0
22da4bbe714bd0d95753eb549a3a7cfb,0,0,0,0,27,0,0,0,0
84ea7f68047abf11ced315d7574f2bc7,0,0,0,0,0,0,27,0,0
e248f22454c5cb3dbfb04f86c9ed1d84,0,26,0,0,0,0,0,0,0
d95acc77e98f55a52527cdc81c70b38e,0,26,0,0,0,0,0,0,0
3170c54bdb435d08b4b242b7aa61e61b,0,0,26,0,0,0,0,0,0
0d007bb7a163b40349ca99832df91164,0,0,26,0,0,0,0,0,0
387cd7a0d19b6ded3e7dbdbba267b46f,0,0,26,0,0,0,0,0,0
c436e7e0737fdbb4dc29f39184cf5ab5,25,0,0,0,0,0,0,0,0
4488843ee5defe88ece821588e012ee4,25,0,0,0,0,0,0,0,0
8eebf32702d41f2c7d68bcf0212421d4,0,25,0,0,0,0,0,0,0
7c46fb7133bd1533eaa737c0fa66cdc3,0,25,0,0,0,0,0,0,0
1a1b0d7505275da2ab84a9955adfea65,0,0,0,25,0,0,0,0,0
f15c11b98da300251c11615e1369f980,0,0,0,0,0,0,25,0,0
02429ff0fa18fd3d2ddf1b0ebb80a2dd,0,0,0,0,0,0,25,0,0
f03532db750868eeac0a021d3f27f23e,0,0,0,0,0,0,25,0,0
d954efc08ce19dd04a7a6e3c49d05129,24,0,0,0,0,0,0,0,0
3650700cc5cf5f68b54aa683f20e1a88,0,0,24,0,0,0,0,0,0
81c8c7e26d2c44f091936fdd83254eda,0,0,24,0,0,0,0,0,0
2c65f9846b5e39fc5b5df1dbd0f99f85,0,0,24,0,0,0,0,0,0
25a80cfd66b1ba9603441f258c225e02,0,0,0,24,0,0,0,0,0
d0c6456a352c218820b01f46a4f0095d,0,0,0,24,0,0,0,0,0
84187569d1f652ef18b3232c68ea88a8,0,0,0,0,0,15,0,0,0
3e897aa45abc8d7bd372f97137cec0ea,0,0,0,0,24,0,0,0,0
16b798d487ebb136ff279268bbcd8f9a,5,0,0,0,0,0,0,0,0
10b4a5b9ed81a11b2bbe5c40bb3437c6,10,0,0,0,0,0,0,0,0
d345d0fa072db486433c92d3b0fa5643,23,0,0,0,0,0,0,0,0
9544f2689e6986a51e0cd9441f8c5f47,0,23,0,0,0,0,0,0,0
d52cb643eebae5634690620be2ff1e95,0,23,0,0,0,0,0,0,0
476b9c782994b9279010cb3f1dffe426,0,0,23,0,0,0,0,0,0
255e826bc63b8ef4b8f2b52fa6de927d,0,0,0,23,0,0,0,0,0
e39ba01d4979532d5c4a6f204d5f88c2,0,0,0,0,23,0,0,0,0
d78449280f8fb65dc79b5e9a6784b47b,0,0,0,0,0,0,23,0,0
1ede38da8d45dcd3409f1a98e4abbc02,0,0,0,0,0,0,23,0,0
4e9fac10acf57931a3aedef26d024caa,0,0,0,0,0,0,23,0,0
ca5c523bb4937141fa39d1806aaa7a36,22,0,0,0,0,0,0,0,0
210639de80ef3c9f9df744da2218fe97,0,22,0,0,0,0,0,0,0
915ca3d9a2c7bd44253968b9623db84e,0,22,0,0,0,0,0,0,0
a0941fefeefcc51ad56b643b5f9012c7,0,0,0,22,0,0,0,0,0
ed22cd6d0051c577a45390648c075c1d,0,0,0,0,0,0,22,0,0
d2d99905cda6d16c4c3a856aec3e5721,0,0,0,0,0,0,22,0,0
c950118c920bcdf31213cdf3b2aeb8f1,0,0,0,0,0,0,0,22,0
667ad25a0fe2573b263dc8817697c3ad,12,0,0,0,0,0,0,0,0
417939e74c259a80a689943587545690,21,0,0,0,0,0,0,0,0
3606580e16dfa4e952fb0e1af6679ab4,7,0,0,0,0,0,0,0,0
37482d37057fdb4b2c4098ffa5965aa8,0,0,6,0,0,0,0,0,0
cf3d58c3c33063fe347d3d6918854630,0,0,0,0,0,21,0,0,0
0f845d4d8a296c07f37c9cbd05c694a4,0,0,0,0,0,0,21,0,0
c28f2f165d9bde74a0065df9abe397b2,0,0,0,0,0,0,0,0,21
0bfb7f96099697fed69cf1b3108ae84f,0,0,0,20,0,0,0,0,0
26f5435d45baf6153f6015367100fbd7,0,0,0,0,0,20,0,0,0
f3861e4188c88b51af38bd93ec492fb6,0,0,0,0,0,0,20,0,0
dca163f383323610b423c89ebeefd781,0,0,0,0,0,0,0,20,0
e00d2ab49188a5499f2bb8ea76fb153d,19,0,0,0,0,0,0,0,0
e5c84255e287f1b1e8c998983ffd9420,19,0,0,0,0,0,0,0,0
843db3b19f8f6efb5bfda3fba8a42358,0,19,0,0,0,0,0,0,0
9fbc022d11b025774dabb6b6d05c37dd,0,0,19,0,0,0,0,0,0
fdc25a0f35b394c886c260e497685aa4,0,0,19,0,0,0,0,0,0
19a5781e9b69b94d7fa53fa92071040e,0,0,0,19,0,0,0,0,0
be5338b9be7fa86ed92adc746985d39a,0,0,0,19,0,0,0,0,0
35e71127bc5022457d81d301fb9c503c,0,0,0,0,0,19,0,0,0
28d359cc5f9f3db4d7696cfb9b19d657,0,0,0,0,0,0,19,0,0
fcc42285ac9ad62c23683fef68fd2313,0,0,0,0,0,0,0,19,0
6c3fe71555932a6cb67fce54a5a59d44,18,0,0,0,0,0,0,0,0
c2e8cbe1a2d06dfdd9956e2fdf5ebd7b,18,0,0,0,0,0,0,0,0
f6d5bf0509e97e38f9004545223017cb,0,18,0,0,0,0,0,0,0
6c58f292c8038271fecf60e375b40a1e,0,0,18,0,0,0,0,0,0
db85d1f8a0f363bce8669e78b5ed3323,0,0,18,0,0,0,0,0,0
8f75e0c41b9384355dfeffc2c1d7e0b2,0,0,0,18,0,0,0,0,0
42bb409c52ccacb6e785e71065d044bc,0,0,0,18,0,0,0,0,0
07dbc2c18ec22debb34fc50c5bca8431,0,0,0,18,0,0,0,0,0
fbfeb61a7d549de1684576373f5f998e,0,0,0,0,18,0,0,0,0
24f8c52ebabe570368327702eb96981d,0,0,0,0,0,18,0,0,0
13a1b1154c25a06b557a72bf9c059b8c,17,0,0,0,0,0,0,0,0
146a12b79fd8efa9f4cdc964baa3537d,17,0,0,0,0,0,0,0,0
427a3bf6ebd1d455cc29c61ae2d70339,0,17,0,0,0,0,0,0,0
02cdf544d3c13148168e4834147e49da,0,17,0,0,0,0,0,0,0
08714d2c12cbc46aeb1bf4514daf91c3,0,17,0,0,0,0,0,0,0
bc8867f82f36335ccbd3c64eba61ed54,0,17,0,0,0,0,0,0,0
7b3434fbf8c90f040defbb450112792b,0,17,0,0,0,0,0,0,0
26c9dff68760f49cc69f32cd070dc99a,0,0,17,0,0,0,0,0,0
8264c839b713887831a7f49c29f1c652,0,0,17,0,0,0,0,0,0
ced5e71c5759683a1d37848ba3bed329,0,0,17,0,0,0,0,0,0
7fff6b7da5933fd3c8146e3b7bf491e4,0,0,17,0,0,0,0,0,0
b9bd6d13a13d7751e4506dcaa538d710,0,0,17,0,0,0,0,0,0
4b1a212f6768e8061fc693fc4fd16b19,0,0,0,0,0,0,17,0,0
3d355f83b9cd39db27b9db5385347801,0,0,0,0,0,0,0,17,0
29ae98b1041cbf34a721eb7bedf80e0a,16,0,0,0,0,0,0,0,0
ab340b33bbe4cfea78853850035c5968,16,0,0,0,0,0,0,0,0
b5b4233d7c455175757ecc3a10db6716,0,16,0,0,0,0,0,0,0
f3211480052bfa3d3cd27b08ba008891,0,16,0,0,0,0,0,0,0
46a369f5fa0e5d78d235e956b35caeee,0,16,0,0,0,0,0,0,0
ef9225cd70c3297c62fe03013733f5a0,0,0,16,0,0,0,0,0,0
e6eaf7c37443dfa7a48f3ee5aab63ab4,0,0,16,0,0,0,0,0,0
c4231518ec30e470f8f4f1237915884c,0,0,16,0,0,0,0,0,0
c87dca333a8ace06d2f4574d2d7d038f,0,0,0,16,0,0,0,0,0
b11e1daadca47ea3ec7df931ea2501f2,0,0,0,0,0,16,0,0,0
23ea8e7a1acf4d06e1cefbf74b24ab21,0,0,0,0,0,0,16,0,0
c4f250ca19a4c20d8638c27ee1040127,0,0,0,0,0,0,16,0,0
a7f4f8c820dc8d9e14dfc4aa1663d16d,0,0,0,0,0,0,16,0,0
1a606db25acbf9ab884c845f5cfae098,0,0,0,0,0,0,0,16,0
d1d7e656f955e3c1e19593c9b92588ff,0,0,15,0,0,0,0,0,0
cd042815ad5371c6720c45568a5b0455,0,0,15,0,0,0,0,0,0
f051b4437253937649877af2050fd2fb,0,0,15,0,0,0,0,0,0
7f4f342b453c3f4dd1cde581298c5f82,0,0,15,0,0,0,0,0,0
5c0074ba304366eecb5cd161102bca72,0,0,15,0,0,0,0,0,0
9383f461cf7830293fc7738491563f77,0,0,0,15,0,0,0,0,0
45077665db2f729ff73669abfe8262ae,0,0,0,15,0,0,0,0,0
62cc8ac980cd72d46b412e9e7609da4a,0,0,0,0,15,0,0,0,0
8bf8f209daa1b3fb27cae952578cd04d,0,0,0,0,0,15,0,0,0
fb9be3cbb3d2f07a9442e79c23258ad9,0,0,0,0,0,0,15,0,0
9a75ff539e87ff825c101e053dffe1a4,0,0,0,0,0,0,0,15,0
52ff743e318111803da9689ca7259962,0,0,0,0,0,0,0,15,0
b2041478a8490ba3c5c73114d2c67f8a,0,14,0,0,0,0,0,0,0
de8a564f037c62049799f279affabf37,0,0,14,0,0,0,0,0,0
1c2e8324386e1b69c1cda42e570c8044,0,0,14,0,0,0,0,0,0
c922737e797d9e95ec8e69d0fd2583e7,0,0,14,0,0,0,0,0,0
b728f5a6c976d0a229c513f4ce7879cc,0,0,0,14,0,0,0,0,0
64f0f941bfc5a71ad2d14bca43f5d38f,0,0,0,14,0,0,0,0,0
2c163fac62cf6abfc5415fb41a0f5afa,0,0,0,14,0,0,0,0,0
5ba5a11ee7db1400eeb19e9180930e4d,13,0,0,0,0,0,0,0,0
6285af9aa1541d6bb300a1aa3350675f,0,13,0,0,0,0,0,0,0
ac760d5a29119771c6560e0ad9f7585b,0,13,0,0,0,0,0,0,0
914572813085eec95550dde5a8872a6d,0,13,0,0,0,0,0,0,0
05a7b65ec2ebd8eb834b5e3925c4bb09,0,0,13,0,0,0,0,0,0
7a4b55f8f58dff82efbc0f4754f3fe80,0,0,13,0,0,0,0,0,0
40f8430e63eb9ccb2f258515d5dd7ba5,0,0,0,13,0,0,0,0,0
7cfe9c547e0757a0d73d8b4912dcd4dc,0,0,0,0,0,0,13,0,0
68c7dbcc3c22c31fabc52089c1cf4b0c,12,0,0,0,0,0,0,0,0
4da054ab788dcba7f32548b01bbd174e,12,0,0,0,0,0,0,0,0
6fc4c3edbeb1b7e65b26cc9f9ddea794,0,12,0,0,0,0,0,0,0
bd739d1e31368384ac8437b777bbe835,0,0,12,0,0,0,0,0,0
5c6332e7935c54af3ab1afe000510f39,0,0,0,12,0,0,0,0,0
0198b331b5adc210f2f2920f67cca08c,0,0,0,0,0,0,12,0,0
8530e14a8e5bacfb0357b4a80cec8618,0,0,0,0,0,0,12,0,0
27206c62685c317e51e79f83354cf2df,11,0,0,0,0,0,0,0,0
8471c3aac69ddcbcad9e31068a790977,11,0,0,0,0,0,0,0,0
975e69feeeb2457251cd682d942fde2f,0,11,0,0,0,0,0,0,0
3efdb0c8ddc47193947bb804060e4583,0,11,0,0,0,0,0,0,0
73876e2cf934ee0d319f98dcdd783fb6,0,11,0,0,0,0,0,0,0
70957ad0fdae0892216a3e15fa241c47,0,0,0,0,11,0,0,0,0
5508b55c880900e68e82e4271c1b77c0,0,0,0,0,0,11,0,0,0
cd083955aab4efc48f55db72870b9146,0,0,0,0,0,0,11,0,0
c91ec9e0ad72def2d26c9ed9b7d70ebf,0,0,0,0,0,0,0,11,0
d5d84747c9f2b2980a6004271c72f462,0,0,0,0,0,0,0,11,0
4373fdc13f071b8d58056f7b7749ff34,0,0,0,0,0,0,0,11,0
3b19f2e1a2670458498e10f3137fe7dd,0,10,0,0,0,0,0,0,0
4aa4cd658e208efae4a8cd5380643b98,0,10,0,0,0,0,0,0,0
1e33239d90c9ed4714314a9ef01abc37,0,10,0,0,0,0,0,0,0
882c0ef68658751ca433aa22398ee454,0,10,0,0,0,0,0,0,0
cf1be37df26abb7aed80c4e0ef12fceb,0,10,0,0,0,0,0,0,0
3da17fe277375241227c6bae7a3135fe,0,0,10,0,0,0,0,0,0
b0ee090d17c4b06fa4b8efdd68b699cb,0,0,10,0,0,0,0,0,0
ff7aaa9a89a9a46510a1983e814e2b7e,0,0,0,0,0,0,10,0,0
949603da5569dd34467f8013b30d845f,0,0,0,0,0,0,10,0,0
991e7585ef0572cd9e04114890f59fcf,9,0,0,0,0,0,0,0,0
4acb46cc96154e3818b14be05375c42f,0,0,9,0,0,0,0,0,0
4845c94a82d80fa2f61a008da751b517,0,0,9,0,0,0,0,0,0
8d6946d8f369cdf0e7134139dd9aeb48,0,0,0,9,0,0,0,0,0
2f5f0500132bbd303cb2f4fedc1a8636,0,0,0,9,0,0,0,0,0
325c6839ed3ce1ce956b230c28a9a42a,0,0,0,9,0,0,0,0,0
f94c6e3b02a0e705d0317b73cf7f35d2,0,0,0,0,9,0,0,0,0
3c03a01f87ead43346222a3fcec11a29,0,0,0,0,0,0,9,0,0
8daa0a65cdcb6543a1a1fd7b01cba667,0,0,0,0,0,0,9,0,0
0d8157120f96e98f24c9aeaf76ea8234,8,0,0,0,0,0,0,0,0
bee3ac7ac06ce596d0b5082f320b574d,0,0,8,0,0,0,0,0,0
9bd4020ff3074f4db757a68ccf968b83,0,0,8,0,0,0,0,0,0
55eb53e38bcfa8e17bcd42f5a9cca025,0,0,8,0,0,0,0,0,0
06817190be264605ac9d10b9e3b8e3ba,0,0,0,8,0,0,0,0,0
6250dafa08ac80c2d6432a7aa8718ab3,0,0,0,8,0,0,0,0,0
7e51e8fe13e7a694f7ca561141596226,0,0,0,0,8,0,0,0,0
cc4a1ce82db353100032f1a25f569f32,0,0,0,0,0,8,0,0,0
4c8e49f8f1cd19fb52e11db4dc47228c,0,0,0,0,0,8,0,0,0
084dc63b967405f569d9d56cc76844d2,0,0,0,0,0,0,8,0,0
d8afc0f55372c63d5f4daa57988d0f02,0,0,0,0,0,0,8,0,0
0891921fcd0ef824ee05e9cba587d200,7,0,0,0,0,0,0,0,0
f426d1461652f674bdc1d4f180641535,7,0,0,0,0,0,0,0,0
b45d387ad9b5b9b2158a8145fb6a52b5,0,0,7,0,0,0,0,0,0
0f7909fd6630209e91592af29d06dc4a,0,0,7,0,0,0,0,0,0
f5286166a57c5d52b62faec75682bbd8,0,0,0,0,7,0,0,0,0
ed65dcedaa6f99b665b47e2277f5c321,6,0,0,0,0,0,0,0,0
97917815a00f376298ba54d9978d8a98,0,6,0,0,0,0,0,0,0
ce46a324b99a6c23d51a5506706e7fd7,0,0,0,6,0,0,0,0,0
52f07a584527b32adb25c9db0faef332,5,0,0,0,0,0,0,0,0
3812eb5745aa3dfacd0a4f69369d1ac8,5,0,0,0,0,0,0,0,0
54f0ec6b0a20c6a811051f6d442becd5,0,5,0,0,0,0,0,0,0
cda0a814a629369cb54fc83ccb6531ed,0,0,5,0,0,0,0,0,0
faedf3236d36784688db3cd2b645ac2b,0,0,0,5,0,0,0,0,0
a4695c51ddc4c8077deebb7f2b5c3be9,0,0,0,0,5,0,0,0,0
8cc70842bdd18ea759a49c4e47867f98,4,0,0,0,0,0,0,0,0
0d42534e19f21a34b76c273c57bc0112,0,0,0,4,0,0,0,0,0
eb6365231f0153331c4f28b0f3797fb3,0,0,0,0,0,4,0,0,0
0f59e3589632e96c3e3be75178953677,0,0,0,0,0,0,0,4,0
97ed95928f1d15f3e7984caf1f814d84,0,0,0,0,0,0,0,4,0
07aaf77f0241676b4cc6c7c4356e4523,3,0,0,0,0,0,0,0,0
2a84a41a3ed89d407f1a1a4fb0a062e7,0,0,2,0,0,0,0,0,0
da2c11ebf73dd5c52bffb76f9e4c204c,0,0,2,0,0,0,0,0,0