OTUI,006W2,012W2,014W2,015W2,016W2,017W2,018W2,103W2,104W2,105W2,107W2,108W2,109W2
461e88572c8531337fca53eec668f6af,760,1210,2031,89,759,694,246,250,1535,811,2773,2826,1655
4097a388df74933fcfcfccf035b999dc,492,1192,1632,73,555,468,385,0,985,370,1825,1927,1301
b41203c39cb61b9cad701eae576c7a1f,408,1314,1679,90,412,343,312,0,887,204,1555,865,847
b5b0a1eaf94f7c48cca227b748b1036d,1409,0,256,75,980,0,0,388,179,316,160,156,245
9992356b67d588dcfae3705dff08cab0,432,1114,1207,72,348,202,117,0,759,310,1330,967,582
63dc415afa46898d8f95e86cacdc2959,261,1551,1127,71,184,151,143,0,458,131,937,416,326
0785e6aa088438bcb540dff46140d8dc,305,1228,1080,79,270,137,151,0,510,149,897,738,473
7959d6c6e725d05ab35dc33940d086e6,200,685,1081,60,618,316,189,0,773,294,721,1020,863
4785ca0d6be9ce6b756299fdb9cbd446,262,582,966,52,665,182,128,0,974,515,736,1320,967
094f65a2e1dc6dc372adb7d92578960a,779,196,0,0,670,0,0,285,0,0,0,209,0
3bbe760934382858060797fe375bfae9,205,580,943,106,678,206,156,0,679,226,643,883,864
d1bf5cbb64f8143d138fceda9490ca0b,140,807,1036,66,305,196,146,0,382,83,358,645,466
5fefd58eff69972a90d5e8028ba79fa1,734,0,0,0,537,73,103,254,0,0,0,0,0
298ecc6af776bb7edff402ad29dcba9f,168,700,923,0,371,223,113,0,485,139,437,569,465
061f96f0edf66dc86ed5fdc108beb5bd,345,0,0,0,707,0,0,264,0,0,0,0,0
1a51394e215894d87a1cd321fc8556a1,719,0,0,0,464,0,0,190,0,0,0,0,0
0c0223d88228e470fd1520acdb55adad,431,0,0,0,794,0,0,231,0,0,0,82,0
122abc1a0801399ae12837ae3f7ad8e4,318,0,0,0,765,0,0,190,0,0,0,0,81
9bd57ec9560f1d1e419889a2c6ed0597,284,0,114,0,558,0,0,242,0,0,0,0,0
9ed12ad9eb23953f49fa4112d8487ba1,422,0,0,0,267,0,0,155,0,0,0,0,0
2990a0b19ee737c3819b09eab3854f41,433,0,0,0,244,0,0,96,0,0,0,0,0
85d3fce12aaa2b050781ed410765568a,133,0,0,0,0,0,0,0,0,0,77,0,1434
9bf4bfd490198dfcaf6f33c9ac7bd23d,246,0,0,0,452,0,0,133,0,0,0,0,0
e3df63291734eff5d4e84915c9433425,701,0,0,206,998,0,0,75,166,15,332,297,0
b790cecad3d91a6a103b4287cd42e02e,0,0,0,0,122,0,0,0,78,0,0,84,1260
11726ed62c9b4eb40ca0c8e9c38a90d6,0,0,105,0,0,0,0,21,0,0,0,0,806
b8bfe583dafe3e4d9fece27d5563a8af,268,0,130,0,159,0,0,0,0,0,0,96,0
3e212ec59d2a26034a9461b3be2dfef9,338,0,0,0,176,0,0,0,16,64,119,0,0
3824b3f159f036f4358a344e9c0f382f,434,0,271,0,763,0,0,0,0,0,191,0,0
d374682147173515630598e0e483924e,0,0,0,0,0,0,0,0,0,0,0,0,887
0bcb53855af97159c395aeb88833dcba,0,0,0,0,0,0,0,0,0,0,0,0,528
21c57ad5c5ec7c24404d687accc2c620,349,0,0,0,0,0,0,111,259,0,0,0,0
8f49c09144667b6ffe7b00ef3c32b3aa,163,48,0,36,301,0,0,0,22,0,0,0,48
9a58a85ddf3248935651994771815066,0,0,0,0,0,0,0,0,0,0,0,0,947
73ce0f30b3de6fc46137e1732137695e,344,0,0,0,503,0,0,0,0,0,76,0,0
7dca7af5849f88ad4c6a7b28816dcb9a,0,0,0,0,0,0,0,0,0,0,0,0,511
ef8117495584b56d93548abadbd6cd95,0,0,0,0,0,0,0,0,0,23,0,0,874
d7bd96a9eac19c340eb5b474627a71be,0,0,0,0,0,0,0,0,0,0,0,0,302
39d16bf5914bdb10e3e5a757a1218128,272,0,0,0,113,0,0,0,0,0,0,0,0
f285706d7b44425572a63b08341f920b,218,0,0,0,119,0,0,0,0,0,0,0,0
731b960f23d3504535554eccba9f97f2,0,0,0,0,0,0,0,0,0,0,0,0,741
85a6d642470b605d7446bda4b5dea812,277,0,0,0,181,0,44,0,0,39,0,0,70
6c3ef2d4a3168003d6ab92f0a78e52db,142,0,0,0,203,0,0,0,0,0,0,110,65
5a3aea466a183c2d38eb8b176d4bd0a9,0,0,0,0,124,0,0,91,0,68,0,0,0
28f13fc574332ed14594035be1f60b98,0,0,0,0,0,0,0,0,0,0,0,0,474
58b00b511641d586ae870763172bd650,0,0,53,0,0,0,0,0,0,0,0,65,0
9e9b57cb089c3a4a70c25eacd0e8ad39,0,0,0,0,0,0,0,0,0,0,0,0,463
60cc7d8592d0be3c2826c6267eae2984,152,0,0,0,145,0,0,0,0,0,108,0,74
1f2caf42bbd4905672ded7cddaeca40c,0,0,0,0,0,0,0,161,0,0,0,89,0
e26fbebba4cc952ff2208d98a43df8e5,411,0,0,0,0,0,0,0,0,80,0,0,0
cc215a476252ea0ccd4bcf3bd45faf46,165,0,0,0,0,0,0,41,0,0,0,0,0
c3e1fc1c37e41eddf2684a0666c93167,0,0,0,0,0,0,0,0,0,0,0,0,357
c7f5c0285b89fcff5c9778bc384d62b8,317,0,0,0,127,0,0,0,0,0,0,0,0
c4ded8599b47108d5e34a11cb2f103dc,0,0,36,0,0,0,0,0,0,0,0,0,0
3c829333f45c9986b34503bc47fb0287,0,0,0,0,0,0,19,0,0,0,115,0,0
a89bdeef9e2e518ad28c6899075afe38,188,0,0,0,0,0,0,0,0,0,0,0,0
ada0d7f0c02644bdd4b2daa272a6b0c1,0,0,0,0,30,0,0,0,0,0,13,0,380
512fb2bfcb9f08fd7f1de3864b167c89,262,0,0,12,131,0,0,0,0,0,0,0,0
b3b3eefd165e929f784f912165c76013,331,0,0,0,0,0,26,0,0,0,0,80,0
81d77fcc068b215e9a04729053416a8c,0,0,0,0,0,0,0,66,0,0,0,0,0
f12718dbb5068de7bba6e44db549a1f5,364,0,0,0,448,0,0,0,0,0,0,0,0
98ec867428fa2d84f8abd2eafcc97651,0,0,0,0,0,0,0,0,0,0,0,0,37
b9cd672a2b71e2ac6b686dc3de3972bb,227,0,0,0,352,0,0,0,0,0,0,0,0
dd8a09521c78c44b26ce59188b1c1341,177,0,0,0,778,0,0,0,0,0,93,0,0
51dfc8e30f17859a5f8d011d1718e6dc,253,0,0,0,0,0,0,0,0,0,0,0,0
5bfa6cc0f61bc374074856a27cfe51d6,328,0,0,0,245,0,0,313,0,0,0,0,0
078ca2e2199edabd0c9a69d1285ec237,201,0,42,0,135,0,0,233,0,0,0,0,0
3d95d9af453da2420df18136607e0274,0,0,0,0,325,0,0,301,0,0,0,0,0
b9f6bb04c1f2bf5a64cd07e124bbc6cf,181,0,0,0,803,0,0,0,0,0,0,0,0
4e797f5dc3a0722617983e7a428ead0a,381,0,0,145,0,0,0,177,0,0,0,116,0
b10448cd4124bdfd706450a4189961ef,0,0,0,0,0,0,0,0,0,0,11,0,0
875b7e2636dfa43de39ac0b55525378b,136,0,0,0,602,0,216,0,0,0,0,0,0
39e4e482fac866fb40dac0bb65fff8c1,337,0,207,0,276,0,0,0,0,0,232,0,0
a12e2fa6917f40e375725c9eb63bd598,0,0,0,0,92,0,0,0,0,0,0,0,0
e8fb27cdade4f21030ae2ec2c7c5c65a,219,0,0,0,873,0,0,0,0,0,0,0,0
5abbeb2b46fb4d461812e6667166aeb6,0,0,0,0,0,0,0,0,0,0,0,214,152
09200481c23b5473a5263797322a8ded,0,0,0,0,0,0,0,0,0,0,0,0,377
d4e9b5916b230761f8f166d52791f319,219,0,0,0,243,0,0,0,0,0,73,0,0
e362ea63ea3ee4c9954475abd6c21df0,0,0,0,0,144,0,0,0,0,0,0,0,0
c50e99458383ebf13ec3c37e8bd41b0d,0,0,0,0,210,0,0,0,0,0,0,0,0
ff74d7b6608aefe8c09ceaaa746bf8ee,0,0,0,0,0,0,0,0,0,20,0,0,0
c505e5292d56c52b738fea0e59cf10d3,151,0,0,0,0,0,0,0,0,0,0,0,0
465e917ea06d1ce6ea785d27f0372ef6,259,0,0,0,80,0,0,59,0,0,0,0,0
99c02683cc24f7897a97a5538b42dd5f,0,0,51,0,128,0,0,159,0,0,0,0,0
5ae8231c8df25f251314ff0003b99e0d,0,0,0,0,0,0,0,0,0,0,0,126,0
fba2c425666cc798aba66b67f343e7cb,85,0,0,0,137,0,0,0,0,0,0,0,0
5db3685b285e906a77e7b54c9151f332,0,83,160,0,0,130,0,0,312,259,0,261,156
3c7c2bff8010a2df93804ac94513591f,113,0,0,0,249,0,0,0,0,0,0,0,0
d3ee07171cd709aca368030b3209f716,69,58,0,0,155,0,0,0,0,0,0,0,0
d609fa906223bfb6bb432c6d28154d8d,0,0,0,0,0,0,0,0,0,0,0,44,0
4892f891da14927a3757123340696763,0,100,0,0,0,0,0,0,0,0,0,0,0
7a9f566a4acbab7a0bf11492ac571d34,0,0,0,0,0,0,0,0,0,0,0,0,312
ffdae294d23dec8a1057be1c01a82b00,0,0,0,0,0,0,0,0,0,0,437,98,0
5a94ea9f1f429d628fa9158bcc3f3522,200,0,0,0,77,0,0,0,0,0,0,0,0
4d3daa3c91ad9dda7d2eabc0e1158e4f,0,0,0,0,192,0,0,0,0,0,0,0,28
cf49d991671be2cf1108345cb1465669,0,0,0,0,0,0,0,0,0,0,0,0,254
9ffb5190cf388cbbec7913498475a99c,281,0,0,0,0,0,0,0,0,0,0,0,0
b1314ba67a3793fb1e4c677b19108ba9,111,0,22,0,61,0,0,0,0,0,0,0,0
e59be2f0704f3f609ad33fb05f9c8c3d,125,0,0,0,364,0,0,0,0,0,0,0,0
642d6fcda91cfd8e1c29e64dc902a4c9,198,0,0,0,0,0,0,0,0,0,0,0,0
405e7a354649f70e195564833ecc68d9,88,0,0,0,0,0,0,0,0,0,0,0,0
59b46738c3796eb8a58ef6444318efba,0,0,0,0,108,0,0,0,0,0,0,50,51
7329dceb679776a78fe337e3ae315163,0,0,0,0,0,0,45,0,0,0,0,0,0
75729107decd79c5d5e090fcf5dd6755,0,0,0,0,0,0,0,123,0,0,0,0,0
4584f9eff6a6695ed421f0610f52d1a8,0,0,0,0,48,0,0,0,0,0,0,0,0
7fafc6840f0649b5170fe142f8f936c1,129,0,0,104,0,0,0,0,0,0,0,0,30
929d4e9a806320e6189bad0b6e894de2,63,0,0,0,106,0,0,0,0,0,0,54,20
c5f24fe13978fd95092e795e9e46fc6c,0,0,0,0,0,0,54,0,29,0,0,0,0
cfd37ffa1a70b8fff7b79e58ebcdb405,94,0,0,0,0,0,0,0,0,0,0,0,0
8cad557b7e0fd2b410eac540c11cf0bb,337,0,0,0,0,0,0,0,0,0,152,18,0
fa9bb40f48ae1ef6b0f6494b3abaf8a6,187,0,0,0,160,0,0,0,44,0,0,0,0
feb2dc98b4f1630df7158b754f4486a2,0,0,0,0,110,0,0,0,0,0,0,0,0
43adc9217ba723d1bcd2c573d2fb1e4c,182,0,0,0,0,0,0,0,0,0,0,0,0
2b2c981ac9beb12f83ab35a415587e97,298,0,0,0,0,0,0,0,0,0,0,0,0
b9a6ecdc193dfd1f995e0ddbb19ebeb4,0,0,0,0,0,0,0,0,0,0,0,0,186
1871e37f08816e92048c77f7fe220b87,0,0,0,0,23,0,0,0,0,0,0,270,134
95d4e5d77eb28dee70ccfa0b548e56ca,549,0,0,0,0,0,0,0,0,0,0,0,0
78d81b00750eaccc6635b070085b4d38,0,0,0,0,0,0,0,0,0,0,0,0,74
d5b3e2256181d083769e7cbe2547e843,0,0,0,0,91,0,0,0,0,0,0,0,0
c83de1fa8644cae296fb81c7d0b1c95b,0,0,0,0,0,0,0,60,0,0,0,0,0
086605d3d0d8043656f49901477ad105,0,0,0,0,0,0,0,0,0,0,0,0,256
2d903c6c2c94274e1fc2dfd05b28aad8,0,0,0,0,0,0,0,0,0,0,0,0,286
4509f00c097d6ac06e787fdf4291c972,0,0,59,0,0,0,0,60,0,0,0,0,0
d94079e1ce9d377c9783282155b2c5ab,0,0,0,0,143,0,0,0,0,0,0,0,0
ced624ac539da0734ca9540b5bb3641e,0,0,0,0,118,0,0,0,0,0,0,0,0
8b00e04a01f74b43b597b1105c115d4a,126,0,0,0,0,0,0,0,0,0,0,0,0
3868fe642ad7a297f20fd29db63f1cfc,0,0,0,0,189,0,0,0,0,0,0,0,0
929da7566b6d22d1d2a629ece1aba9d9,0,0,0,0,87,0,0,0,0,0,0,0,0
89eb05a1116986a85b843ace280b8b2a,274,0,0,0,132,0,0,0,0,0,0,0,0
dfe2cf99425be4cfbd386f422a478095,123,108,0,0,186,0,0,0,0,0,0,0,0
45525b523123092150ab625cf4623871,0,0,19,0,0,0,0,0,0,0,0,41,0
fbb85f17c64ed9bb27d2f0c2575cb904,171,0,0,110,0,0,0,0,0,0,0,0,0
6f90c898da996a9bea2bf7b02f171032,0,0,0,0,267,0,0,0,0,0,0,89,0
3072a3979318827a5b097f865f24bb49,154,0,0,0,0,0,0,0,0,0,191,0,0
c7488c1987be6981c5d1c8eddf75bc31,153,0,0,0,0,0,0,0,0,0,0,0,0
a56c5895c1a30347be75857701fc2981,142,0,0,0,0,0,0,0,0,0,0,0,0
8f2dcc106747d7331073ac3b911636cc,0,0,0,0,0,0,0,131,0,0,0,0,0
8c31fd1098cb649d62fb10d46936eda8,0,0,95,0,0,0,0,0,0,0,0,0,0
f54e3c53635b99eeadec917131cabc3b,0,0,0,0,66,0,0,0,0,0,0,0,0
da71f096ea5972db29858d2944f14fe4,197,0,100,0,0,0,0,0,0,0,0,0,0
539e25a5a201b84963c987f9b452bbf9,39,0,0,0,0,0,0,0,0,0,0,0,0
1fb73e68cde6c83644ad262867a0f36a,0,0,0,0,0,0,0,0,0,0,0,35,0
919749aa739f0135e3ed93df54d8966c,0,0,10,0,0,0,0,0,0,0,0,0,0
eaa8dbbe2f4e81801db94c07803f2658,0,0,0,0,175,0,0,0,0,0,0,0,0
9c754dedfade8f528831e6ced35ebf20,0,0,0,0,0,0,0,0,0,0,0,0,42
46edfcf65339546943ed05cba8a05394,0,0,0,0,0,0,0,0,0,0,0,0,31
abd23d23cb9ba820e975b1115de9994a,0,0,0,0,0,0,0,83,0,0,99,0,0
4a13064812d93b43916426da9664af74,0,0,0,0,93,0,0,192,0,0,0,0,0
4ffe7a36d3e9b9147a697b6391bb1a17,270,0,0,0,0,0,74,0,0,0,157,0,0
e08cdc1534af11f87ded2889e9e98d4c,139,0,0,0,0,0,0,0,0,0,0,0,0
a983799f4843e1a9d165a8bef1235858,0,0,0,0,0,0,72,0,0,0,0,0,0
1fa4d1bc4fa79be90a75ac329baf1507,0,0,0,0,112,0,0,116,0,0,0,0,0
3a65b5b5701bd8a1965b6b5d38648dab,0,0,0,0,56,0,0,0,0,0,0,0,0
f5240bdfbbfb5d4aaebfeedb19236e02,0,66,0,15,0,0,0,0,0,0,0,0,0
6889a4f7c0d5b054d3757ca3c9c883ce,0,0,0,0,74,0,0,0,0,0,0,60,0
e5a0a44e6f8bac62e5da9f52f6cfbaaf,0,0,0,0,146,0,0,0,0,0,0,0,0
42562be072d10d6bd37e88dce4ea3023,0,0,0,0,0,0,0,0,0,0,0,0,134
306afa2d3e6312a6d8a5df652de56352,0,0,0,0,99,0,0,0,0,0,0,0,0
85cfe0f5719b8312f3084304db49e0da,69,40,0,0,0,0,0,0,0,0,0,0,0
82bf6a6030c3ec4bc670ee92fb8c75bf,201,0,0,0,0,0,0,0,0,0,0,0,0
863f2b53a6ef4611be4a4f454d788523,309,0,0,0,0,0,0,0,0,0,0,0,0
7dceb3546dc25073d67b411416370126,0,0,0,0,0,0,0,0,0,0,33,0,0
fc2aceb6ee2d8b363a05f2035fd5a9db,160,0,0,0,0,0,0,0,92,0,0,0,0
22b4b1c846416f504f18b55d843fe1c3,39,0,0,0,64,0,0,0,0,0,0,0,0
27e6f176dd1e70fef1a9f755b4890db1,0,0,32,0,0,0,0,0,0,0,0,0,0
87b0bcbf72c77a4fd2cff619936b7213,0,0,0,0,0,0,0,0,0,0,0,0,167
40634fa5230eeac1caad2a1051a1ab8f,0,0,0,0,139,0,0,0,0,0,0,0,0
d80eaf077afe72a9d1032d2f932e1f52,36,0,150,0,0,0,0,0,0,0,20,0,0
d1453db83a1cbf65b59df9193187217d,0,0,0,92,0,0,0,0,66,0,0,0,61
6dbeaca5516935f0c2e9c8b07aa4d43d,161,0,0,0,0,0,0,0,0,0,141,0,0
4ef6fa17dd0193dbc52346608e50dda4,234,0,0,0,0,0,0,0,0,0,0,0,0
ef30c8ac907393ad0a378a08d336b35a,0,0,54,0,0,0,0,0,0,0,11,0,0
156f27e6da0e7a0990e6a4c5c275531c,0,0,0,0,72,0,0,0,0,0,0,0,0
3387ae2a0c84e3c0837e5f2ffb2a69af,313,0,0,0,0,0,0,0,0,0,0,0,0
c97b4c2e8a3a7d2c55d96d9e906aa169,0,0,0,0,0,0,0,0,0,0,0,0,42
2219184f554b7ef1fdcce364ed40c146,212,0,0,72,0,0,0,0,0,0,0,0,0
5eaef17adb635ba7b68a67d625ff29a8,0,0,0,0,116,0,0,0,0,0,0,0,0
06c455ca1a5e8aaadad3a503698b2c27,0,0,0,0,0,0,0,0,0,0,0,158,0
5fe266e2710d52e46fd8d1f52caf4848,0,0,66,0,0,0,0,0,0,0,0,0,0
e5403356349f1325ee0334d481f5c845,0,0,23,0,0,0,0,0,0,0,0,0,0
98d85850fdc1de580f3305eefb4ae9ea,0,0,0,0,0,0,0,0,0,0,0,0,48
149f654eaa5f4e13a834f2930aee5054,202,0,0,0,0,0,0,0,0,0,0,0,0
b021e81c3b7c4d8a1af3e2cefa3dcda1,0,0,0,0,0,0,0,0,0,0,0,0,122
473f1f5813498835dbfbbec73b7675c7,0,0,0,0,0,0,0,0,0,0,329,0,0
59d4191fad3002d3ccd344a69166f61e,0,0,0,0,0,0,0,0,0,0,0,0,163
fcec236cf267db7d1be12d7c4bb53841,251,0,0,0,0,0,0,0,0,0,0,0,0
8a8b6867cc1ed790997d322a1e398231,0,0,0,0,0,0,0,0,0,0,0,0,184
3516d81a9d44137fe0e14ec643811182,0,0,0,0,0,0,0,36,0,0,0,0,0
6e15578110449aee7c05b63ace6c2725,0,0,0,0,0,0,0,265,0,0,0,0,0
b244b09f1467651de0c3208e57a5f4a5,0,0,0,0,0,0,0,0,0,0,17,0,0
8d68758f74b3de6fa71190091edf6fde,0,0,0,0,0,0,0,0,0,0,0,0,91
faafc307e940d9827930c97ae73275b2,59,0,648,0,0,0,0,0,0,0,0,1684,0
284ee595350d6fa33634b75de3746e91,0,0,0,0,0,0,0,0,0,0,0,0,58
8f0ee3adde51fb2dec4c0b8702f6af03,0,0,0,0,0,53,0,0,0,0,0,0,34
8bd704bc24b4ed9e271cee9ec6234efc,165,0,0,0,0,0,0,0,0,0,113,0,0
935d3d886629e4dc101a1d73a35055bb,0,0,0,0,75,0,0,0,0,0,0,0,0
5af5bf17d0a5ef239d2a3bb1630dd433,0,0,0,0,0,0,0,0,0,0,42,0,0
2f11909e8086f147c4fcc4d986b6b295,0,0,0,0,69,0,0,0,0,0,0,0,0
7579b4e85aad29f3be8220c825053977,0,0,0,0,97,0,0,0,0,0,0,0,0
c3090d00991a5fa004478409bc70e0d0,0,0,0,0,0,0,0,0,0,0,287,0,0
209b9457ff38b41c1f2c26fda2fc1d6e,0,0,0,0,0,0,0,0,0,0,72,0,0
9396c78f7315eef029a8c31043d487de,0,0,0,0,285,0,0,0,0,0,0,0,0
a583c1294d548d0fec349b941c53285b,173,0,0,0,0,0,0,0,0,0,0,0,0
83a68c49965eca29ba72a53f4908ad10,0,0,0,0,0,0,0,0,0,0,0,0,78
f76072a034341437c606c359f22f4c44,0,0,0,0,189,0,0,84,0,0,0,0,0
aaf2e3f8483523218488d4adcb404404,0,0,0,80,0,0,0,0,0,0,0,0,0
56d779422279e6af16e30661add56ac0,27,0,0,0,0,0,0,0,0,0,0,0,0
3efca481c4fb1ce32ea9c194f26353db,204,0,0,0,0,0,0,0,0,0,0,0,0
14c064c4a374798ef2e6f1b5f9f5405f,0,0,0,0,184,0,0,0,0,0,0,0,0
0f986cb6e08e8e0e27a631694e0ee608,0,0,0,0,0,0,0,0,0,0,0,0,64
3e145e5b89e14039c03adc4c52fd4886,174,0,0,0,0,0,0,0,0,0,0,0,0
5270ecc0cc323e0f2fe5b2f4d1279903,0,0,0,0,0,0,0,0,0,56,0,0,0
88c1c1e77e6fd871a05a5b1938291b76,197,0,0,0,0,0,0,0,0,0,0,0,0
ac700ec758aca53a78f40b85a894a5ec,0,0,0,0,294,0,0,0,0,0,0,0,0
e12fcad9d10849440a313cda1470f8df,0,0,0,0,124,0,0,0,0,0,0,0,0
56d89eac3457ded073e9547c55d8fad4,154,0,0,0,0,0,0,0,0,0,0,0,0
a126c37fe75327527f71b6b147c67998,220,0,0,0,0,0,0,0,0,0,0,0,0
8f27cb14dc5ef3b6add9c716cec7fbf5,0,0,45,0,0,0,0,0,0,0,87,0,0
2ef7d7a58f08d7ea6c8480087fc71bb0,0,0,0,81,0,0,0,0,0,0,0,0,0
0d7a875b8b5a993ca1686f71e170e871,0,0,0,68,0,0,0,0,0,0,0,0,0
9ac6c70de599380f3bbb301a4462a7bf,92,0,72,0,0,0,0,0,0,0,0,0,0
2230f83a69b3ad6df956609e5196ff1c,368,0,0,0,0,0,0,0,0,0,0,0,0
94584d2e4a6c39a7ca14109eb87a7e26,0,0,0,0,157,0,0,0,0,0,0,0,17
2ae9b8a5b73030035131a0d8fcc18bfb,269,0,0,0,0,0,0,0,0,0,0,0,0
1e1ba2879ee4a670cf90513c9f9b78dc,111,0,0,0,0,0,0,0,0,0,0,0,0
7c5eece193d60a8e041bf866a38da046,0,0,0,0,0,0,0,0,0,0,110,0,0
e9d2f538d8de6b77c23f9dadaa036807,0,0,0,72,0,0,0,0,0,0,0,0,0
9a7111af61e89d3af766f5a10d4df8f2,273,0,0,0,0,0,0,0,0,0,0,0,0
9e2604f7c87c8903c9da24810313b0ff,0,0,0,20,0,0,0,0,0,0,0,0,0
a649b66752ff33701a9be6feb99277e4,0,0,0,0,0,0,0,0,0,0,0,0,77
14e1555b8582ae546a72434b43824459,199,0,0,0,0,0,0,0,0,0,0,0,0
c66233144569c89836063e919b3662c8,0,0,0,0,164,0,0,0,0,0,0,0,0
9526ea1c8274c0d216c4075319cbe387,0,0,0,0,0,0,158,65,0,0,0,0,0
e12051cb8aa81f7d0ba1d37a3206504c,79,0,0,0,0,0,0,0,0,0,0,0,0
1c4cfc827351b47ae73a852d80a8efca,0,0,23,0,0,0,0,0,0,0,0,0,0
ccb619292de699076559494cdef3f9ef,0,0,0,0,56,0,0,0,0,0,0,0,0
18c0d9f42fa2535bbb9e554ff7800f16,0,0,0,0,0,0,0,0,0,0,0,0,12
56e19a4a2ecd2be7f4ec9c8745a5f765,0,0,0,0,0,0,0,0,0,0,111,0,0
ff70b1b27e33cc404eaa28bf321d4f87,0,0,637,0,0,0,0,0,0,0,0,1236,0
f416df89b9564b5e35d68d9e989bbbb7,0,0,0,31,0,0,0,0,0,0,0,0,0
752bfe010f43fadb4503158148b97b64,0,0,0,0,0,0,0,0,0,0,0,0,238
330dcf2df7083ad11db1e1461d476906,128,0,0,0,0,0,0,0,0,0,0,0,0
14031b6385b75f430dd2797399272f3f,0,0,0,0,0,0,0,0,0,0,30,62,0
684bbba7619ed78f45e4dd741184dcf7,0,0,107,0,0,0,0,0,0,0,0,0,0
e881c1a3829669d9a9b08ad9812095f1,0,358,0,0,0,0,0,0,0,0,0,0,0
13518c413bfd20965f2540cb2cd860da,0,0,0,0,0,0,58,0,0,0,0,0,0
569c10294308c03c79633b6bbdaf2b56,0,52,0,0,150,0,0,0,0,0,0,0,0
92bcc5abc7dbc62d6558ccd962e73430,0,0,0,0,0,0,0,0,0,0,139,0,0
336bd2d58ba02e8aefb3eed10b43ec26,0,0,0,0,0,0,34,0,0,0,0,0,0
9aca970c6e6bbcb36f56abc7ade8cb42,0,0,0,0,0,0,0,0,0,0,0,0,74
1157139fcc76a9f7f895ebfe96ce2bab,0,0,0,0,94,0,0,0,0,0,0,0,0
10528055652ec0347140eb13b647b688,0,0,0,0,76,0,0,0,0,0,0,0,0
8e50dc1588ce7de26bf580405df574b0,0,0,0,353,1111,0,0,0,0,0,0,0,0
f08b9ea2beb32f78e3e162fe46cf1e12,0,0,0,0,135,0,0,0,0,0,0,0,0
1fe4ff4e04a0678740826aab52d8c68a,0,0,0,0,0,0,0,0,9,0,0,150,0
9686e061a1c0571a4207488a8a28f1b3,349,0,0,0,0,0,0,0,0,0,0,0,0
b4d111d2455cf0a0d5f81aa2e4cec78a,0,0,0,80,0,0,0,0,0,0,0,0,0
54f6140dee6e9ae02bcc3c51b5ad60b9,0,0,0,0,0,0,0,0,0,0,0,0,34
3671832cda8421bcc5d47249444e6e6d,0,0,0,0,0,0,0,0,0,0,0,0,54
db61794903b11e2a0af58c4024dd0d2b,0,110,96,0,0,0,28,0,77,0,0,0,61
beffc1e06cac416305bce1874f3c528a,0,0,0,66,0,0,0,0,0,0,0,0,0
01b70c358fb68d07b92b270841b6b5e0,0,0,0,0,113,0,0,0,0,0,0,0,0
a6e6cb34bfd9ef349b5b85be1875e37f,0,0,0,179,0,0,0,0,0,0,0,0,0
955b72139887fe69addb348e26909657,0,0,0,0,69,0,0,124,0,0,0,0,0
8848cc5603eaef4a0eda337e2d7ed879,187,0,0,3,0,0,0,0,0,0,0,0,0
8d00d522295a211e92ee4b3d6a8fb0a8,178,0,0,0,0,0,0,0,0,0,0,0,0
a9117f57ecef322ad663c6a269332e66,0,0,0,0,0,0,0,0,0,31,0,0,0
56a4ecfbd6479509f08a37e342c0a33e,0,0,0,0,0,0,0,0,0,0,205,0,0
69ed17534d7215103a56c513c978aa19,0,0,0,118,0,0,0,0,0,0,0,0,0
06e7977be39a9c833e39ebea4fd7bbee,180,0,0,0,0,0,0,0,0,0,0,0,0
d9d8124124fd92c56c1c537c84418d71,41,0,0,0,0,0,0,0,0,0,0,0,0
da5cfd6fa84d0bbd10398f42ba81de91,0,0,0,0,116,0,0,0,138,0,0,0,0
dd317bd5297ce9a62c068d425674cfe0,205,0,0,0,0,0,0,0,0,0,0,0,0
5c0eabf107e14432b99eba06bc5f4a90,0,0,0,0,0,0,0,0,59,0,0,0,0
12ff2576d815319be71c9db04c3d15d3,0,0,0,0,326,0,0,0,0,0,0,0,0
1815f7c40b56097941ccc7751bbf5dd0,346,0,0,0,0,0,0,0,0,0,0,0,0
76dd4462ef8b0942297ab9df3f672725,0,0,599,0,0,0,0,0,0,0,0,531,0
cbbb661a4515e41bb22268de5bb3bb9e,123,0,0,0,0,0,0,0,0,0,0,0,0
29b2088867c181f54bb3cbbab51b4026,0,0,0,0,86,0,0,64,0,0,0,0,0
96346202e9caff7a180454eba4b2232d,0,0,0,0,270,0,0,0,0,0,0,0,0
b72928f77914cf7c53ae9dcafc5fbb80,0,0,0,0,237,0,0,0,0,0,0,0,0
84b6e257cc5260749a9abd561a599d6f,0,0,0,0,186,0,0,0,0,0,0,0,0
78049abfcbf672888dc96d2007563fa1,0,0,0,0,0,0,0,244,0,0,0,0,270
d08da8e8708b8187bbcc5fd71e39d7d4,0,0,0,0,84,0,0,0,0,0,0,0,0
fcb26c4829127c3d890260c024724a71,180,0,31,0,0,0,0,0,0,0,0,0,0
d4b90b06cb9938ff9a45815e29cfb58f,314,0,0,0,0,0,0,0,0,0,0,0,0
e2c95b049bfe5e5f113e9d8571e3995c,0,0,0,0,55,0,0,0,0,0,0,0,0
f342c546ad1b2d5aaa9d1105e47f64c4,0,0,0,30,0,0,0,0,0,0,0,0,0
8525e69395adf921d11ef48cbda7e7d0,0,0,0,0,0,0,116,0,0,0,0,0,0
9a8680ff9d73b5b01d16ee1a5b3d65f6,0,0,0,0,0,0,0,0,0,0,0,0,104
7c0aef0d4ad0607c50d5bab3e6c76e28,0,0,0,188,732,0,0,0,0,0,0,0,0
1d6c2ce07156f5cc48f42571853baf9a,0,0,0,0,197,0,0,0,0,0,0,34,0
228b0716951c3aec256d73a2eaeb0a76,0,0,0,0,172,0,0,0,0,0,0,0,0
a26dac51735e36dc2c489909abbf10ca,0,0,0,0,143,0,0,0,0,0,0,0,181
a55fe127d3824dd40266b23a6efe4b6b,0,0,0,0,77,0,0,0,0,0,0,0,0
19fcf1bbbaa7b85a6dc94b741380991d,0,0,378,0,0,0,0,0,0,0,0,801,0
bb2f1d23f248625979527b5503c40c49,0,0,0,0,0,0,0,221,0,0,0,0,0
4435b9f90f10fdf7376977b7b8fe8f13,0,0,0,0,189,0,0,0,0,0,0,0,0
7db361db194db47b445fc063a6ee835c,0,0,0,0,0,169,0,247,0,0,0,0,173
584e4d9789380474c2f3b3c4160b5bdd,0,0,482,0,0,0,0,0,0,0,0,570,0
870d270e88489e87cd30e97be859d897,0,0,0,0,0,0,0,0,0,0,150,0,0
32d00bfc8018e2efd72f02b940861936,0,0,0,201,526,0,0,0,0,0,0,0,0
d656bfc5d6c594e6fd24c317b8b273fa,0,0,0,128,0,0,0,0,0,0,0,0,55
033a531fe98ee47a088f692b7ee128ca,0,0,0,0,0,0,0,0,0,0,0,0,72
27f8f51234e461d4f6416293a7ac8ad9,0,0,0,0,191,47,0,0,0,0,0,0,0
87760b7c124ecfd38756d20458d74e47,171,0,0,0,0,0,0,0,0,0,0,0,0
a0db570f6f36799159749ee894d9c6d6,0,0,0,0,0,0,0,99,0,0,0,0,0
48e93a24f0547438e5bd41035345e0cd,0,0,402,0,0,0,0,0,0,29,0,634,0
19996758deed1569d19ee0525d2359f8,283,0,0,0,0,0,0,0,0,0,0,0,0
a6b05d0cb2d0a6ec757880ee691058db,0,0,0,0,0,0,0,0,97,0,0,0,0
d49ee87c6aff83225e71f2b2e53c5d2f,0,0,0,0,121,0,0,0,0,0,0,0,0
16e0f5fde5e87ed75e0476b97162ef5b,0,0,366,0,0,0,0,0,0,0,0,570,0
82fea0178d27f3f35defd29a7d3c1d71,42,0,0,0,0,0,0,0,0,0,0,0,0
5fc7efd0b007841f7a3f7a37ef1b16ea,498,0,0,0,0,0,0,0,0,0,0,0,0
8d14942952af141b2db73b7ecad05bc8,0,0,0,0,0,0,0,0,0,0,159,38,0
1d71f039cb32a70fef8fdae53c8a61c1,91,0,0,0,0,0,0,0,0,0,0,0,0
2b167247f4636a28f8e486e36b7e1b46,65,0,0,0,0,0,0,0,0,0,0,0,0
47448d617695adb8efae4139c225d3a0,0,0,0,0,0,0,0,0,0,0,0,0,77
b44edbfc4ac0398cd188c46457e7570d,73,0,0,0,0,0,0,0,0,0,0,0,0
ef88f4605b65bcd71c3a3a2550a23a84,0,0,367,0,0,0,0,0,0,0,0,494,0
96ca7c02000ff7c84b869bae9bc3d78f,0,0,0,0,0,0,0,0,0,0,0,101,0
17c16acf71ae319d7c1596695bf1af4b,0,0,0,0,0,0,0,0,0,0,0,27,0
de849230125566037da67f65a97ac953,169,0,0,0,0,0,0,0,0,0,0,0,0
4c9014a2818469bee7227182b6916124,60,0,0,0,0,0,0,0,0,0,0,0,0
dc6097df31b5fed947a604a1a56177a7,0,0,101,0,0,0,0,0,0,0,0,0,0
1066534c718c83f6d943b2905e1629e6,0,0,0,0,0,0,0,337,0,0,0,0,0
c02967009ff097963618d1bc82831cf6,0,0,0,0,36,0,0,0,0,0,0,0,0
99537027c95437e986e25039ee764578,0,0,0,0,0,0,0,14,0,0,49,0,0
c3ec9aa0599ac0effc1ef52d20c816f0,0,0,388,0,0,0,0,0,0,0,0,388,0
b41d62ef001a3e716087230095c0cf22,0,0,0,0,0,0,0,0,0,0,0,0,126
3e90e67a8fe216e96a6a1d59918698e7,165,0,0,0,0,0,0,0,0,0,0,0,0
1535e2d219fe1ea08c549eaa07b032d6,0,27,0,0,0,0,0,0,0,0,19,0,0
efa6547042d63eb70da807186d7b15dc,0,0,0,0,75,0,0,0,0,0,0,0,0
214cedd79b4986d4117fffd343651387,0,0,0,0,108,0,0,0,0,0,0,0,0
130fe3056a5193cdc125bae48825fe76,0,0,0,0,0,0,0,28,0,0,0,0,0
ada3a722277b4d2c29aa10b092aa2a10,0,0,0,0,0,0,0,0,0,0,0,0,89
ac2408fed13dd3babf8a53860a22b9d1,0,0,0,0,121,0,0,0,0,0,0,0,0
c78b41445dba2ec14d92afed0db3072c,0,0,0,0,0,0,0,59,0,0,0,0,0
a702970dab0a87aa5506bcb585087aec,0,0,0,0,0,0,0,0,0,0,0,0,18
cb5643388edd21ed593571f4bc0dd00f,63,0,141,0,0,0,0,0,0,0,137,0,0
985950a6e0aaad4ad04812a01073233a,0,0,0,0,96,0,0,0,0,0,0,0,0
bb75924638cdc4d2cee7bc471030409c,0,0,126,0,0,0,0,0,91,0,274,0,0
678dec5c943e29e4478fe0eeeb592b39,52,0,16,0,0,0,0,0,0,0,0,0,0
250ccf914604c97f342cb368fd1a741c,0,0,0,0,93,0,0,0,0,0,0,0,0
52676fd8b38b761d9aeffd4da98f03eb,0,0,0,0,125,0,0,0,0,0,0,0,0
0322c35dd6c25ae92fc78d10e5a75261,26,0,0,0,0,0,0,99,0,0,0,0,0
0b24db8224d63f913f2466dc57bf9f6c,79,0,0,0,0,0,0,0,0,0,0,0,0
d3eb9b1730a6355c0e017299dbad4d37,102,0,0,0,0,0,0,0,0,0,0,0,0
4b4e10cd9b91e411e423c8e3cb037699,0,63,0,0,0,0,0,0,0,0,0,0,0
4c70003a2ec97967d5f25d64f98b1648,243,0,0,0,0,0,0,0,0,0,0,0,0
8cd7aa6d3616c3968d81ca7bbce835aa,0,0,0,0,83,0,0,0,0,0,0,0,0
83c268c132dd1135a945dbe6cf02c754,0,0,0,0,0,0,0,0,0,0,69,0,0
d3e3236cc779c54c0a99e077c226cb0f,55,0,0,0,0,0,0,0,0,0,0,0,0
874c7a08d906971d45a2e4ed2284433d,0,0,0,0,0,0,0,0,0,0,0,0,178
ba1c72a61182c04198f13487a5808fcc,0,0,0,0,53,0,0,0,0,0,0,0,0
15ee709456386d78edcfae41f9ee2c58,134,0,0,0,0,0,0,0,0,0,0,0,0
fde1ab1623af0e70474f110521c15ec2,213,0,0,0,0,0,0,0,0,0,0,0,0
0baa0ae4aee6ab93c4496f6c13b54b19,0,0,0,67,146,0,0,0,0,0,0,0,0
7c8a90afcccec5714fd891b91da7fc95,0,0,13,0,0,0,0,0,0,0,0,0,0
e0dfbf9885e1d8a3f833fc797ba84984,0,0,0,0,0,0,0,0,0,0,64,0,0
830e89b716987951f79702a83f16691e,0,0,0,0,0,0,0,0,150,0,0,0,0
07f061ba8bda9864ddb3b11ff878801f,0,0,0,0,0,0,0,0,43,0,0,0,0
ada74e4d77301fe96608c047e842a62f,73,0,0,0,0,0,0,0,0,0,0,0,0
80d31db3aa7a27a0771e28577b6b9e0e,64,0,0,0,0,0,0,0,0,0,0,0,0
3ea11c28cf62adef5b6a4dfd90469c7d,133,0,0,0,0,0,0,0,0,0,0,0,0
b30fd1d6bcbe64b5202c1ed1500a5675,93,0,0,0,0,0,0,0,0,0,0,0,0
7dc1929f64375c4e2586d161e96f442d,0,0,0,0,44,0,0,0,0,0,0,0,0
083b0982f8d77bfbac2005d8b73008ba,0,0,0,0,46,0,0,0,0,0,0,0,0
d5ae153b41f190ac80be65ebb13fb512,0,0,0,0,0,0,0,0,0,0,129,0,0
b4e025c939c76ca9cb8b80cb0d45aab8,0,0,98,0,0,0,0,0,0,0,0,0,0
51e69afb3a97e92a782f0a14e345633f,44,0,0,0,0,0,0,0,0,0,0,0,0
740c7a161da83249b49ace7044dec64c,0,0,0,0,0,0,0,0,0,0,79,0,0
16adf50f5bc8f8b393ed0c9be3201664,0,0,0,0,215,0,0,0,0,0,0,26,0
803eb4a61e290f4e90c19536f03e0f8c,0,0,0,0,0,0,36,0,0,0,0,0,0
127c186d13ee5dfb62f13568c96fa7f5,0,0,0,0,106,0,0,0,0,0,0,0,0
65b110e3a3e728d9eace3dc017c40ec1,66,0,0,0,0,0,0,0,0,0,0,0,0
02b3a37bf1a09264276aa70c969d7d8b,0,0,0,0,0,0,0,0,0,0,0,90,0
fd8d4b23bfa41a79ccf69501fc4cb826,0,0,0,0,0,0,0,0,0,0,0,0,73
96f04875f70c77ff7990b24e475054ef,79,0,0,0,0,0,0,0,0,0,0,0,0
0b40709c71816f90018d125d6d3362a8,0,0,0,0,10,0,0,0,0,0,0,0,0
a1369b9c13111b43a83de96b5dffd3ab,0,0,0,0,0,0,0,0,0,0,0,0,30
f49644f77513f9ec6b218736acc0ce1b,385,0,0,0,0,0,0,0,0,0,0,0,0
3e3828673f665cf2e1346aa198eaf7b0,128,0,0,0,0,0,0,0,0,0,0,59,0
17c312101301b823ef48ce1cda1f15ce,0,0,0,0,0,0,0,0,0,65,36,0,0
fe36e34ca280a646ed7ec981a3af03da,0,0,0,0,74,0,0,0,0,0,0,0,0
d67bcb045c0ca7e52d483a5e150e3144,0,0,0,0,0,0,0,16,0,0,0,0,0
5f6b8d65f3be5fd499dec3d61e881206,115,0,0,0,0,0,0,0,0,0,0,0,0
644197e855c861b71b17368e3e9cb790,21,0,0,0,0,0,0,0,0,0,0,0,0
667efbbe042a4a50ee6efa21a3642368,0,0,0,0,0,0,0,20,0,0,0,0,0
425a56cd1d6ecf0f70aaa48761b5d87d,34,0,0,0,0,0,0,0,0,0,0,0,0
372d817e834e0b8be827d4d233ab3ba0,51,0,0,0,0,0,0,0,0,0,0,0,0
3087fc9e7175ddc6f405376c6e96d95b,0,0,0,0,0,0,0,88,0,0,0,0,0
03851b6cf1eafd5b1b2ff5d0a1e3a085,0,0,0,0,0,0,0,0,0,0,41,0,0
98dcd8c3898dec09bda3a6b4408a993c,0,0,0,0,0,0,0,0,0,0,77,0,0
9bd43f5c921427cc0ec16122ac2cb91d,0,0,0,0,0,0,0,0,0,0,188,45,0
ab78216576ee27a9a9e9d9ee04b060ba,0,0,0,0,0,0,0,0,0,0,0,44,0
3384e74cdbeefdfeb840d3a69d4f5324,374,0,0,0,0,0,0,0,0,0,0,0,0
624620f8b334b4034e2b3d8f34b2a251,0,0,14,0,0,0,0,0,0,0,0,0,0
d916f4f452e9d43b467c9fd5ba0ea129,0,0,0,0,140,0,0,0,0,0,0,0,0
2a96dbc848fe5ed5ae23a36acd3956d5,0,0,84,0,0,0,0,0,0,0,0,0,0
c3392c965d6680f392d698a051c931dc,0,0,0,0,0,0,38,0,0,0,0,0,0
460206088e84192ab8f31f89836190cd,109,0,0,0,0,0,0,0,0,0,0,0,0
05ce692d525b45b024752ef97c8c9201,0,0,0,0,3,0,0,0,0,0,0,0,0
80b2000cd8d12fccf87760f3ffbb6ff4,0,0,0,0,61,0,0,0,0,0,0,92,0
b3c1951d2255f0393ae6b06f6941b389,0,0,14,0,0,0,0,0,0,0,0,0,0
639a186a83a0e1b9e398a44aae2bfde4,75,0,0,0,0,0,0,0,0,0,0,0,0
8992260a020afc571aaa1e53605eefe6,68,0,0,0,0,0,0,0,0,0,0,0,0
2dfdcfda2d750c4f25e1ed5badd1b040,0,0,0,0,0,0,0,123,0,0,0,0,0
e337ab220bfaa3ddb177f34e39665aca,17,0,0,0,0,0,0,0,0,0,0,0,0
e04e5c42756aafebf8ea321e6bd112ff,43,0,0,0,0,0,0,0,0,0,0,0,0
fa84f5b61b1254a70bb7212cdce6e4ef,0,0,0,0,0,0,18,0,0,0,0,0,0
08a6e61144bbdb23c8eff3b1e5eb1120,0,0,0,26,0,0,0,0,0,0,0,0,0
4c6a1cab5e73543c77b87031ddf33ae9,0,0,0,0,49,0,0,0,0,0,0,0,0
fa2ad1e797ea32bbfd09f277f5cb7b8e,0,0,0,0,0,0,0,29,0,0,0,0,0
3572016f89a4048f13c361e9b9899040,0,0,92,0,0,0,0,0,0,0,0,0,0
34f3fa72c6f4b7583692bdc29155d88f,0,0,0,0,64,0,0,0,0,0,0,0,0
98c23bbe8b6cbc8822cea69e28bee29f,0,0,0,0,0,0,0,0,0,0,240,0,0
4a56d13cca0bb9373b072468276bb8e0,212,0,0,0,0,0,0,0,0,0,0,0,0
d01818561b3df2611007fc6be83bc8aa,0,0,27,0,0,0,0,0,0,0,0,0,0
15c0d8a37ac1db74b1eb504405631188,8,0,6,0,0,0,0,0,0,0,0,0,0
c3d64d44ed1aed38417407959d61c63d,0,0,0,0,36,0,0,0,0,0,0,0,0
bb66e8c0faececd39a3383bac1271b0a,0,0,0,0,142,0,0,0,0,0,0,0,0
f3520dbabc7781689582e0c40e856ffa,0,0,0,0,0,0,0,0,0,0,43,0,0
6eba8129ad88b74bb10fdab135554593,0,0,0,0,0,0,72,0,0,0,0,0,0
40aa1ae10af7a9f49d5f1431afd7cf50,0,0,53,0,0,0,0,0,0,0,0,0,0
8aa6e1ffa0a0dffb9be0d6fa3d6a5e8a,0,0,0,0,0,0,0,0,0,0,103,0,0
a83c222bd9d8fee5668709e96bb6d39e,0,0,0,0,0,0,0,0,0,0,0,0,5
1cc931e6e3a4abafe2803ddb93350ec9,0,0,0,0,0,0,0,0,0,0,65,0,0
9ee3aea73f38b7e6fa4cd9f060c2bcd4,0,0,0,0,0,0,0,22,0,0,0,0,0
d4a0fea45349acafa33e59e0cc6a5a0e,0,0,0,0,0,0,16,0,0,0,0,0,0
ef0ee00d5b4a2e719d51ad16e8d8f86e,31,0,0,0,0,0,0,0,0,0,0,0,0
fb9f1b405154fb21b01b00b0c7ed78a9,0,0,0,0,26,0,0,0,0,0,0,0,0
9ab239fb73e19968a90489e8b8120f9a,130,0,0,0,0,0,0,0,0,0,0,0,0
9da512947e2a9c74542d66c4301d0c0f,0,0,0,0,8,0,0,0,0,0,0,0,0
5890f1d867a50914b4bb2a9882efc718,46,0,0,0,0,0,0,0,0,0,51,0,0
09b02f3bcbb7b2039cb8ff4ca6ee7093,0,0,0,0,82,0,0,0,0,0,0,0,0
b55e1197e29970c467f0457905414a37,0,0,0,0,22,0,0,0,0,0,0,0,0
9c0384ddad6bc977bf9b87eb9fa1fe5c,0,0,0,0,0,0,110,0,0,0,0,0,0
7ee207de9cf5f98761607b6bedd362d7,0,0,33,0,0,0,0,11,0,0,0,0,0
eaac08d580adc4b1ea0e25342029192b,0,0,0,0,0,0,0,0,83,0,0,0,0
fca1494c05ef29aedba3984a5f357a88,62,0,0,0,0,0,0,0,0,0,0,0,0
e4f793084edf73993d897ae28e4454e4,0,0,0,0,80,0,0,0,0,0,0,0,0
39750f128ab6b36e58328dde527a83cb,0,0,0,0,0,0,0,153,0,0,0,0,0
14941fb89ffdfdecaac7c1eaae49c9df,68,0,0,0,0,0,0,0,0,0,0,0,0
204892788b3c3d12d2ce9087a707cc6a,54,0,0,0,0,0,0,0,0,0,0,0,0
f0c01da1b229268664a548412120a197,0,0,0,0,0,0,0,0,61,0,0,0,0
79bccfb72122a90147b7d57852a1aa50,0,0,0,0,131,0,0,0,0,0,0,0,0
3035b603354bd7429f5a0f197d88cc41,0,0,0,0,0,0,0,0,0,0,0,42,0
c5c11cc49555cc1003e78d6471b3625b,52,0,0,0,0,0,0,0,0,0,0,0,0
048ee965c7eb2ec189afc42ba3c71076,0,0,0,0,0,0,0,0,0,0,0,0,6
7f4cf4cd1fdb50977b469cf845837ea0,0,0,0,0,153,0,0,0,0,0,0,0,0
b24f9fd025df2fc6169df9d40e13aaf7,0,0,0,0,175,0,0,0,0,0,0,0,0
8c969f0fedcafb3baa8a70c6b7f075bf,102,0,0,0,0,0,0,0,0,0,0,0,0
b40ae421b98f5f32b9784a9518802dfd,49,0,0,0,0,0,0,0,0,0,0,0,0
9f52f7972d50645b631b689a02be7003,0,0,0,0,0,0,0,0,0,0,167,0,0
0aad8b202e301b0ece2a36ee3727cb25,0,0,0,0,0,0,0,0,0,0,143,0,0
2702ff093ef92e802419519bd80de3fa,0,0,0,0,0,0,0,0,0,0,73,0,0
9ca29e4159c976d64b3f944f8da5a475,0,0,43,0,0,0,0,0,0,0,0,0,0
0c950bbe2eb5ccb372ad58b0ca6c8af8,15,0,0,0,0,0,0,0,0,0,0,0,0
46f8ef7df03b4084a6c3918aed02dfd5,0,0,0,0,0,0,0,0,0,0,0,0,10
24d752cb41dd7ed6d045b9a9628217c8,0,0,0,0,20,0,0,0,0,0,0,0,0
c1e246ef6bc13c13c1706aa2214891df,0,0,0,0,0,0,0,19,0,0,0,0,0
d2e0238789968e25fb461d358b4f22cb,93,0,0,0,0,0,0,0,0,0,0,0,0
ae90298764e226200ef98a920f1bc34f,0,0,0,0,0,0,0,32,0,0,0,0,0
b09e40a4df31c516f15dec712c103bb0,0,0,0,0,0,0,0,0,38,0,0,0,0
fdd7ededca9c9b6bfb0a3a8bf0bdee64,123,0,0,0,0,0,0,0,0,0,0,0,0
7b50470c6d890cb14bff580f52e75da1,0,0,0,0,0,0,0,0,0,0,80,0,0
6d9d0deaa65e3287f7fc7b350ae8c00c,0,0,0,0,0,0,0,0,0,0,138,0,0
920a7769cfb94b211935edd97f73194d,0,0,0,0,0,0,0,0,0,0,135,0,0
c473adc1f286a0ac47ffa92da553f3a4,0,0,0,0,133,0,0,0,0,0,0,0,0
b4a8b3c8337e26458f48e8ab94fda65a,0,0,0,0,0,0,0,0,69,0,0,0,0
1092f9376146a4d48ab29c3f356991d9,0,0,0,96,0,0,0,0,0,0,9,0,0
583973625b61cf8395c57f1cf2fae167,0,0,0,0,0,0,0,0,0,0,130,0,0
e5b46e607acd365cbf7013895672d4f6,0,0,0,0,0,0,0,0,0,0,130,0,0
e317a76cb9bf8a48878e059fff2534ea,0,0,0,0,0,0,0,0,0,0,128,0,0
345fb6ac93dee7273e003f895f1af86b,30,0,0,0,0,0,0,0,0,0,0,0,0
ba80d638a81c1bbae7def40a64307d32,46,0,0,0,0,0,0,0,0,0,0,0,0
f0ee0b2e0016aee88565276ca7bddd49,0,0,0,0,0,0,0,0,0,0,0,0,13
f577a69fdc52e7d0fa89d1d482e43ab0,0,0,0,0,0,0,0,0,0,0,35,0,0
1c4e723cdde382bea50fb991c8a5e817,0,0,0,0,56,0,0,0,0,0,0,0,0
7849f58f437a65d01436339fb46c51b2,0,0,0,0,0,0,15,0,0,0,0,0,0
98bcc8f4184c35a12167e882c5bd21c1,0,0,0,0,70,0,0,0,0,0,0,0,0
5a9d8dfed85254d1569183b5dc47078f,121,0,0,0,0,0,0,0,0,0,0,0,0
92eacbe3ae1be339c4b3c454c7bb3070,0,0,0,0,0,0,0,0,0,0,0,63,0
4bc2f24d8590352a0c387d8024edee3f,78,0,0,0,0,0,0,0,0,0,0,0,0
6a306ee9762a899e8f60372691c39a33,30,0,0,0,0,0,0,0,0,0,0,0,0
1545e51b2936f87952560b4df59fdc36,0,0,0,0,53,0,0,0,0,0,0,0,0
5c535be9251b4c5a64158b8caf82fd90,0,0,0,0,0,0,0,61,0,0,0,0,0
0991e44c305d9691eca8cf850308df6e,0,0,0,0,0,0,0,0,0,0,117,0,0
d06ab2c52f8b4c6545b7d950be090879,0,0,0,0,59,0,0,0,0,0,0,0,0
0feec829dcfa176a4e575bbff4aeccbc,0,0,0,0,0,0,0,0,0,0,114,0,0
79ef4267effdaa694e07b4bff295b12b,0,0,0,0,0,0,88,0,0,0,0,0,0
a844421424f17cf7f24916c18f3190f8,0,111,0,0,0,0,0,0,0,0,0,0,0
fe81ef3b4a498cb14cc19ce9cecd32a1,0,0,0,0,0,0,0,0,0,0,0,0,111
80f43f8e4230016e707fa0d09887ccb1,24,0,0,0,0,0,0,0,0,0,0,0,0
c0349091a88dd65e5e4fc11bebb52d22,0,0,0,0,0,0,0,0,46,0,0,0,0
658dda4ba0245219cc0ba3a484220fc7,0,0,0,0,106,0,0,0,0,0,0,0,0
809cd2aded68a4ebabdaacb8b5801737,0,0,0,0,0,0,0,0,0,0,101,0,0
768c6d2e7783f8e2ec8ad2d96426c99e,0,0,0,0,0,0,0,0,0,0,103,0,0
1aea6734768449f7ed72b14d5abace35,0,0,0,0,0,0,0,0,0,0,103,0,0
d5765e9faff5a0d942eb7a581be874aa,102,0,0,0,0,0,0,0,0,0,0,0,0
d41996c23c7c4627ff4054bea1a17da6,0,0,0,0,0,0,0,0,0,0,102,0,0
8ff18a43711415fc4e051ca733ec584f,0,0,0,0,0,0,0,0,0,0,102,0,0
73824aff2249ca9bc4fb28acd89c4cd4,0,0,0,0,36,0,0,0,0,0,0,0,0
d4fbdd3eae3fec062e2a7b4affe3d630,0,0,0,0,0,0,0,0,0,0,0,65,0
1a93caf1397aa4fd4bf7f1f3a4a7e371,0,0,0,0,101,0,0,0,0,0,0,0,0
95c2f4c9330469c5adbb0b0df4ed1d9a,0,0,0,0,19,0,0,0,0,0,0,0,0
790879dad937b2aba3571b6be320a00f,33,0,0,0,0,0,0,0,0,0,0,0,0
120df05d35f617311106a5ee9f0d438c,97,0,0,0,0,0,0,0,0,0,0,0,0
6d0b57b26c81052f5b25b3c2dfb91654,0,0,33,0,0,0,0,0,0,0,0,0,0
66d17d5936ddbc44c15ea6dbd2e3e0ea,0,0,0,0,0,0,94,0,0,0,0,0,0
10c5615c845aaa589c7414482e4e5f57,93,0,0,0,0,0,0,0,0,0,0,0,0
2c83632eaa1b63f69fdf5265d162ace0,0,0,0,0,0,0,0,0,0,0,0,26,0
b25d7f7fc1d94f6471cad4bde824f619,0,0,0,0,28,0,0,0,0,0,0,0,0
9d81eed44083b001089b058e1db16704,91,0,0,0,0,0,0,0,0,0,0,0,0
f07d5e71e3e40ec530715cad6ac7e1f3,45,0,0,0,0,0,0,0,0,0,0,0,0
662dcd02e7065b5180c58f792d865f53,0,0,0,0,0,0,0,0,0,0,0,89,0
31a0393168f492372e1fd6efa955c30c,0,0,0,0,13,0,0,0,0,0,0,0,0
d71c0edf886e25601c46c9275c9d6f99,0,0,86,0,0,0,0,0,0,0,0,0,0
6ccfba7e27b1080608ae5c17cb0e63f9,0,0,0,0,0,0,0,0,0,0,52,0,0
11a874e31adee78b01b332e33a18668a,0,0,0,0,0,0,0,0,26,0,0,0,0
731adefd4c3e819b6b8f2a26bee1f046,0,0,0,0,81,0,0,0,0,0,0,0,0
1dd5d7eb2df05a1c2bcb16c2afb5d36b,80,0,0,0,0,0,0,0,0,0,0,0,0
d355ddb67831e7fd2aea2d46e9f591d8,0,0,0,0,0,0,0,0,0,0,80,0,0
4d8276238feb972b03ce98ad41132291,14,0,0,0,0,0,0,0,0,0,0,0,0
aadaaf810afb78cff950b77268662eaf,0,0,0,0,47,0,0,0,0,0,0,0,0
da4bf25638a8d7b0703221d175443724,78,0,0,0,0,0,0,0,0,0,0,0,0
8007c91b7a0c9965dae39bc38f35be6a,0,0,0,0,0,0,0,0,0,0,78,0,0
af62ed2168ca5269474ed48b07ad1309,0,0,0,0,0,0,0,21,0,0,0,0,0
b4a4b5f00ee80b26f0eca065282abc53,74,0,0,0,0,0,0,0,0,0,0,0,0
c1484046d01ab3b576dfda57917d3f2e,0,0,0,0,73,0,0,0,0,0,0,0,0
dddfb681dbb252550df5a7984af83587,0,0,0,0,0,0,0,0,0,0,0,53,0
beb58a2cf094cd26766360231c9f9978,0,0,0,0,0,0,0,0,0,0,0,72,0
7919edf9d9327fd3aacb47ce1e59693c,0,0,0,0,0,0,0,0,0,0,70,0,0
78efd698dda8af8e910844c03625567c,0,0,0,0,69,0,0,0,0,0,0,0,0
cf6da5217cd289591480812a833f4134,0,0,0,0,0,0,0,68,0,0,0,0,0
a7c9d370a3ae6440179a6293033dc056,0,0,0,0,0,10,0,0,0,0,0,0,0
355f89f2583f18fbe527ce659195b807,66,0,0,0,0,0,0,0,0,0,0,0,0
e7ff03e9863dd7e5f0d1c6edad401c2e,0,0,0,0,36,0,0,0,0,0,0,0,0
432837396a82946211be4a47e678f9fe,0,0,0,0,66,0,0,0,0,0,0,0,0
ca2d3bbf62eb35c9a126aaf84da5bbfd,65,0,0,0,0,0,0,0,0,0,0,0,0
d429954d241a61f0b97f773b5d2990b5,0,0,0,45,0,0,0,0,0,0,0,0,0
e51fe463e05500e7324b85b0515367d8,0,0,0,0,64,0,0,0,0,0,0,0,0
8448b07b0f648d272dd087364ea49aff,63,0,0,0,0,0,0,0,0,0,0,0,0
a9338c6aadc3dafdb6eb46658f55e4d2,0,0,0,0,0,0,0,0,0,0,0,0,13
47ad7fe7b60ffe8e14a6aa9f3fa0c7ee,62,0,0,0,0,0,0,0,0,0,0,0,0
f0d3ad50b769237ea76695e32fd0259d,0,0,0,0,0,0,0,0,0,0,62,0,0
7d3815ad297493d2c5098401f7311c9e,0,0,0,0,0,0,0,0,0,0,0,61,0
7584f7a4469ad77f5d3145b967afd60e,0,59,0,0,0,0,0,0,0,0,0,0,0
85907e3e8f36aacb254d8931463c4137,0,0,0,0,45,0,0,0,0,0,0,0,0
6c0feebe8cf6c991c1dcc6dbeac70d59,0,0,58,0,0,0,0,0,0,0,0,0,0
0c8e9f426bb24ff8778bb84514eac365,0,0,0,0,0,0,0,0,0,0,0,14,0
2253b40074252ab325d0cb97c3a991a4,0,0,0,0,0,0,0,0,0,0,58,0,0
9ffcf0d17a45d5acbc934f3584d6987c,57,0,0,0,0,0,0,0,0,0,0,0,0
7ae6c13adc5e79913588a58aa415e424,0,0,0,0,57,0,0,0,0,0,0,0,0
a673ba18433e4d006289466e2c365d42,56,0,0,0,0,0,0,0,0,0,0,0,0
b684768f3c13ea3c263dbc461f5442e0,0,0,0,0,0,0,0,0,0,0,0,0,19
5b1daf03b993c52f70879a0adbd44f7c,0,0,0,0,55,0,0,0,0,0,0,0,0
6afc1664d6add0e88df6494dd6e5fb14,0,0,0,0,0,0,0,0,0,0,55,0,0
e8ed9b094e2e95cf10ebd8d7e74cbe73,0,0,0,0,54,0,0,0,0,0,0,0,0
b080f785f267908c7b3f5913f7d37eb5,53,0,0,0,0,0,0,0,0,0,0,0,0
2bee616d8a1372a2869a7a54bb8caaf4,28,0,0,0,0,0,0,0,0,0,0,0,0
9bdd558d6db34bc2ce2a593ff9f9f1ad,0,0,0,0,0,0,0,0,0,0,53,0,0
266a0d4a4ed039c205c3bcba8744a78c,0,0,0,0,0,0,0,0,0,0,0,53,0
6c5f30edaf1b7267d9768f3d97745cb7,52,0,0,0,0,0,0,0,0,0,0,0,0
c07fea4ca9924c764d18b5fa4a531191,0,0,0,20,0,0,0,0,0,0,0,0,0
41c304cf5a102e6daf7f8497d4543deb,0,0,0,52,0,0,0,0,0,0,0,0,0
d9bb2e0cb2d6693930d1cc750492f99b,0,0,0,0,0,0,0,0,0,0,52,0,0
eceb01e6d51b13774150c6408e8e435d,0,0,0,0,0,0,0,0,0,0,52,0,0
ce9f3a52c9a3a6d1ab612caff8267585,0,0,0,0,0,0,0,0,0,0,52,0,0
5a68b1ee6a3c569397044b2e4b73defa,0,0,0,0,51,0,0,0,0,0,0,0,0
502cb8559fbaf9a76dbb457c1bed5b5d,0,0,0,0,0,0,0,51,0,0,0,0,0
c026f5b89a714388d6714f62bc8fb291,0,0,0,0,0,0,0,0,50,0,0,0,0
0b2aa817fd62355db310f818988215ac,0,0,0,0,0,0,0,0,49,0,0,0,0
6feb9c59a51f3ebde8725b4c614fdf8c,47,0,0,0,0,0,0,0,0,0,0,0,0
920fc3a39d089bb486dad0d24b65e18d,0,0,0,0,22,0,0,0,0,0,0,0,0
24478789cc2fcc1a8ac04da37f6494c1,0,0,32,0,0,0,0,0,0,0,0,0,0
51798f3d13340fbccb1f95a218c0da1c,0,0,0,0,0,0,0,0,0,0,0,47,0
f1e7e22cbb55541ac6b5970bf74c7c9d,0,0,0,0,0,0,0,0,0,0,46,0,0
f0605e2365f82ddc954ecb8ac780afe5,0,0,0,0,0,0,0,0,0,0,46,0,0
6d2c4a8f2b4c95765abf0a5fb7c498f3,0,0,0,0,0,0,45,0,0,0,0,0,0
65d122bd925f195dd6e10c3b0f2e09ca,0,0,0,0,0,0,0,0,45,0,0,0,0
e6fb8e5c9124091d645569c9c9279416,0,0,0,0,0,0,0,0,0,0,45,0,0
d6e449c833459812b158c824272f4170,44,0,0,0,0,0,0,0,0,0,0,0,0
743fb04da4e453641bab9f1621e8c10e,44,0,0,0,0,0,0,0,0,0,0,0,0
e9e0c86b8dfad47ae6ab869bbc7d498b,0,0,0,0,43,0,0,0,0,0,0,0,0
b8652ed307efffaa739ebc70362e7c0d,0,0,0,0,0,0,0,0,0,42,0,0,0
435ccff691e6c1f5455737e49229a04a,41,0,0,0,0,0,0,0,0,0,0,0,0
2309a6a8a22de2cf25ebe5ea541f2d3e,0,0,0,0,0,0,21,0,0,0,0,0,0
fd4fbbcc4eab2740bc9f7f3ac7829861,0,0,0,0,0,0,0,0,0,0,41,0,0
bf60381718911bfa1d5b997aecdb85fc,0,0,0,0,0,0,0,40,0,0,0,0,0
b1f39dd1a2f143a07fbdadb41adf81a8,0,0,0,0,0,0,0,0,40,0,0,0,0
df97e0135916930eb1b2caa99a2704f7,0,0,0,24,0,0,0,0,0,0,0,0,0
5c4c28f7507df4c2de8c3ac3534162b0,39,0,0,0,0,0,0,0,0,0,0,0,0
1ad301e8a435e4e27374e2ab915c403b,0,0,0,0,0,0,0,25,0,0,0,0,0
82bc70d27578fc1d70e0ed247d7196ae,0,0,0,0,0,0,0,0,39,0,0,0,0
cba90fa9cd64b4546a480dafa5c96d00,21,0,0,0,0,0,0,0,0,0,0,0,0
faea2dc9b078b6373b368ce4648bc1a5,0,0,0,0,0,0,0,0,0,0,0,20,0
f0267b0235b0cce5a6ab6f30bce71c85,0,0,0,0,0,0,0,0,0,0,38,0,0
0eb81f4a08d6aa0379f9cb73e86a45ce,0,0,0,0,0,0,0,0,0,0,38,0,0
1420e6e269b85498d50d17ac08437daf,0,0,0,0,0,0,0,0,0,0,0,38,0
04f02cf9312d8a7011d16c27929b72fc,0,0,0,0,0,0,0,0,0,0,37,0,0
b93604a908bfdcae564e9fd6e68e65f6,36,0,0,0,0,0,0,0,0,0,0,0,0
17d111ea53518f926751781a64c6491a,36,0,0,0,0,0,0,0,0,0,0,0,0
3d25b3cd37e665f36038e1074f59b437,36,0,0,0,0,0,0,0,0,0,0,0,0
1aac863bed1c989bd490ede1c6e397a3,0,0,0,0,0,0,0,15,0,0,0,0,0
5050f6c37dd7b7f493a629c4c9ac62a6,35,0,0,0,0,0,0,0,0,0,0,0,0
c5b7417c7c5a0cd23c8ff86d9a45fe81,0,0,0,0,0,0,0,0,0,0,0,0,35
4d5cc1e3b0045bd833aa70d27f82e674,34,0,0,0,0,0,0,0,0,0,0,0,0
a85606f72e90eee60284496fd4265d82,0,0,0,0,0,0,0,0,0,0,33,0,0
32b9427eb87e1ff50a25072f086d01e8,32,0,0,0,0,0,0,0,0,0,0,0,0
ad1e83283eacc614464b1f3a68083c65,0,0,0,0,32,0,0,0,0,0,0,0,0
11193897fff9759bd1b4830bf6fc8166,31,0,0,0,0,0,0,0,0,0,0,0,0
f9cd0dc3e58a46df5b09072cf076335a,0,0,11,0,0,0,0,0,0,0,0,0,0
48e444c015569dbd0a6007615f3d0a81,0,0,0,0,0,0,0,31,0,0,0,0,0
02ba2b9f8ba65a39d9d1bc57eca9e67b,30,0,0,0,0,0,0,0,0,0,0,0,0
7c440d27efd74782bcca16e9c3e1a8f5,30,0,0,0,0,0,0,0,0,0,0,0,0
9756ea8d674eb6b682b5bc99073bc307,29,0,0,0,0,0,0,0,0,0,0,0,0
1a55533fa7e13f0a868133e1a322959d,0,0,29,0,0,0,0,0,0,0,0,0,0
379dcb03c7c7634be784eb235d8b20ce,0,0,0,0,0,0,0,0,0,0,0,0,29
8f4e1f60bafcbfbeed25803d74733608,0,0,28,0,0,0,0,0,0,0,0,0,0
fe5b6b1f6e494a03d53da29a38da123f,0,0,0,0,0,0,16,0,0,0,0,0,0
e8cf871ee4a3a26fc343312b2663615f,0,0,27,0,0,0,0,0,0,0,0,0,0
201de96fef61022f2fa35b3364f7eb4f,0,0,27,0,0,0,0,0,0,0,0,0,0
c001bad475a4289b033eab107c122c85,0,0,0,0,0,0,0,0,0,0,27,0,0
c0db01318ed3dc6f2f027e629b067c9d,0,0,0,0,0,0,0,0,0,0,0,27,0
6dcebf8f771fd1a15fe51edadcf75e8b,25,0,0,0,0,0,0,0,0,0,0,0,0
25c4b3eb7601b5cb0126568a27e26a83,25,0,0,0,0,0,0,0,0,0,0,0,0
843e077cfccf5d6bc2fa315c76a9c85f,0,25,0,0,0,0,0,0,0,0,0,0,0
1c19b347cac3c99e0652b2e3e1136bf5,0,0,25,0,0,0,0,0,0,0,0,0,0
c96f268b74ac491a831e6e7a697d3922,0,0,0,0,0,0,0,0,0,0,0,25,0
6caddf3e64acd44b7957602e4241d61b,0,0,24,0,0,0,0,0,0,0,0,0,0
7abe25146c25ca4d73797184dda35d44,0,0,0,0,0,0,0,24,0,0,0,0,0
9f04aa7ec4657a107a46d6f09017761b,0,0,0,0,0,0,0,0,24,0,0,0,0
9494d9f42113794495f709504a4ae961,0,0,23,0,0,0,0,0,0,0,0,0,0
54494b0e4d4c085c030fc11113ac8bc7,0,0,0,0,0,0,0,0,0,0,0,23,0
f7d0f94e2b82de88083a62f8a35c0ce8,22,0,0,0,0,0,0,0,0,0,0,0,0
45a462b1485bb37c4e0606519e2b3d1e,0,0,22,0,0,0,0,0,0,0,0,0,0
40e9d1b46a254356d0b83969fec7579e,0,0,0,0,0,0,22,0,0,0,0,0,0
de45844e475301f2420c3c8b35b2cd13,0,0,0,0,0,0,0,0,22,0,0,0,0
83e3a97807a49796e25dfb26149f7345,21,0,0,0,0,0,0,0,0,0,0,0,0
b7ea19e5a10bbfcba9c43643b35d5ef2,0,0,0,0,21,0,0,0,0,0,0,0,0
5d585f7c1025442c7a7d967470e1162e,0,0,0,0,0,0,0,0,0,0,21,0,0
b4490ab59c1b4a08e1e677fa7b1512e5,0,0,0,0,0,0,0,0,0,0,0,0,21
816d2c1e0f90aef7027de30775d10a5f,20,0,0,0,0,0,0,0,0,0,0,0,0
d4751666064e2155b21c7326729e0ae2,0,20,0,0,0,0,0,0,0,0,0,0,0
2b48554763d0900264999c8c59781277,0,0,0,20,0,0,0,0,0,0,0,0,0
50f864f1658692732c8623c6ea9e7d1c,19,0,0,0,0,0,0,0,0,0,0,0,0
cf3e2340e19785f5045f7df64fa5267a,0,0,0,0,19,0,0,0,0,0,0,0,0
8b1fbcc468055907a0be61a3017857e2,0,0,0,0,19,0,0,0,0,0,0,0,0
160143896e44b1b82d34acdd1eb39fd6,0,0,0,0,0,0,0,0,19,0,0,0,0
14dde174af56b7b4e9f062d0d3983c79,0,0,0,0,0,0,0,0,0,0,19,0,0
4ef02d3e25eb69362b0ee808359cff93,18,0,0,0,0,0,0,0,0,0,0,0,0
aa512ab0da234058e963e6c92aa87c8c,0,0,18,0,0,0,0,0,0,0,0,0,0
c98f7d34b940b4b66309f019489e14f1,0,0,0,0,18,0,0,0,0,0,0,0,0
b4254bd1eed1782bbb92b7a37b882538,0,0,0,0,0,0,18,0,0,0,0,0,0
a51321df82cf7599b7259f1d023a4c3e,17,0,0,0,0,0,0,0,0,0,0,0,0
3ded1adad0605635cbcd6fd208665669,0,0,0,17,0,0,0,0,0,0,0,0,0
ff169e39bba07724e3e1686833140c39,0,0,0,0,17,0,0,0,0,0,0,0,0
e32f0785db027c940ccdb3c9e0a9d3e4,0,0,0,0,17,0,0,0,0,0,0,0,0
9a5f807748281cc675f40cbaf899133b,0,0,0,0,0,0,0,0,0,0,17,0,0
6476806171afbed8ad3ebde9b739ba9f,0,0,0,16,0,0,0,0,0,0,0,0,0
cacc259135b3895ef2a844520bd8394a,0,0,0,0,0,0,0,0,0,10,0,0,0
859663467d9072e361ccacf6df6ef43c,15,0,0,0,0,0,0,0,0,0,0,0,0
ba338840d9063ad1f668997b56c4f172,0,0,15,0,0,0,0,0,0,0,0,0,0
75e4ae19876fc1f681b9a212cee686e9,0,0,0,0,0,0,0,0,0,0,0,7,0
4253a82fc27244c5419c8b6514a08a66,0,0,0,0,0,0,0,0,0,15,0,0,0
d49b46a385dceaabbcafc90c0feffd0d,0,0,0,0,0,0,0,0,0,0,0,15,0
10f6027ef0a7289f1f916431ca66bf62,14,0,0,0,0,0,0,0,0,0,0,0,0
0f557959beedd6687af00cbaf923b0df,0,14,0,0,0,0,0,0,0,0,0,0,0
4240daf6179d276e3e5bdaf711629522,0,0,0,0,0,0,0,0,0,0,0,14,0
1700c8331b1005c76961f451c973302b,13,0,0,0,0,0,0,0,0,0,0,0,0
e905a45b6c9dd4ff8927c15f64f4c02c,0,0,0,0,0,0,0,0,13,0,0,0,0
7240430c7646546f5ecbffa62a8f3ae7,0,12,0,0,0,0,0,0,0,0,0,0,0
bb236a60f0d4231937d017e79bc17667,0,0,12,0,0,0,0,0,0,0,0,0,0
04a6e3f1f1f67a5eb3e9155e492c8da8,0,0,0,0,0,0,0,0,0,0,0,12,0
c33582d32c2935b0fb3115aee3052e95,0,0,11,0,0,0,0,0,0,0,0,0,0
5ba702dcd47c6c1bd26f74d6894bc441,0,0,0,0,0,11,0,0,0,0,0,0,0
ba6e09fcecdee014a9ee66456e94dea8,0,0,0,0,0,0,0,0,11,0,0,0,0
3ccfe85b4a3281c811690d5d8e42568d,0,0,0,0,0,0,0,0,0,0,0,0,11
3ef629e9f59453a64aaf1659339e5f0c,0,0,10,0,0,0,0,0,0,0,0,0,0
330a7850d7f532e2fa665df04a5667ee,0,0,10,0,0,0,0,0,0,0,0,0,0
2da8436c8f6e99588a24a86aba873325,0,0,0,0,0,0,10,0,0,0,0,0,0
a366cbfd80eddf4fd09ff904e9325058,0,0,0,0,0,0,0,0,0,10,0,0,0
eb76333eeeffbf0646278ef48a5a258f,0,0,0,0,0,0,0,0,0,0,0,0,10
4b4fbdebd37c543595327fb309ef7d69,0,0,9,0,0,0,0,0,0,0,0,0,0
7b404b607c43854bb88272318035d866,0,0,0,0,0,0,0,0,0,0,0,0,9
8ba520385f84a18799b55413c6373ae7,8,0,0,0,0,0,0,0,0,0,0,0,0
6e80ad6cef65e3040eb759ddca9ae035,8,0,0,0,0,0,0,0,0,0,0,0,0
7f74892151c6d4b1c4c05aadf153a275,0,0,0,0,8,0,0,0,0,0,0,0,0
763787714c73d714e3a13693d3a8e90b,0,0,0,0,0,8,0,0,0,0,0,0,0
fb4b5616d5ad92a7045595737c1c651e,0,0,7,0,0,0,0,0,0,0,0,0,0
150bdb742d07359b6893ab87ee8bb73a,0,0,0,0,0,0,0,0,0,0,0,6,0
de6f55db81c897de9d3ba05ec253ec20,0,0,5,0,0,0,0,0,0,0,0,0,0
a7846b29c926c34167e3846a3b11cd8d,0,0,0,0,0,0,0,0,0,0,0,3,0