OTUID,006W4,010W4,014W4,015W4,016W4,017W4,018W4,103W4,104W4,105W4,106W4,107W4,108W4,109W4
461e88572c8531337fca53eec668f6af,72,110,352,0,160,0,0,0,232,111,0,170,186,116
4097a388df74933fcfcfccf035b999dc,160,98,0,0,0,0,0,209,159,159,274,135,75,295
b41203c39cb61b9cad701eae576c7a1f,106,120,0,0,0,190,0,0,182,0,0,162,80,303
b5b0a1eaf94f7c48cca227b748b1036d,2329,1399,1934,269,735,1623,207,1433,5168,1944,1510,2825,647,268
9992356b67d588dcfae3705dff08cab0,73,111,0,314,0,0,0,0,158,111,0,89,90,111
63dc415afa46898d8f95e86cacdc2959,179,102,151,0,0,0,0,0,101,0,0,0,0,276
0785e6aa088438bcb540dff46140d8dc,121,83,0,0,0,0,178,0,137,0,0,292,97,285
7959d6c6e725d05ab35dc33940d086e6,90,85,0,0,0,0,0,0,127,58,0,63,0,259
4785ca0d6be9ce6b756299fdb9cbd446,42,123,0,0,0,0,0,0,197,98,0,70,0,201
094f65a2e1dc6dc372adb7d92578960a,2943,1176,1271,399,632,1297,194,1156,2906,917,1092,2493,431,620
3bbe760934382858060797fe375bfae9,53,82,0,0,0,0,0,0,127,0,0,66,0,266
d1bf5cbb64f8143d138fceda9490ca0b,69,77,0,0,0,0,0,0,0,0,0,69,77,226
5fefd58eff69972a90d5e8028ba79fa1,3355,1234,1292,560,425,1198,215,820,2332,812,983,2238,467,804
298ecc6af776bb7edff402ad29dcba9f,65,99,0,0,0,0,0,0,69,43,0,0,119,233
061f96f0edf66dc86ed5fdc108beb5bd,1922,819,695,159,857,936,212,946,2107,850,795,1145,323,644
1a51394e215894d87a1cd321fc8556a1,1577,1027,1886,302,375,603,122,535,2680,650,832,1097,326,249
0c0223d88228e470fd1520acdb55adad,1077,767,756,107,589,566,116,788,3075,1116,891,947,258,401
122abc1a0801399ae12837ae3f7ad8e4,1528,868,668,193,650,602,154,823,1746,726,771,1100,249,522
9bd57ec9560f1d1e419889a2c6ed0597,2005,944,596,269,786,816,135,903,1265,550,851,1569,319,650
9ed12ad9eb23953f49fa4112d8487ba1,1969,1060,1384,364,340,615,128,501,1487,413,673,1313,322,641
2990a0b19ee737c3819b09eab3854f41,2492,1236,1496,451,255,486,133,372,1347,417,622,1185,300,581
85d3fce12aaa2b050781ed410765568a,147,0,0,0,0,0,44,20,0,0,0,121,0,109
9bf4bfd490198dfcaf6f33c9ac7bd23d,1835,1092,675,226,493,501,158,526,1281,534,757,1020,305,547
e3df63291734eff5d4e84915c9433425,0,0,0,0,0,0,36,0,0,0,0,0,76,0
b790cecad3d91a6a103b4287cd42e02e,0,0,0,73,0,0,0,0,0,0,0,0,0,205
11726ed62c9b4eb40ca0c8e9c38a90d6,0,165,0,0,0,0,0,0,0,0,0,0,157,261
b8bfe583dafe3e4d9fece27d5563a8af,420,300,195,103,124,353,0,44,256,288,186,166,375,0
3e212ec59d2a26034a9461b3be2dfef9,345,99,274,0,133,246,125,98,788,828,242,619,212,72
3824b3f159f036f4358a344e9c0f382f,0,0,0,0,0,0,0,0,0,68,0,103,0,0
d374682147173515630598e0e483924e,0,0,0,0,0,0,0,0,0,0,0,0,0,234
0bcb53855af97159c395aeb88833dcba,0,0,0,0,0,0,0,0,130,0,0,0,0,0
21c57ad5c5ec7c24404d687accc2c620,0,159,89,0,0,182,0,0,0,68,0,0,51,0
8f49c09144667b6ffe7b00ef3c32b3aa,0,0,68,0,55,69,0,0,0,78,0,0,0,0
9a58a85ddf3248935651994771815066,0,0,0,0,26,49,0,0,0,0,0,0,0,154
7dca7af5849f88ad4c6a7b28816dcb9a,0,0,91,0,0,0,0,0,0,0,0,0,0,215
ef8117495584b56d93548abadbd6cd95,0,0,0,0,0,0,0,0,0,0,0,0,0,179
d7bd96a9eac19c340eb5b474627a71be,0,0,0,0,0,0,0,0,0,0,0,0,0,192
39d16bf5914bdb10e3e5a757a1218128,160,0,223,0,148,249,176,0,246,396,184,0,158,0
f285706d7b44425572a63b08341f920b,399,89,189,66,118,231,101,246,469,464,208,580,129,140
731b960f23d3504535554eccba9f97f2,0,0,0,0,0,0,0,0,0,0,0,0,0,177
85a6d642470b605d7446bda4b5dea812,462,264,135,99,0,419,47,0,203,120,0,145,254,0
6c3ef2d4a3168003d6ab92f0a78e52db,298,187,208,78,140,371,174,0,236,241,314,248,280,0
5a3aea466a183c2d38eb8b176d4bd0a9,183,218,0,51,0,260,159,160,244,210,213,445,0,0
28f13fc574332ed14594035be1f60b98,0,0,0,0,0,0,0,0,0,0,45,0,0,212
9e9b57cb089c3a4a70c25eacd0e8ad39,0,0,0,0,0,0,0,0,0,0,0,0,0,175
60cc7d8592d0be3c2826c6267eae2984,65,0,0,60,138,0,178,0,0,331,299,229,270,0
1f2caf42bbd4905672ded7cddaeca40c,0,0,0,0,0,0,0,0,152,0,0,0,141,68
e26fbebba4cc952ff2208d98a43df8e5,356,90,157,138,0,324,69,0,444,194,0,0,394,0
d39ee45607955971f9eaad76d0059f67,120,0,0,0,0,0,0,0,0,0,0,0,0,0
cc215a476252ea0ccd4bcf3bd45faf46,515,275,143,120,0,0,0,0,269,120,0,125,242,0
c3e1fc1c37e41eddf2684a0666c93167,0,0,0,0,0,0,0,0,0,78,0,0,0,264
c7f5c0285b89fcff5c9778bc384d62b8,458,103,197,209,62,108,135,0,386,356,188,484,66,151
c4ded8599b47108d5e34a11cb2f103dc,0,0,0,0,0,0,0,35,0,0,0,0,0,0
a89bdeef9e2e518ad28c6899075afe38,0,110,320,0,0,0,0,0,498,177,0,0,230,0
512fb2bfcb9f08fd7f1de3864b167c89,164,0,0,124,125,0,150,0,129,0,133,423,132,0
23ff1ceda1352ef7d1582c230a0a9494,268,0,0,0,0,0,55,0,0,0,0,0,0,0
5c85119666bb9fc827c3315134cf59f8,0,0,19,0,0,0,0,0,0,18,0,0,0,0
b3b3eefd165e929f784f912165c76013,218,0,0,167,0,68,97,0,126,244,143,388,86,0
81d77fcc068b215e9a04729053416a8c,176,0,129,0,0,0,0,162,0,0,0,0,0,0
98ec867428fa2d84f8abd2eafcc97651,0,77,0,0,0,0,0,0,65,0,0,0,0,0
b9cd672a2b71e2ac6b686dc3de3972bb,244,0,0,0,0,0,0,0,0,0,0,0,0,0
dd8a09521c78c44b26ce59188b1c1341,0,0,0,0,0,0,0,56,0,0,64,0,0,0
51dfc8e30f17859a5f8d011d1718e6dc,405,75,109,191,0,304,95,0,260,267,0,0,254,0
9348e6e1aa675e632fd5bcaf53208399,353,162,110,119,186,0,210,0,149,124,187,152,211,65
50871ef57b5bd745fc903b8221f46eee,0,0,0,0,0,0,0,0,0,0,0,0,0,36
5bfa6cc0f61bc374074856a27cfe51d6,0,238,0,0,0,0,0,0,0,0,0,0,161,0
078ca2e2199edabd0c9a69d1285ec237,305,0,0,0,0,180,0,121,0,0,0,0,223,0
3d95d9af453da2420df18136607e0274,0,0,76,0,81,419,0,0,0,0,0,0,153,0
b10448cd4124bdfd706450a4189961ef,0,0,165,0,0,154,0,0,291,981,0,224,2305,0
39e4e482fac866fb40dac0bb65fff8c1,132,0,0,0,0,0,0,0,0,57,0,0,0,0
a12e2fa6917f40e375725c9eb63bd598,329,212,66,44,107,0,0,0,110,146,0,86,170,0
e8fb27cdade4f21030ae2ec2c7c5c65a,0,0,0,57,0,0,0,0,99,0,0,0,0,0
5abbeb2b46fb4d461812e6667166aeb6,0,0,0,0,0,0,0,0,0,0,0,137,0,0
09200481c23b5473a5263797322a8ded,0,0,0,57,0,0,0,0,0,0,0,0,0,0
e362ea63ea3ee4c9954475abd6c21df0,0,0,0,0,0,0,0,0,60,0,81,60,0,0
c50e99458383ebf13ec3c37e8bd41b0d,0,0,0,47,111,0,167,0,0,0,66,62,187,0
c505e5292d56c52b738fea0e59cf10d3,303,236,224,72,0,0,0,0,139,0,0,68,166,0
465e917ea06d1ce6ea785d27f0372ef6,0,0,0,0,0,0,0,117,0,0,0,0,0,0
99c02683cc24f7897a97a5538b42dd5f,261,64,103,34,141,93,118,185,388,387,138,273,0,170
fba2c425666cc798aba66b67f343e7cb,151,0,131,0,108,0,99,0,548,566,186,248,0,114
3c7c2bff8010a2df93804ac94513591f,0,117,0,0,59,198,0,47,353,236,289,0,0,0
d3ee07171cd709aca368030b3209f716,189,70,87,62,69,138,105,0,295,341,162,250,113,124
d609fa906223bfb6bb432c6d28154d8d,223,67,0,134,0,307,0,0,134,147,0,0,0,0
4892f891da14927a3757123340696763,254,0,0,84,0,0,98,0,0,96,141,343,0,0
7a9f566a4acbab7a0bf11492ac571d34,0,0,0,0,0,0,0,0,27,0,0,0,0,94
ffdae294d23dec8a1057be1c01a82b00,120,0,0,0,0,0,0,0,0,0,0,0,0,0
5a94ea9f1f429d628fa9158bcc3f3522,249,74,272,0,0,0,83,0,430,319,161,268,88,59
4d3daa3c91ad9dda7d2eabc0e1158e4f,176,0,315,0,0,0,195,0,0,261,0,189,0,0
bf0b91f3de23f64092882b9887a3df88,0,159,0,0,0,0,0,0,416,0,0,0,0,0
cf49d991671be2cf1108345cb1465669,0,0,0,0,0,0,0,0,0,0,0,0,0,91
9ffb5190cf388cbbec7913498475a99c,440,70,130,248,0,143,92,0,221,84,0,0,296,0
b1314ba67a3793fb1e4c677b19108ba9,190,0,0,176,67,0,186,0,124,0,130,0,57,0
405e7a354649f70e195564833ecc68d9,391,260,161,152,0,0,0,0,0,0,0,78,179,191
59b46738c3796eb8a58ef6444318efba,281,76,79,0,90,0,81,0,252,246,159,351,0,159
20d68a0b001be78fb9d679a71bd43f8a,416,162,0,126,0,0,294,0,132,173,173,79,218,100
75729107decd79c5d5e090fcf5dd6755,0,0,148,41,0,0,0,0,0,0,0,0,0,0
4584f9eff6a6695ed421f0610f52d1a8,343,231,55,62,158,0,0,0,0,59,0,101,149,0
7fafc6840f0649b5170fe142f8f936c1,0,0,63,0,0,0,0,0,0,0,0,0,0,0
929d4e9a806320e6189bad0b6e894de2,95,0,0,0,153,0,101,0,173,141,91,157,0,0
c5f24fe13978fd95092e795e9e46fc6c,66,289,0,107,90,0,201,0,0,0,0,136,230,0
cfd37ffa1a70b8fff7b79e58ebcdb405,0,0,101,0,0,0,0,0,0,0,0,0,0,0
8cad557b7e0fd2b410eac540c11cf0bb,0,0,0,0,0,310,0,0,0,212,0,171,0,0
fa9bb40f48ae1ef6b0f6494b3abaf8a6,0,0,0,0,0,0,0,0,0,314,0,0,259,0
feb2dc98b4f1630df7158b754f4486a2,316,86,76,67,50,58,85,0,265,229,143,308,48,127
43adc9217ba723d1bcd2c573d2fb1e4c,396,0,0,0,0,0,0,0,98,161,0,235,0,0
2b2c981ac9beb12f83ab35a415587e97,275,0,0,0,0,0,0,0,147,299,0,82,0,0
ae58b01c1037327da64c582a01b8e5dd,0,0,0,87,0,0,0,0,0,0,0,0,93,0
b9a6ecdc193dfd1f995e0ddbb19ebeb4,0,0,0,0,0,0,0,0,0,0,0,37,0,0
1871e37f08816e92048c77f7fe220b87,0,0,0,0,9,0,0,0,0,0,0,0,0,0
c19a37d32d24511f00ba3485d1220e2d,0,43,0,0,0,0,0,0,42,0,0,0,0,0
95d4e5d77eb28dee70ccfa0b548e56ca,251,0,0,0,0,0,0,0,0,0,0,0,0,0
78d81b00750eaccc6635b070085b4d38,0,0,0,0,0,0,0,0,0,0,0,0,0,102
d5b3e2256181d083769e7cbe2547e843,110,0,0,39,121,0,134,0,135,0,68,0,0,0
81d96525bd015b78acc51a3f06dcf09a,0,0,0,0,0,0,0,0,0,0,0,0,69,0
086605d3d0d8043656f49901477ad105,0,0,0,0,0,0,0,0,0,0,11,0,0,179
2d903c6c2c94274e1fc2dfd05b28aad8,0,0,0,0,0,0,0,0,0,0,0,0,0,47
d94079e1ce9d377c9783282155b2c5ab,131,0,0,134,0,0,112,0,188,0,0,0,0,0
9a33658ad17fc7f1fab1dbab1da6d104,0,0,0,0,0,0,0,0,0,0,0,39,0,0
8b00e04a01f74b43b597b1105c115d4a,392,0,0,0,0,0,312,0,135,170,0,0,0,0
2265096bb1558f3291eb7207029c135d,0,118,0,0,0,0,0,0,0,0,0,0,0,0
3868fe642ad7a297f20fd29db63f1cfc,306,380,145,0,51,163,0,0,0,0,0,0,71,0
929da7566b6d22d1d2a629ece1aba9d9,108,0,0,0,90,0,129,0,123,0,135,0,0,0
89eb05a1116986a85b843ace280b8b2a,0,0,0,0,145,0,0,0,0,0,163,225,0,0
dfe2cf99425be4cfbd386f422a478095,0,0,69,0,0,0,0,0,0,0,0,0,0,0
6f90c898da996a9bea2bf7b02f171032,0,0,0,89,62,0,0,0,105,0,0,0,70,0
29584c306ab826d7ae491dcdb014dcf9,0,0,63,0,0,0,42,0,0,0,0,0,148,0
c7488c1987be6981c5d1c8eddf75bc31,162,70,0,0,0,0,0,0,0,0,0,0,115,0
a56c5895c1a30347be75857701fc2981,122,0,0,60,0,0,85,0,122,106,129,175,0,0
85634307bb92c9097826f0e2d1869ee9,0,0,0,0,0,0,0,0,0,0,0,0,0,68
5df4619d188e7f1c7c250738d0599c89,0,0,0,0,0,52,0,0,0,0,281,0,134,0
725f846f6771fe402c31a8c88b12ac6b,359,239,72,138,69,137,0,0,0,0,0,129,137,0
da71f096ea5972db29858d2944f14fe4,259,83,125,211,0,0,55,0,139,0,0,0,179,0
e82f4792591bd3c02caf1d71f561d11e,122,0,0,0,134,0,115,0,0,186,109,172,0,0
1fb73e68cde6c83644ad262867a0f36a,134,0,0,0,0,0,0,0,0,537,0,118,1673,0
919749aa739f0135e3ed93df54d8966c,0,296,0,169,0,0,0,0,0,417,0,0,1706,0
eaa8dbbe2f4e81801db94c07803f2658,251,138,0,86,102,0,135,0,66,109,162,0,129,135
9c754dedfade8f528831e6ced35ebf20,0,256,0,0,0,0,0,0,0,0,0,0,0,0
46edfcf65339546943ed05cba8a05394,0,0,0,0,0,0,0,0,0,0,68,0,0,0
3eacc6425edd26eae6f2fa158f042ca3,0,0,0,0,0,0,0,0,0,0,0,0,31,0
2227c511b45b224df2385d5b0ba167df,0,0,0,0,0,0,0,0,0,0,0,22,0,0
e08cdc1534af11f87ded2889e9e98d4c,367,101,98,280,0,0,51,0,137,0,0,0,231,0
5eb11f2c8df650c514a9a29540162ffd,0,86,0,195,0,0,0,8,0,0,0,0,114,0
a983799f4843e1a9d165a8bef1235858,0,0,0,0,0,0,0,0,0,0,0,0,0,201
226ab2cdfc058640f626490f6b14d6e6,118,0,0,63,0,0,125,0,73,105,0,0,0,54
1fa4d1bc4fa79be90a75ac329baf1507,0,0,0,132,0,104,0,0,0,0,0,0,0,0
ba124078bf5f5bd1032cb837588a57fe,253,157,0,127,42,0,161,0,55,0,137,71,159,55
3a65b5b5701bd8a1965b6b5d38648dab,233,0,93,185,50,0,67,0,152,119,125,269,0,100
f5240bdfbbfb5d4aaebfeedb19236e02,0,0,0,0,0,0,0,0,0,0,0,31,0,0
e5a0a44e6f8bac62e5da9f52f6cfbaaf,0,0,0,0,116,0,131,0,0,0,170,0,109,0
42562be072d10d6bd37e88dce4ea3023,0,0,0,20,0,0,0,0,0,0,0,0,0,61
306afa2d3e6312a6d8a5df652de56352,140,0,0,0,130,0,137,0,75,0,78,0,0,0
85cfe0f5719b8312f3084304db49e0da,151,0,0,69,41,0,114,0,115,0,0,0,79,0
1035ac0d829f1899b14707aa1bab3dfe,212,65,0,0,0,260,174,0,253,188,257,85,0,0
82bf6a6030c3ec4bc670ee92fb8c75bf,492,0,0,0,0,0,0,0,181,272,0,0,0,0
863f2b53a6ef4611be4a4f454d788523,0,93,0,87,0,0,0,0,0,207,0,175,0,0
b5f7aaea317e895d04a6a0e2d33d4a4b,277,150,0,80,86,0,176,0,79,119,182,52,122,65
b9cd20ee38e0e7699e9dcd7807adc7a3,88,0,0,0,0,0,0,0,0,0,0,0,0,0
22b4b1c846416f504f18b55d843fe1c3,124,0,0,0,78,0,134,0,73,137,84,0,24,0
87b0bcbf72c77a4fd2cff619936b7213,43,0,0,0,0,0,0,0,0,0,0,0,0,53
25c5933dd6bcdb24f654fd12a4a57ca1,0,0,0,0,0,0,0,0,138,0,0,0,0,0
40634fa5230eeac1caad2a1051a1ab8f,0,0,0,0,148,0,139,0,0,0,0,0,141,0
052598d33e54132aea15cd89384a33fc,46,0,0,0,0,0,113,0,0,204,0,217,0,0
d80eaf077afe72a9d1032d2f932e1f52,0,0,0,8,0,0,0,0,0,0,0,0,0,0
d1453db83a1cbf65b59df9193187217d,0,0,0,0,0,0,0,0,0,0,0,0,106,0
5bfe6c5c471790aba34aae36c10771b3,0,0,0,0,0,0,0,0,0,0,0,54,0,0
6dbeaca5516935f0c2e9c8b07aa4d43d,0,0,0,0,25,0,0,0,0,0,0,0,0,0
4ef6fa17dd0193dbc52346608e50dda4,250,0,0,0,0,0,213,0,0,86,0,72,0,0
06be9b3e39b59471ca036a24d95bc37c,0,95,0,199,58,0,103,0,0,0,0,67,144,0
d705300a70b8ff7ae588698fa05eea82,0,0,0,66,153,0,134,0,0,0,73,193,116,0
be2f4e017534fe515003855f432d0cd2,0,144,45,0,269,0,109,0,0,0,0,291,0,0
ef30c8ac907393ad0a378a08d336b35a,0,128,0,0,0,0,0,0,0,0,0,0,0,0
156f27e6da0e7a0990e6a4c5c275531c,140,0,0,0,88,0,140,0,65,0,110,0,0,0
3387ae2a0c84e3c0837e5f2ffb2a69af,0,152,182,0,0,0,0,0,0,0,0,0,0,0
c97b4c2e8a3a7d2c55d96d9e906aa169,0,0,0,0,0,0,0,0,0,22,34,0,0,24
5eaef17adb635ba7b68a67d625ff29a8,156,0,0,0,0,181,82,0,0,0,112,258,0,152
06c455ca1a5e8aaadad3a503698b2c27,0,0,0,0,0,0,0,0,0,0,0,116,0,0
5fe266e2710d52e46fd8d1f52caf4848,249,0,0,0,0,0,80,0,0,0,0,0,0,0
e5403356349f1325ee0334d481f5c845,0,73,0,115,0,0,0,0,0,0,0,0,276,0
98d85850fdc1de580f3305eefb4ae9ea,38,0,0,0,0,0,0,0,0,0,0,0,0,52
c42a72e8c63206c9f10f630d81a08830,187,0,0,40,0,0,0,83,0,0,0,0,0,0
fcec236cf267db7d1be12d7c4bb53841,643,0,0,0,0,0,0,0,0,0,0,0,0,0
b04f955ea68713c6cb1e865222e16b34,232,0,0,90,0,0,65,0,72,0,74,177,0,0
4aa3d0a9c8ea49006cd6c9d4634d4707,38,0,0,0,0,0,0,0,0,0,0,0,0,0
6e15578110449aee7c05b63ace6c2725,0,0,0,0,0,99,0,0,0,0,0,0,219,0
1aba5493e44d6ce3897b656d92f149ed,59,0,0,260,0,0,124,0,0,138,0,240,0,0
8d68758f74b3de6fa71190091edf6fde,130,0,0,77,0,0,103,0,113,0,143,159,0,0
bee1d58137cd8ae3d40034c500055626,0,124,0,0,0,0,0,0,0,0,0,0,0,0
93dd777bb22fdf04e43d0617bb1c19c4,0,0,0,0,0,0,0,0,0,698,0,0,1047,0
faafc307e940d9827930c97ae73275b2,0,0,0,0,0,0,0,0,0,0,0,0,12,0
b6d4c133e18a45d73ce1eeced86336e6,162,0,0,101,0,0,81,0,0,60,87,205,0,0
8740b51be2080b085bafcc5e8f425d83,0,0,0,0,0,0,0,0,0,0,0,105,244,0
fd01400f27508a89ac8359371055e56c,141,0,0,0,0,0,0,0,0,0,0,0,0,151
284ee595350d6fa33634b75de3746e91,0,33,0,0,0,0,0,0,0,0,0,0,0,0
8f0ee3adde51fb2dec4c0b8702f6af03,0,0,0,0,0,0,0,18,0,0,0,0,0,0
5af5bf17d0a5ef239d2a3bb1630dd433,0,0,34,0,0,0,0,0,0,0,0,0,0,0
2f11909e8086f147c4fcc4d986b6b295,0,0,126,0,0,84,142,0,0,0,0,0,0,0
7579b4e85aad29f3be8220c825053977,249,0,0,0,0,0,0,0,0,0,0,0,0,0
9396c78f7315eef029a8c31043d487de,0,0,0,0,90,0,0,0,0,0,198,0,0,0
90bf835546c3b1000470c1736232d983,0,159,0,0,0,130,0,0,367,0,0,0,0,0
662dc33a051ee6cec145d4837d6bb273,740,0,0,0,0,0,0,0,0,0,0,0,0,0
b06b829b7b36406553655011b7c0c1b4,0,216,0,51,0,0,0,0,0,0,0,0,0,0
f76072a034341437c606c359f22f4c44,0,0,0,0,119,0,0,0,0,0,0,0,73,53
3efca481c4fb1ce32ea9c194f26353db,0,87,43,0,0,0,51,0,0,371,0,0,1237,0
14c064c4a374798ef2e6f1b5f9f5405f,153,0,0,0,142,0,171,0,0,152,0,116,0,0
0f986cb6e08e8e0e27a631694e0ee608,0,0,0,0,0,0,0,0,0,0,0,0,0,205
3e145e5b89e14039c03adc4c52fd4886,0,335,0,0,0,0,0,0,0,0,0,409,101,0
5270ecc0cc323e0f2fe5b2f4d1279903,0,42,0,0,0,0,0,0,0,452,0,0,1102,0
88c1c1e77e6fd871a05a5b1938291b76,0,269,0,0,0,0,0,0,0,0,0,0,127,0
ac700ec758aca53a78f40b85a894a5ec,0,0,0,0,113,0,0,0,0,119,0,0,80,0
e12fcad9d10849440a313cda1470f8df,0,0,0,0,64,287,0,0,0,0,0,0,58,0
3cc0098b43cde22db544a6c71877808f,0,0,0,0,0,78,0,0,0,0,0,0,146,0
3c51390a286fde6636962cf271090fa4,0,200,0,154,0,0,0,0,0,0,0,0,0,0
9ac6c70de599380f3bbb301a4462a7bf,227,166,0,0,0,0,0,0,97,0,0,358,0,0
4d4489f9009d5e29cecef45b6ff8588a,81,0,0,118,67,0,86,0,46,0,60,0,0,0
a7fe69a7f776ab22296c33390f8d87da,0,242,0,166,0,0,0,0,0,0,0,0,0,0
8f79a96adf5d4599bfaf5ca7b17c77f1,218,0,148,0,0,0,135,0,0,0,0,59,0,0
2230f83a69b3ad6df956609e5196ff1c,0,346,0,0,0,0,0,0,0,0,0,0,0,0
94584d2e4a6c39a7ca14109eb87a7e26,103,0,127,0,43,0,0,0,0,0,0,0,111,0
2ae9b8a5b73030035131a0d8fcc18bfb,0,0,0,0,0,0,0,0,104,0,0,0,0,0
1e1ba2879ee4a670cf90513c9f9b78dc,150,54,166,0,0,0,0,0,0,0,0,0,161,0
15e9dae02def1fa7d8f5f78c942daf2b,189,0,0,0,272,0,212,0,0,106,243,0,0,0
1c1a2c5fb789c1796dbabb9873125298,0,102,0,0,0,0,0,0,0,0,0,0,0,0
dafc8732aabd6e89a6e9c6490e5d46fc,141,0,0,0,336,0,0,0,0,0,0,0,0,0
464b9efdbc0fee6448df45444699d85b,0,0,0,10,0,0,0,0,0,0,0,0,0,0
a8340b0c218918319ba40833b8b031b8,104,0,0,0,74,0,110,0,0,0,0,239,0,0
07e923ec80c7aee226645e232aa105e7,0,288,0,0,0,0,0,0,0,0,0,0,0,0
ae6d6e633b57679515575184e5f85b05,138,0,0,72,0,0,70,0,0,151,79,152,0,0
e9d2f538d8de6b77c23f9dadaa036807,158,0,0,0,0,0,0,0,0,0,0,0,0,0
9a7111af61e89d3af766f5a10d4df8f2,280,0,0,0,0,0,0,0,0,0,81,70,0,0
9e2604f7c87c8903c9da24810313b0ff,54,0,0,0,0,0,136,0,0,79,0,126,0,0
b8824edb686575b5062a8de3c0337b5d,90,110,209,136,0,0,0,0,0,0,0,0,69,0
247bb4fa9bd71adf5729bbf6c9f233b9,0,0,0,0,0,0,0,0,0,94,0,0,87,0
22896d79c7b801b507c7506483e3d3f1,0,0,0,0,0,0,0,0,0,0,101,0,0,0
307953ba6fce4d052016fb38f5bc0bd9,0,0,0,0,0,0,0,0,0,271,0,0,0,0
e12051cb8aa81f7d0ba1d37a3206504c,599,0,0,0,0,0,0,0,0,0,0,0,0,0
4ea5712a9ae3e63093cbb6cfbb09face,187,0,0,0,0,0,0,0,0,252,0,53,996,0
4ecc1dbec7181dcf52705ac3ca0076eb,0,0,0,0,0,0,0,0,108,345,0,0,870,0
8090f3655cb903fd9eb62b1f9d5f1f68,0,0,73,0,0,0,0,0,0,206,0,0,1140,0
ccb619292de699076559494cdef3f9ef,0,0,0,0,121,0,0,0,0,0,0,0,0,0
6078cf2e7ceb5927918b26dc44302bef,0,165,179,0,0,0,151,0,0,0,0,0,106,0
18c0d9f42fa2535bbb9e554ff7800f16,0,0,0,71,0,0,0,0,0,272,0,0,933,153
c98d198ec15f6a655de59a858f95974a,0,107,0,0,0,0,0,0,0,335,0,0,963,0
ff70b1b27e33cc404eaa28bf321d4f87,13,0,0,0,0,0,0,0,0,0,0,0,0,0
4de51e88d526470274e631c5df28cefa,0,131,0,0,0,0,0,0,0,0,0,0,0,0
c1651e22bd7ffd07fb98d8f5db99b337,0,340,0,105,0,0,0,0,0,0,0,0,0,0
000bd81a4c175fcb8794bbab1b47c0dd,533,0,0,0,0,0,0,0,0,111,0,0,0,0
14031b6385b75f430dd2797399272f3f,0,0,0,74,0,0,0,0,49,0,0,0,330,0
95f9437ffd50bd8809bbe046c5063aaf,0,0,0,0,0,118,0,0,0,0,0,0,80,0
684bbba7619ed78f45e4dd741184dcf7,0,199,0,0,0,210,0,0,0,0,0,0,214,0
944663b8e43a914ec1ab30847a8094cf,0,0,0,0,0,0,0,0,0,0,0,0,265,0
ba73f90009d723cc1863982baeea1902,90,0,0,0,0,0,0,0,0,0,0,0,0,0
3c1cc4fbca67cb218a86b6e294625926,375,0,0,0,0,0,0,0,73,0,0,0,0,0
7611dfe89382807cfc8fcc483f83f577,174,0,0,0,0,0,168,0,0,70,0,72,0,158
ffe60585a3d1adf37a4dac56862793e0,0,0,0,0,0,0,0,0,0,0,305,0,0,0
a7a593f5276babc770452abb5bcf2b98,0,0,0,42,0,0,0,0,0,0,0,0,0,0
21aecbb519534aa1d58b03492f5ba7a0,0,0,0,0,0,107,0,0,0,0,0,0,0,0
1157139fcc76a9f7f895ebfe96ce2bab,0,0,0,0,0,195,0,0,0,0,0,0,0,0
10528055652ec0347140eb13b647b688,242,0,0,0,0,0,0,0,0,0,0,0,65,0
34d151bcbcf3e6e101dc5f8b9d362ef3,0,0,0,0,0,0,0,0,0,0,0,0,145,0
9686e061a1c0571a4207488a8a28f1b3,199,0,0,0,0,0,0,0,349,0,0,0,0,0
23b96f514bb33eefd41ae44b37805b42,0,0,32,0,0,0,0,0,0,215,0,0,695,0
52668855f7865c0b8c2e6646f7560b70,0,0,0,0,0,78,0,0,0,0,0,0,0,0
5ca7b0a0a1ff5e566488e0c403a33292,238,0,0,0,0,0,151,0,0,0,0,51,0,0
f76760c8b5608bc4f3b55cdf336993a2,0,69,0,83,0,66,0,0,0,0,0,0,0,0
db61794903b11e2a0af58c4024dd0d2b,20,0,0,0,0,0,0,0,0,0,0,0,0,0
dd7472754120b5b8916735c462415a92,0,225,0,189,0,0,0,0,0,0,0,0,0,0
05059ec5477ce971d75b59e376c4b698,0,0,0,0,0,397,0,0,0,0,0,0,105,0
1344e42c1dac30d87f0423243a6fe412,0,0,0,177,0,0,0,0,0,0,0,0,0,24
8311e25f669a1df97f46ab88a2fed652,0,92,0,0,0,0,0,0,0,0,0,0,0,0
70423304f1e65c127533e10752f98909,66,0,164,0,0,0,0,0,0,0,0,0,0,0
01b70c358fb68d07b92b270841b6b5e0,0,0,0,0,0,0,0,0,0,0,0,0,91,0
5bbf9126e3492cd6f8f2e45e8b1ba3eb,0,50,0,0,0,0,0,0,0,0,0,0,0,0
a3a5b34fe5d46b30ba8f1d3d7c776ca0,0,0,0,118,0,0,0,0,0,0,0,0,0,0
8d00d522295a211e92ee4b3d6a8fb0a8,0,0,50,54,0,0,0,0,0,0,0,0,0,0
06e7977be39a9c833e39ebea4fd7bbee,264,0,0,0,0,0,0,0,0,0,0,0,0,0
98cabfec43854bebef35a919c5d04644,0,0,0,0,0,0,0,0,0,132,0,0,682,0
86c06ff4e962f09304557db5b8a45854,25,0,0,0,0,0,0,0,0,0,0,0,0,0
da5cfd6fa84d0bbd10398f42ba81de91,0,0,36,0,192,91,0,0,0,0,0,67,0,0
dd317bd5297ce9a62c068d425674cfe0,344,0,0,0,0,0,0,0,0,0,0,0,0,90
718565910b227139a06f0ddef39f7bac,0,138,0,0,0,187,0,0,0,0,0,0,0,0
17a1f88d325c85d0ee0dfb10473f047a,0,0,0,0,0,0,0,0,54,0,0,0,0,0
12ff2576d815319be71c9db04c3d15d3,0,0,0,0,0,138,0,0,0,0,0,0,0,0
c8419e1b15372e3ae69a9fc81782ebcb,0,0,0,0,0,0,0,0,0,0,0,0,0,38
29b2088867c181f54bb3cbbab51b4026,0,0,0,0,0,47,0,0,0,0,74,0,0,0
b72928f77914cf7c53ae9dcafc5fbb80,57,0,0,0,0,0,0,0,0,0,0,0,0,0
ae98a4ef129cba5e39d74c806b450fc3,0,124,0,0,0,0,0,0,0,0,0,0,0,0
b929dce5d9f1d94d9fde0b976e7b2b2f,0,301,0,0,0,0,0,0,0,0,0,0,0,0
79b72f2d95902beb902e28ee8eff479c,0,0,0,0,0,0,271,0,0,101,122,83,0,0
328bd5d78bfcc9260d02e4cc93762f40,0,130,0,124,0,0,0,0,0,0,0,0,0,0
d08da8e8708b8187bbcc5fd71e39d7d4,0,0,0,0,0,0,0,0,0,0,0,0,46,0
06184df48bc2b2e2e1f3965f9427564f,156,0,0,0,0,0,172,0,0,0,0,55,0,0
cb17cb6904e9d11a506695efbb96cd57,0,102,0,0,0,0,0,0,0,65,0,0,85,0
685dbf38a8822a1b7ab6f328ddcd0bb9,56,0,0,0,0,0,0,0,0,0,0,0,0,0
8525e69395adf921d11ef48cbda7e7d0,0,69,0,0,0,0,89,0,0,0,0,0,0,0
dad310db8e6ff252c0a50c80568c5e9d,0,128,226,0,36,0,41,0,0,0,0,0,0,48
01b0a07b4cfbbfb58f3b4c858c0dcb9d,0,207,0,0,0,93,0,0,0,0,0,0,0,0
9532e33a38eea56ffc0f22a26e8b6944,0,372,0,490,0,0,0,0,0,0,0,0,0,0
1d6c2ce07156f5cc48f42571853baf9a,0,111,0,0,0,0,0,0,0,0,0,0,0,0
228b0716951c3aec256d73a2eaeb0a76,0,0,0,0,62,0,0,0,0,0,0,0,74,0
26cebcb1a464d44f206ca428ec349d5f,0,0,0,0,0,0,0,0,191,0,0,0,161,0
c94f7d54a87f908a9e9d7d967bd6c3e5,502,122,0,0,0,0,0,0,0,0,0,0,0,0
64ed7cde08bf8934db5c0d3b48505b9d,0,350,0,0,0,0,0,0,0,0,0,0,0,0
f5755eb569fefc0c8e7f50abc005901d,0,261,0,0,0,0,0,0,0,0,0,0,0,0
4435b9f90f10fdf7376977b7b8fe8f13,0,0,0,0,0,0,0,0,0,0,0,0,133,72
c78b3b2af56670f97b865858ce0bee0e,0,0,0,0,0,0,0,0,0,0,0,0,262,0
87760b7c124ecfd38756d20458d74e47,0,0,0,0,0,0,0,0,0,0,0,114,138,0
749b461c0a4b8cd9ebe5f58af39a4e9b,0,0,0,162,0,0,0,0,0,0,0,0,0,0
293a22558eaeca3742096233a2c20f60,0,0,0,0,0,0,0,0,0,153,0,0,0,0
4ae4af5f7066ae87a3c2455a08427c51,0,0,0,0,0,0,0,0,183,0,0,0,0,0
9f8a3ac5d9fbe9a510f7fea3ee7977cf,0,0,0,107,0,0,0,0,0,0,0,0,0,0
a0db570f6f36799159749ee894d9c6d6,0,92,0,0,163,0,36,0,0,0,0,0,0,0
1dd16104e78f615a07d856062a8aafa1,97,0,0,0,0,0,109,0,0,52,0,0,0,0
baaf65923f680f3930889fca389e1cd5,0,43,0,0,0,0,0,0,0,0,0,0,0,0
5069c604b57170b39412c225e48b08f7,0,185,0,74,0,0,136,0,0,0,0,0,0,0
72bffdf65a05e4b26bd40de2b0da7eb0,0,379,0,0,0,0,0,0,0,0,0,0,0,0
51c7f41e2f8b592e36fa052b182b277d,0,314,0,0,0,0,0,0,0,0,0,0,143,0
8013c3affec7def4c38d26711fcf2c82,0,0,93,0,79,104,0,0,0,0,0,0,109,0
19996758deed1569d19ee0525d2359f8,0,0,0,0,0,108,0,0,0,0,0,156,0,0
01342c9668b771be34e1360b9502a7de,152,0,0,0,0,0,0,0,0,0,0,0,0,0
6a89341b9059832c31831c43f08a642d,0,0,0,0,0,0,0,0,0,0,0,74,0,0
89fe3f18c4a6138295205749956704f9,31,0,0,0,0,0,0,0,0,152,151,0,0,0
cff7adc250ee7223c98f0e7ffe3d5e1b,0,0,0,42,0,0,92,0,0,0,0,0,0,0
1d0b8eb7383dace10d44d60e4d0016f0,0,0,0,0,0,0,0,0,0,0,0,0,393,0
cf4d44779d4c10f9a59bcc61fc8208f7,0,0,14,0,0,0,0,0,65,0,0,0,0,88
6f482b8b50442672e65d436caf2e94bd,66,223,0,101,0,0,168,0,0,0,0,0,0,0
d49ee87c6aff83225e71f2b2e53c5d2f,0,0,0,0,0,0,0,0,70,0,0,0,0,0
ae35e6504bc4e6182f67b9cfb16fd6ac,0,0,0,81,0,39,0,0,0,0,0,0,0,0
5fc7efd0b007841f7a3f7a37ef1b16ea,0,70,0,0,0,0,0,0,0,0,0,0,0,0
9e0c9f8c40625b95ad5a4944db7d3b0c,0,0,0,0,0,0,0,0,0,0,0,0,197,0
b32f22c312110d2c1a794ef84552ffdd,0,0,0,0,0,0,0,0,0,118,0,0,0,0
3ede9cc1afeea71fad3903071d09e7c3,0,107,0,0,0,0,0,0,0,0,0,0,0,0
82cdccc5a1145358846406d89ff7fda8,244,0,0,0,0,0,0,0,0,0,0,0,0,0
ba234da72bbd19101a3d5f413c38f316,0,0,0,0,0,0,110,0,0,106,0,0,0,0
aee73704eaf8508f4033934911ffda2d,160,68,0,138,0,0,157,0,0,0,0,0,0,0
1d71f039cb32a70fef8fdae53c8a61c1,0,174,0,130,0,0,0,0,108,0,0,0,0,0
2dbc04fdb85e825c7c859623f4d5f299,0,106,0,0,0,0,0,0,0,0,0,0,0,0
161fbed7386e00abf879269be4438a54,0,335,0,0,0,0,0,0,0,0,0,0,0,38
8f9051313c5310b6dfddab51e3b919be,0,76,0,82,0,46,0,0,0,0,0,0,0,0
57715ffe741cde73a6c39d04f27cb645,0,0,0,276,0,0,0,0,0,0,0,0,0,0
3da1a628ba52f75306e0245f94a7c0da,0,220,0,0,0,0,0,0,0,0,0,0,0,0
96ca7c02000ff7c84b869bae9bc3d78f,0,0,0,0,0,0,0,0,0,44,0,0,0,0
c48586143dcb3edcb8d74ba570707302,0,49,0,0,0,0,0,0,0,0,0,0,0,0
69ee17d03028b162976359eeb9071044,0,0,0,0,0,0,0,0,0,0,0,0,22,0
de849230125566037da67f65a97ac953,0,0,0,0,0,0,0,0,77,0,0,0,0,0
520a82ee5d7442aad6af1017fec53ff0,0,0,254,0,0,0,0,0,0,0,0,0,0,0
8ff16aad73917b563718767968f4e33b,0,0,263,0,0,0,0,0,0,0,0,0,0,0
58e91be3ca699305c3888d3940cbbb47,0,131,0,0,0,0,0,0,0,0,0,0,0,0
44c277e0ca31e4e35dbbe9240c3575ba,276,0,0,0,0,0,0,0,0,0,0,0,0,0
1ae9172c931ab3f25edc48cebf9a1ecc,0,0,0,0,0,0,165,0,0,0,0,0,0,0
dc6097df31b5fed947a604a1a56177a7,0,0,0,0,0,0,0,0,0,0,0,0,46,0
6dc24185ad3a81ad86b58769aa29b623,0,307,0,0,0,0,0,0,0,0,0,0,0,0
33d6f263e1c98b0976a01a4db2c5708f,0,0,88,0,0,0,79,0,0,0,0,0,44,0
4c7237d1eac11a7339d98b8042b6e430,0,0,0,0,0,0,0,0,0,0,0,327,0,0
57fd69bd29a0ce5513e63a6852375cb5,0,166,0,0,0,0,0,0,95,0,0,0,0,0
0e2f787f86dde15fd579335bdd193647,40,0,0,0,0,0,121,0,0,38,0,140,0,0
1883e6be0b2ee97b7f3b06e1523e8838,0,0,48,0,0,0,0,0,0,0,0,0,0,0
40606ec64354b10468f703bfc124d406,0,0,0,0,0,0,0,0,159,0,0,0,0,0
c02967009ff097963618d1bc82831cf6,0,116,0,0,43,0,0,0,0,0,0,0,0,0
fd21af5bb69bdccf4b7bae4dfde403b3,0,0,0,0,0,346,0,0,0,0,0,0,0,0
d806d9ade585d14e55c52e295bf4d529,129,138,0,0,0,0,0,0,0,0,0,0,0,0
b9cdf7c3e86c750c52fc8fcc83267511,0,0,0,115,0,0,0,0,0,0,0,0,0,0
1f3e0f9918e843fecbb6f65c0e36b8ef,0,0,0,0,0,0,0,0,0,0,0,0,171,0
1b5dc12445e4804372b0da1d54c2b6f5,0,60,0,0,0,0,0,0,0,0,0,0,0,0
5256466b60a80c8a44968b81d4283dbe,236,0,0,0,0,0,0,0,0,0,0,0,0,0
2dcb3d60a2b1eb0e2ce8d0111f5a593f,0,220,0,146,0,0,0,0,0,0,0,0,0,0
a0862315efec287a823f19ae2c497b3b,0,266,0,82,0,0,0,0,0,0,0,0,0,0
1535e2d219fe1ea08c549eaa07b032d6,197,115,0,0,64,0,0,0,0,0,0,0,0,0
95b539d0df3cc230a32c4b39a3cf6bde,0,361,0,0,0,0,0,0,0,0,0,0,0,0
19efec9163215ed0197d35d957192fcb,0,251,0,0,0,0,0,0,0,130,0,0,0,0
ad6c18c3b3705c117aed4501e6b916ac,0,169,0,75,0,0,0,0,0,0,0,0,180,0
efa6547042d63eb70da807186d7b15dc,0,97,0,0,0,0,0,0,0,0,0,0,0,0
4600d8e3d9fa22d6c6b8c72e2f48dc36,0,0,0,0,0,0,0,0,0,0,0,0,53,0
987f83e3b5eb09b9457abb3bccda2334,0,0,0,0,0,0,0,0,0,0,0,53,0,0
53197a6682fd233c5943455f7d1d98e7,0,0,0,0,0,0,0,0,0,0,0,96,0,0
808ac9c64a6b1272462ea71cb3888901,0,250,0,0,0,0,0,0,0,0,0,0,0,0
a7219a5ed21c81c5a115c297aaede9a8,117,0,0,51,0,0,0,0,0,0,0,0,111,0
4d33cb71b5e85118b72d2c998ae686d8,0,40,0,0,0,0,0,0,0,0,0,0,0,0
8c7da6a2d53da593e9152f740422a199,0,0,0,34,0,0,0,0,0,0,0,0,0,0
e1fc4ef45a5697ccb810d0d475e9baf3,0,0,0,0,0,0,0,0,0,0,78,0,0,0
6c2c1fa5670ff80d9a2e0880784a8702,0,0,0,0,0,0,0,0,0,255,0,0,154,0
b6059afabc4525198e40e29530f64343,0,0,0,0,0,0,73,0,0,0,0,0,0,0
6a62d6a4278d3246dab2740c4446ac4b,0,0,0,166,0,0,0,0,0,0,0,0,0,0
772fd5678032698d87fdef335244cd63,0,0,0,7,0,0,0,0,0,0,0,0,0,0
60b5de3544558880a24b78c8e8f0e71d,0,0,0,0,0,0,0,0,0,0,0,0,53,0
ae52f8a53d8ba1b76cf4b7a3440375cd,0,0,0,0,0,0,99,0,0,0,0,0,0,0
0f7fbf8da9aa5f18292fe983435ae855,0,266,0,132,0,0,0,0,0,0,0,0,0,0
c78b41445dba2ec14d92afed0db3072c,26,0,0,0,0,0,0,0,0,0,0,0,0,0
ea032d374f70f92bf6177e0e4168c24b,0,0,0,0,0,0,0,0,79,0,0,0,0,0
a702970dab0a87aa5506bcb585087aec,0,0,0,0,0,0,0,0,0,0,172,0,0,0
c9869b51e915b69805c65e460aedd622,0,118,0,0,0,0,0,0,0,0,0,0,0,0
7feb6506226326c36881c9d73bd0e02b,0,110,0,0,0,0,0,0,0,0,0,0,0,0
985950a6e0aaad4ad04812a01073233a,0,0,0,0,56,0,0,0,0,0,0,0,0,0
315d748dd4cc409b7652ac2243cf7cb9,0,134,0,105,0,0,0,0,0,0,0,199,0,0
55030a56612d4d1fb3ab82bdb3fefa96,0,0,45,0,0,0,0,0,0,0,0,0,0,0
1b4f930c440b5e0dd73e5d8f7214e8a2,0,0,0,0,0,0,112,51,0,0,0,0,0,0
43b3c2c269994f05d05fe45bc129e71b,0,0,0,0,0,0,0,0,0,0,0,0,101,0
1774ca9cb9ce70801b34f88f14a4fb81,0,116,0,0,0,0,0,0,0,0,0,0,0,0
c2376d7cf89b47fb0606af443c2cddf7,0,0,0,0,0,0,0,0,0,0,0,0,140,0
ac49b8786cdf65095fb245ada2dd101d,0,0,0,114,0,0,0,0,0,0,0,0,0,0
6c20aedcda5ad8aee1f8a30d8fb0029a,0,85,0,0,0,0,0,0,0,0,0,0,0,0
250ccf914604c97f342cb368fd1a741c,0,0,0,0,204,0,0,0,0,0,0,0,38,0
67dc81ea94b7bf3432b55e28c30a1045,0,345,0,0,0,0,0,0,0,0,0,0,0,0
2cacaf3bed4e5407702ee9bfae350e08,194,0,0,0,0,0,0,0,0,0,19,0,0,0
124d6608850fcc15518eba3fd55dd5c5,0,91,0,0,0,0,0,0,0,0,0,55,0,0
b42565e3a14b4e1dc3fbd828912ddf6f,0,225,0,0,0,0,0,0,0,0,0,0,0,0
75a8a868b0a8c39722f67d4ee0cffc08,0,0,0,0,0,0,0,0,0,0,0,0,0,12
286757fd7b90438c25df33275fb54c44,0,0,344,0,0,0,0,0,0,0,0,0,0,0
4a6e7a1d722a487ea314261c1712efdf,101,0,0,0,0,0,0,0,0,0,0,0,0,0
b953cd89153deb403d2803f993984852,0,244,0,74,0,0,0,0,0,0,0,0,0,0
4be5e31428be1561355141acf7ceffc8,184,0,0,0,0,0,0,0,0,0,0,0,0,0
682660661f7587a4d1a73346e84c416c,0,0,0,0,0,0,0,0,0,0,0,0,203,0
20a9950fc248aaf8eb11fd50623b6cdc,0,85,0,0,0,0,0,0,0,0,0,0,0,0
8a138bda7c294f780abad38a3fd288e0,0,37,0,0,0,0,0,0,0,0,0,0,0,0
b665ee69778f865fe7544ca1abf8b71c,0,0,0,0,0,0,0,0,0,0,0,0,85,0
9c7206d12003f2ada9dd91559897a4b0,102,300,0,0,0,0,0,0,0,0,0,0,0,0
58ae88ec1d4d348786315f7e507360d7,105,0,0,0,0,0,0,0,0,0,0,0,0,0
8fb6c88fe47ad2f9bead5badbd10f109,0,0,0,0,0,0,0,0,0,0,0,0,236,84
874c7a08d906971d45a2e4ed2284433d,0,0,0,0,0,0,0,0,0,0,0,0,0,126
2053c2eb0840ad8bdccdf43dad4744a3,0,123,0,127,0,0,0,0,0,0,0,0,0,0
ba1c72a61182c04198f13487a5808fcc,0,0,0,0,0,0,0,0,0,0,0,0,74,0
94ccc91f94a803e1e22dedcff9c34e7f,0,317,0,145,0,0,0,0,0,0,0,171,0,0
15ee709456386d78edcfae41f9ee2c58,57,0,0,0,0,0,0,0,0,0,0,0,0,0
fa266ba9ab16394bcb78e392115cb650,0,0,0,39,0,0,0,0,0,0,0,25,0,0
fde1ab1623af0e70474f110521c15ec2,207,0,0,0,0,0,0,0,0,0,0,0,0,0
0cd3a9f40d0cd3cbbd24ba8606eae1b8,0,134,0,0,0,0,0,0,0,0,0,0,0,0
e95505a68ccffca94252bf0ebb7d9b20,0,0,0,0,0,0,0,0,155,67,0,0,114,0
bd82c2ab5d3d2c411b05ec99cd65da6b,0,0,0,0,0,0,0,0,0,0,0,0,0,143
7c8a90afcccec5714fd891b91da7fc95,0,0,0,0,0,0,88,0,0,0,0,0,0,0
50a7c5f53c6e81d7c1c5b6455621b2a2,0,0,0,0,0,0,0,0,0,0,0,154,0,0
37c87c186facaee6a753a01d9301bc21,0,104,0,0,0,0,0,0,0,0,0,0,0,0
65cbdf5edaab1e13bb250ef6fbb5336f,0,0,0,366,0,0,0,0,0,0,0,0,0,0
07f061ba8bda9864ddb3b11ff878801f,0,0,0,0,48,0,0,0,0,0,0,0,63,0
5f6a7a891d3d08d61f9661e05a469bd5,0,0,0,65,0,0,0,0,0,0,0,0,0,0
33d81abbda8683efa365a652865e8134,0,0,81,0,0,0,0,0,0,0,0,0,0,0
df674f96c59fb4b51ddb84e96a21c535,0,208,0,203,0,0,0,0,0,0,0,0,0,0
1259f8b59a600f348ba97d24a88eccbb,0,173,0,0,0,0,0,0,0,0,0,0,0,0
6317d2f1e1fcd07a9513485e5a02ad12,0,302,0,0,0,0,0,0,0,0,0,0,0,0
a36cc132e01af82cc318351dd781844a,0,0,0,0,0,0,0,0,0,0,0,0,124,0
ebe4af6e6cb5ae1c730f5ab1101e13b5,0,68,0,63,0,0,0,0,0,0,0,0,0,0
0b56a4d77aa6d1259f140cb74e1e8a4f,0,148,50,0,0,0,0,0,0,0,0,0,0,0
fcbfd629307fe82ad44c4fead4becb10,72,0,0,0,0,147,0,0,0,0,34,0,0,0
9a5bbbd3ec9dcf33832af20337c4c1b9,0,0,0,0,0,0,0,0,0,0,0,0,131,0
8428ded9e1d47321063fa24e735dbd03,0,0,0,155,0,0,0,0,0,0,0,0,0,0
fc94f7801139919d42b6934db80465da,0,0,0,208,0,0,0,0,0,0,0,0,0,0
a5cacf021a24c54e1c883d7cae74b23e,0,114,0,0,0,0,0,0,0,0,0,0,0,0
b46a87550404998c9a1a576cefa8c21c,0,0,52,0,0,0,0,0,0,0,0,0,0,0
d153c0f80d49ad6089e9b02021ddd703,0,210,0,73,0,0,0,0,0,0,0,0,0,0
f9c7fb275eebe8fd654b159392c52a1e,0,0,0,167,0,0,0,0,0,0,0,0,0,0
17cdab5563831e0d35cff4809c9b701c,0,176,0,69,0,0,0,0,0,0,0,0,0,0
e4af55215d7f737a932fbe52edcb5839,0,0,0,0,0,0,0,0,0,0,0,0,55,0
8537f99e972eadc201458f4ecbd663fd,0,371,0,94,0,0,0,0,0,0,0,0,0,0
a700f7710a0141ff790e35c802905fb3,0,0,191,0,0,0,0,0,0,0,0,0,0,0
8b6d1b2132199f28051a3a71108b098e,0,0,0,112,0,0,0,0,0,115,0,0,70,0
d30fa0b3e9a5e1ad56a7f608077eb78f,0,199,0,0,0,0,35,0,0,0,0,0,0,0
22bcabf3c92daaa53cce4faa18667e9e,0,0,0,0,0,0,0,0,0,0,0,0,29,0
306af0b6ee377a0ad26001ff991e144f,0,0,0,0,0,0,0,0,0,0,0,0,160,0
c6883b3c2f913f25cd454f67830f112b,0,0,0,118,0,0,0,0,19,0,0,0,0,0
5b1aacd0ff6d9fde127d880ca370eceb,0,0,0,0,0,0,0,0,0,0,211,0,0,0
bf7c01f29e17485e40323996a8efaa3e,0,110,0,0,0,0,0,0,0,0,0,0,0,0
513a6682feaaa20c990de92f8bfd3106,0,464,0,0,0,0,0,0,0,0,0,0,0,0
1b78c9c46d2b54759d981734d593d24f,0,293,0,40,0,0,0,0,0,0,0,0,0,0
16adf50f5bc8f8b393ed0c9be3201664,0,0,0,0,0,0,0,0,0,0,0,0,202,0
e8d97d727c6ce542ce6fd0284d219b41,0,0,0,0,0,0,0,0,0,0,0,0,388,0
e8ab5711551a8e2b70392d9113b4956a,0,105,0,0,0,0,0,0,0,0,0,0,0,0
958dd7b9084a6b9194db7958b96e3709,0,0,0,0,0,0,0,0,34,0,0,0,0,0
39d0302e78aa816db9b5c85212741eee,0,423,0,0,0,0,0,0,0,0,0,0,0,0
65b110e3a3e728d9eace3dc017c40ec1,121,0,0,0,0,0,0,0,0,0,0,0,0,0
a7e182295ca194b11fdcc4c98a690709,0,211,0,224,0,0,0,0,0,0,0,0,0,0
70aff7a87074a6a86702235c3acf6295,0,152,0,0,0,0,0,0,0,0,0,0,0,0
9152466229fba9c7eea45681156e6b78,0,148,0,0,0,0,0,0,0,0,0,0,184,0
304280e2743915759d80a5b229441d4e,0,0,0,0,0,0,0,25,0,0,0,0,0,0
456b60548a2315df646c5740823a5b3d,0,0,56,0,0,0,0,0,0,0,0,0,0,0
40d36e83dc9ce2299aa71467eb11c9f6,0,0,0,0,0,0,0,0,100,0,0,0,0,0
a1369b9c13111b43a83de96b5dffd3ab,0,251,0,94,0,0,0,0,0,0,0,0,0,0
12e83405b053da18ceb0e0fcc2022343,0,0,0,78,0,0,0,0,0,0,0,0,0,0
e88a90d2def12189acd83db92d6acec9,0,0,0,0,0,0,0,0,0,0,0,0,145,0
81602c622a1b74cb2260f0d0f8b083a7,0,305,0,0,0,0,0,0,0,0,0,0,0,0
6cdb4dfdcfcc6b2b2dbb9d3cbc64dd2b,0,0,0,121,0,0,0,0,0,0,0,0,0,0
35e02db3f12297c36df37ba22fbf9aa0,0,0,0,0,0,0,0,0,0,0,0,0,44,0
a01c340b498606d779b3a66fa8fec2f8,0,0,0,0,0,0,0,54,0,0,0,0,0,0
ccf1e0eb9662c05ed3594c431938d015,0,0,0,0,0,0,0,0,0,0,0,0,92,0
5f6b8d65f3be5fd499dec3d61e881206,0,0,0,0,0,0,0,0,0,111,0,0,0,0
fc16e2c4edc12022b6ff03001cc7f202,0,137,0,0,0,0,0,0,0,0,0,111,0,0
84a750c4bff123f643714e9d230b64ff,0,65,0,0,0,0,0,0,0,0,0,0,0,0
bf9643aa1b0e3ec0a9d42800cbc02150,0,0,0,0,0,0,0,0,0,6,0,0,0,0
17e07a546972679a24c566ea1283e3b3,0,0,0,0,0,0,0,0,179,0,0,0,0,0
425a56cd1d6ecf0f70aaa48761b5d87d,0,0,0,0,0,0,0,0,0,0,0,143,0,0
a9b07bc551d528b0d0360d3b6d9a0a7c,4,0,0,0,0,0,0,0,0,0,0,0,0,0
48463217a373a5e017153b242ac2846a,0,0,0,0,107,0,0,0,0,0,0,0,0,36
654245abbddb86697e207db8323143c1,0,390,0,0,0,0,0,0,0,0,0,0,0,0
0ff800b56a5fac5e420a3cfc069e2ace,110,0,0,0,0,0,0,0,0,0,0,0,142,0
d020910d8aa380e9744f7356410b9977,0,0,0,0,0,0,0,0,0,0,0,105,0,0
3930708554284865584dc78495e369cd,0,133,0,58,0,0,0,0,0,0,0,0,0,0
2d896033a9c42dabd1acda304185f230,29,0,0,0,0,0,0,0,0,0,0,0,0,0
61877d924dec873cccfd3a2db49e4c5c,0,0,0,111,0,0,0,0,0,0,0,0,0,0
ee7b4c1ec548944501bac91e475ee284,0,0,0,0,0,0,0,0,0,0,0,157,0,0
48fc02c599ba9a8ce6de2ac55194e37a,0,120,0,0,0,0,39,0,0,0,0,0,0,0
d96bb680b488b24d54f4bbaeece42f9f,61,0,0,0,0,0,0,0,0,0,0,0,0,0
1ab55acb36b731a8b0ef4d16b3b9ff21,0,0,0,0,0,0,0,0,0,0,0,376,0,0
696b6429eb491b232d512d6d43997cfa,0,0,0,163,0,0,0,0,0,0,0,0,0,0
74113aae343e34e20402b54947aeca24,0,150,0,0,0,0,0,0,0,0,0,0,0,0
3f88f25113d2a534390b7533b3a32669,0,0,0,0,221,0,0,0,0,0,0,0,0,0
a0cf2d8c08b05662c1f16841b57b7d3a,0,67,0,0,0,0,0,0,0,0,0,0,0,0
d7d0c1b52f7ce2d81d76bf09ce4cba8e,0,0,0,0,0,0,0,0,0,0,0,0,255,0
68c67bc07091330fe208effc8ade53f6,0,0,28,119,0,0,0,0,0,39,0,0,119,0
e9cdff95aa400a25f148e6e0b0ffa468,0,75,0,0,0,0,0,0,0,0,0,0,0,0
e1fc09cb9f790d6f7b7089762d4d50d0,337,0,0,0,0,0,0,0,0,0,0,0,0,0
366156f0db51f266636330985006da95,0,336,0,0,0,0,0,0,0,0,0,0,0,0
5740506115811326b5ee4ec9772162b9,0,148,0,0,0,0,0,0,0,0,0,0,0,0
8bc18ce5c1ef811cc1b2f0c1961b7470,0,0,239,0,0,0,0,0,0,0,0,0,0,0
8992260a020afc571aaa1e53605eefe6,0,88,0,0,0,0,0,0,0,0,0,0,0,0
219eeba323905ed4eb00f88861b60981,0,101,0,0,0,54,0,0,0,0,0,0,0,0
034259972487846b64479d60c9543453,0,0,0,62,0,0,0,0,0,0,0,0,0,0
a6948338de14fa9acf65f07d3ac0d576,0,0,0,0,0,0,39,0,0,0,142,0,0,0
3f48f0bc52bdd78fcea43bbb76f92813,177,0,0,43,0,0,0,0,0,0,0,0,0,0
c2fb25eaed76bc638a439215fc7fe21e,0,313,0,0,0,0,0,0,0,0,0,0,0,0
4bd8f21d10072f673f9658a7afbe1d6d,0,0,0,0,0,0,0,0,8,0,0,0,234,0
e66e7a0291670876d1df7347e8d8509a,0,0,0,0,0,0,0,0,0,0,0,0,109,0
461b6aebdf456ef299ec032cafc65df7,0,0,0,177,0,0,0,0,0,0,0,0,0,0
513977dea140a2152e01b5781f4c74da,0,0,0,0,0,0,0,0,110,0,0,0,63,0
879d3a5066e6a6ac96ef32582bc476f9,0,0,0,0,131,0,0,0,0,0,0,0,0,0
3bb94886410121257c6fdce3af717a02,0,76,0,0,0,0,0,0,0,0,0,0,0,0
37aec7f4824d93224ec86d41a97ce540,0,311,0,0,0,0,0,0,0,0,0,0,0,0
aa8489123cb3dee74453bea3632f094e,163,0,0,0,0,0,0,0,0,0,0,0,0,0
611dbe3e5891c4bf4aea7adfa57bd347,0,235,0,0,0,0,0,0,0,0,0,0,0,0
a7846e998401ee9218797da7773d3cb2,0,0,0,0,0,0,0,0,7,0,0,0,0,0
844aad65fcaa162d4e82fdebef6aa72a,0,0,0,0,0,0,0,0,0,0,0,0,28,0
029bb91f47aa95332bf7c260adb1e7b5,58,0,0,0,0,0,0,0,0,0,0,0,0,0
6ab5a40785f998cfc141182011b4636a,0,0,0,0,0,0,143,0,0,0,0,0,0,0
5cda80ccd67b49a6648165d1a58c1624,0,153,0,0,0,0,0,0,0,0,0,0,0,0
99b2584f179766096cf31985e3daa649,0,291,0,0,0,0,0,0,0,0,0,0,0,0
4d21e18f19f57dcc3d047138b639896c,0,3,0,0,0,0,0,0,0,0,0,0,0,0
462b1309e6aa23fd7c13fee760dfa1aa,0,240,0,0,0,0,0,0,0,0,0,0,0,0
aa787ee7567e841d44681409be80cdbf,0,108,0,0,0,0,0,0,0,0,0,0,0,0
e3db621a7adfdb4171016d20d498412c,0,186,0,0,0,0,0,0,0,0,0,0,0,0
994d33ae93fb58166edfe034414982a2,0,103,0,0,0,0,0,0,0,0,0,0,0,0
29dca5955f042f7db2875bb542cbe87a,86,0,0,0,0,0,0,0,0,0,0,0,0,0
ac71d979c782bf917133d7daf3fadc2c,0,0,0,0,0,0,0,0,125,0,0,0,0,0
df0d01e97b4b067e0bb9f2b652209b96,0,272,0,0,0,0,0,0,0,0,0,0,0,0
9ad6bb57774dd6a58e3aac0765bcd85b,0,0,0,0,0,0,0,0,0,0,0,0,0,46
77a2e872b4f41e2959e2f97abb60f94b,0,0,0,107,0,0,0,0,0,0,0,0,0,0
e1230e9b4a2f4f8b9c1f5bbf797fdc99,0,0,0,0,0,0,0,0,98,0,0,0,0,0
46ae1779ca0382a2ee5bd977e78b56bf,0,0,0,0,0,0,0,0,0,0,0,114,104,0
5c3da22642a1def6c56b88ffb323190f,0,0,0,160,0,0,0,0,0,0,0,0,0,0
32b356349cd68c02e12acaffd23c55e4,0,255,0,0,0,0,0,0,0,0,0,0,0,0
e6e780aa513e718bd03d2b04eba80015,0,0,0,190,0,0,0,0,0,0,0,0,0,0
aa215f46dbb10f9183a8dc803d96e0a3,0,0,0,0,0,0,0,0,0,0,185,0,0,0
121f70ebdcdca005ae5db84d534b97b2,0,0,0,0,0,0,157,0,0,0,0,0,0,0
ff8392df1106090a8da5cdfb923f336e,0,92,0,59,0,0,0,0,0,0,0,0,0,0
8ec746e79220d069e6b03109faee0863,0,246,0,0,0,0,0,0,0,0,0,0,0,0
344618a23be752b95dfcef5b74a0fb3d,0,132,0,0,0,0,0,0,0,0,0,0,0,0
449d9091382539545a61818e6c3f4bf6,0,0,0,245,0,0,0,0,0,0,0,0,0,0
8f0aee7a39a2d3b76b082e5eb0c6710a,0,241,0,0,0,0,0,0,0,0,0,0,0,0
32a6272d3b8b7ef244b6b2cfe5b23df9,83,0,0,0,0,0,0,0,0,0,0,0,0,0
1045e29a265ac289da8f36e8ca8a1a9e,0,240,0,0,0,0,0,0,0,0,0,0,0,0
4424898540ddfa9fc3a693360325998a,0,0,0,0,0,0,0,0,240,0,0,0,0,0
7f357ccfeb0cbb39acaef32c704a197b,0,238,0,0,0,0,0,0,0,0,0,0,0,0
ef0ee00d5b4a2e719d51ad16e8d8f86e,0,0,0,104,0,0,0,0,0,0,0,0,0,0
2f7e4e3132d970096da029adae9d9600,0,209,0,0,0,0,0,0,0,0,0,0,0,0
fb9f1b405154fb21b01b00b0c7ed78a9,0,0,0,0,0,0,0,0,0,38,0,0,0,0
7cf71af183e2d81582a82fdd6459d141,37,0,0,0,0,0,0,0,0,0,0,0,0,0
ddc2154084c3f8794ed0a3eb26784675,0,0,62,0,0,0,0,0,0,0,0,0,0,0
deac09bf9c8d3a748a91ec58318e7dd0,0,0,0,0,0,0,0,0,0,0,233,0,0,0
1bc1e29fd4cf2b45a83d5838c922cbbb,0,87,0,0,0,0,0,0,0,0,0,0,0,0
a328bf53a9756680eed0f681e17bbee8,0,0,0,150,0,0,0,0,0,0,0,0,0,0
77fe84a51752f93536e98cb4afcfdba5,0,0,0,0,0,0,0,0,0,0,0,0,157,0
af3e42453901d5ac97fcafdb477cc564,0,0,73,0,0,0,0,0,0,0,0,0,61,0
ae640faf72d6f07fb74c4105b4e6634f,0,228,0,0,0,0,0,0,0,0,0,0,0,0
3f211d1273f327a42b1f97976e71b090,0,226,0,0,0,0,0,0,0,0,0,0,0,0
a09113a180e2c6619fc5f90e46d53bc1,0,0,0,0,0,0,0,0,0,0,0,54,0,0
8bfe2528fef7269144c275d7212a8ced,0,0,0,0,0,0,0,0,62,0,0,0,0,0
0f4199a1f82c37b0691ab0cea3fc67ae,0,0,0,0,0,0,0,0,0,0,219,0,0,0
9750d6b1861a7cc21039258666d830c8,0,0,0,0,0,0,0,0,0,0,0,0,216,0
671c99ffcea17815cafab5b09b12c0ff,0,69,0,33,0,0,0,0,0,0,0,0,0,0
de9aceb39b6af17c50f83d7b891b128a,0,0,0,0,0,0,0,0,0,0,215,0,0,0
8160995145c9019fe3ee9c80a615a2b6,214,0,0,0,0,0,0,0,0,0,0,0,0,0
4a18755a06f55902eb5cf32a1dd09c05,0,0,0,0,0,0,213,0,0,0,0,0,0,0
5fb7f7be2737b3da274af41e26b17dc4,0,0,0,0,0,0,0,0,0,0,0,211,0,0
15d61d8dd5bdfc1435c8cf6d4863e859,0,0,0,0,60,0,0,0,0,0,0,0,0,0
9262efe546a96415da74b01f73333a58,207,0,0,0,0,0,0,0,0,0,0,0,0,0
7e25f14ff0ee74f6accc3f25b04e72e1,0,77,0,0,0,0,0,0,0,0,0,0,0,0
036875b32408e5066a9add437d8f8515,87,0,0,0,0,0,0,0,0,57,0,0,0,0
0b8490b475bc0cecb7593762d44b1601,0,0,0,0,0,0,0,0,40,0,0,0,0,0
2a41d2b58536dae6f4a026b52282be9f,0,0,16,0,0,0,0,0,0,0,0,0,0,0
c50f494fcf71f84aa6921dc06c1e25db,0,0,0,0,0,0,0,14,0,0,0,0,0,0
11182896cc55e0fa742a38f6f941ce41,0,137,0,0,0,0,0,0,0,0,0,0,0,0
9e02c7aaed972a40e98d24036afc44f8,62,0,0,0,0,0,0,0,0,0,0,0,0,0
d90aff88de16fe5473e92bea730b7c7e,0,189,0,0,0,0,0,0,0,0,0,0,0,0
b41dd951cb48bd9f7b56c74efa9952b9,0,0,0,0,0,0,0,0,0,0,0,0,28,0
0beee49fffb7293d064d8c5c94a8c70d,0,0,0,186,0,0,0,0,0,0,0,0,0,0
88a1c9065e981341fe5d3d5abac50343,0,64,0,0,0,0,0,0,0,0,0,0,0,0
5bf7e6abca50aa0efd98b6eb1553d670,0,0,0,0,0,0,0,0,0,0,0,0,159,0
048ee965c7eb2ec189afc42ba3c71076,0,0,0,0,0,108,0,0,0,0,0,0,0,0
8c5d49dfccdc459de58cc00c10250ebc,0,176,0,0,0,0,0,0,0,0,0,0,0,0
6c48e3767d9c05ba290b8ee2c9b70ce6,0,175,0,0,0,0,0,0,0,0,0,0,0,0
a3cbb9731a09cfc21fc5efddc1c41d46,0,105,0,0,0,0,0,0,0,0,0,0,0,0
dae7e07e1fc4e424f05142f188e822b8,0,0,0,0,0,0,0,0,174,0,0,0,0,0
cf22bd34f72614cd01d04d7cd6941bd4,0,0,0,0,0,0,0,0,0,0,0,0,174,0
e8256b80a8cb80704c5fbb4bfa95d2dd,0,0,0,0,0,0,0,0,173,0,0,0,0,0
afe0ba2e12276388a4026cdbccc38f5e,0,0,0,0,0,0,0,0,0,0,0,0,78,0
7fe731245dae9da5593897df9df27531,0,0,0,0,0,0,171,0,0,0,0,0,0,0
eabe9601a39252af5246825ec8c24838,0,0,0,0,0,0,0,0,0,0,0,155,0,0
f91d6c4436cd0f406fedcf569c32d71a,0,0,0,0,0,0,0,0,0,0,0,0,170,0
c7192d6e77f0afbc70cc0675de0b9555,0,168,0,0,0,0,0,0,0,0,0,0,0,0
906e20ca04fe1f5644f02211e17cd3b2,0,38,0,0,0,0,0,0,0,0,0,0,0,0
b40ae421b98f5f32b9784a9518802dfd,17,0,0,0,0,0,0,0,0,0,0,0,0,0
3804334244358f6c16a403bf011208de,0,0,0,0,0,0,0,0,0,0,0,0,26,0
579c6437bfe68de703c9b6129a0757a6,0,136,0,0,0,0,0,0,0,0,0,0,0,0
b030e04595eac5d8f4cba24a8a036b6f,0,0,0,164,0,0,0,0,0,0,0,0,0,0
a509678ae70ad656023173fb7dd53a48,0,0,0,0,0,0,0,0,0,0,0,96,0,0
26e682e1617a08131a70a05b196b69ba,158,0,0,0,0,0,0,0,0,0,0,0,0,0
25d6b80c6f673b709bbee1087c8c992d,0,157,0,0,0,0,0,0,0,0,0,0,0,0
30fcd2ad2d43d7d8adfc1ed3d7e3ae7b,0,156,0,0,0,0,0,0,0,0,0,0,0,0
019dd113cf0db63698ff674a80b7c002,0,0,0,0,0,0,0,0,0,0,0,0,0,156
ee21be67a3af1d292fa9a52042c930d3,0,97,0,0,0,0,0,0,0,0,0,0,0,0
0ab6385e05fb18c030fe3e994c30e890,0,0,0,93,0,0,0,0,0,0,0,0,0,0
43ca77bdaedf7a482ced24df3cb2dd2f,0,0,0,0,0,0,0,0,0,0,0,154,0,0
cffb773a1d17270e9a3def4070f1d645,0,71,0,0,0,0,0,0,0,46,0,0,0,0
7889c239d8bdea0aeea7aae08cf37feb,0,0,0,0,0,0,0,0,0,0,0,0,86,0
6d0ec0372c1694706d38486bc427f639,0,0,0,151,0,0,0,0,0,0,0,0,0,0
4da9cf0b1b0c2412a5867859afd7a377,0,0,67,0,0,0,0,0,0,0,0,0,0,0
49ee96dbc1a00efd5e499628f9bce585,0,0,0,0,0,0,0,0,0,0,0,0,150,0
2ed1b97e1c80418ffb5b43e90373ac8d,0,149,0,0,0,0,0,0,0,0,0,0,0,0
c608c8e67003cdd259706bb15e8b2c09,0,149,0,0,0,0,0,0,0,0,0,0,0,0
158e1f2ecdd0a344913c25fd9268ac4a,0,0,0,149,0,0,0,0,0,0,0,0,0,0
9b1e899da53d123feec5e0ae9c1a6a70,147,0,0,0,0,0,0,0,0,0,0,0,0,0
3c453d3659e8b15bf6298c8eae7b0221,142,0,0,0,0,0,0,0,0,0,0,0,0,0
3c98d7413b2770134e4341b65ae7cf1f,0,0,141,0,0,0,0,0,0,0,0,0,0,0
04685f181f452f0a3a24d6a432d8c68b,0,0,0,0,0,0,0,0,0,0,0,21,0,0
fc826617b725a877046e0d5d06d00eb1,0,25,0,0,0,0,0,0,0,0,0,0,0,0
07fcf9978f30039036a893ace2ff6dec,0,0,0,0,0,0,0,0,0,0,0,0,135,0
9fde4144e80cddf98b49b9aec057de65,0,0,119,0,0,0,0,0,0,0,0,0,0,0
d55c8eb8a14ca6c9c170d80d0860ec95,0,0,0,0,0,0,0,0,0,0,0,0,70,0
05a55aa63cee32268440f66840642cb5,0,0,0,0,0,38,0,0,0,0,0,0,0,0
0e2e7b8429f68a8dc87ce225964a8203,0,0,0,0,0,0,0,0,39,0,0,0,0,0
d8f545ef8450496e0733dc635f3efacd,0,0,0,0,0,0,0,0,0,0,0,35,0,0
819d4bf070941dcc61aa24d8b4f5bbdf,0,129,0,0,0,0,0,0,0,0,0,0,0,0
a7d3e337751ba5033835a316608ff0ee,0,0,52,0,0,0,0,0,0,0,0,0,0,0
a24e8807f85db613ad34477c717452ef,0,0,0,0,0,0,0,0,0,0,0,0,129,0
345fb6ac93dee7273e003f895f1af86b,0,0,0,0,0,0,28,0,0,0,0,0,0,0
687b568651c41da57c8bce0dd9f9bcb2,0,127,0,0,0,0,0,0,0,0,0,0,0,0
62fa78cceaad5a74aaaacfa50fbc47a4,0,119,0,0,0,0,0,0,0,0,0,0,0,0
d0f99cb68e152b447148937f4ca3780a,0,0,0,0,0,0,0,0,0,0,125,0,0,0
749e30c4a1407d2a8cba44d04f8466fb,0,0,121,0,0,0,0,0,0,0,0,0,0,0
49c8b37e5154f85a64cecc3b2be790ed,0,0,0,0,0,0,0,0,122,0,0,0,0,0
4639d8f927a6ac8b1bc46f94c2b93ea6,0,0,0,0,0,0,0,0,0,0,0,0,9,0
53ebd70254d68f3fe7c77ec774d25387,0,0,0,0,0,0,0,0,0,0,0,0,119,0
922d26d75c71109dde6a6710d736658c,0,0,0,0,0,0,0,0,0,0,0,0,119,0
1545e51b2936f87952560b4df59fdc36,0,0,0,0,0,0,0,0,0,0,0,0,65,0
5c535be9251b4c5a64158b8caf82fd90,0,0,0,0,24,0,0,0,0,0,0,0,0,0
f8758faca42e1296942ae35429715a70,102,0,0,0,0,0,15,0,0,0,0,0,0,0
e20eb3e5e6b9e9ede54c69d7f34415ed,0,0,0,0,0,0,0,0,117,0,0,0,0,0
ad193779d1c6c7c84302eaf46d2fd2df,103,0,0,0,0,0,0,0,0,0,0,0,0,0
f45accd11b4d18f178e84083c14751fc,0,81,0,0,0,0,0,0,0,0,0,0,0,0
97a4872daf0a0ed6cf6b48bac9af8cc6,0,112,0,0,0,0,0,0,0,0,0,0,0,0
9444c63d6cd155b1cb9217ff46bbfbb5,0,0,0,34,0,0,0,0,0,0,0,0,0,0
77be8920291203357be793cd0d2576ce,0,0,0,0,0,0,0,0,0,0,0,0,68,0
f1c8773c6ffa7c98408b636ecda3c9bc,0,108,0,0,0,0,0,0,0,0,0,0,0,0
8901ca8a6641d631f6211d9da6d08848,0,107,0,0,0,0,0,0,0,0,0,0,0,0
96d18d3528116b3304b4c7edf8f29e8a,0,0,0,0,0,0,54,0,0,0,0,0,0,0
43be722a95ec754e223e66f75faf5e48,0,0,0,0,0,0,0,0,0,0,0,0,33,0
3aba9f7615944a40722a9da4e0a2e71d,0,0,0,0,0,0,0,0,0,0,0,0,103,0
df80a6fec5dcf5929ea62f1d6d2f2fb3,0,0,0,0,0,0,0,0,0,0,0,0,46,0
0c76847546fcac7be396114b0be8029d,0,0,0,0,0,0,0,0,63,0,0,0,0,0
d34c08be0802827301cf44cd7456997b,101,0,0,0,0,0,0,0,0,0,0,0,0,0
4e5fcef45e5a1c7c39139d21c91e4f58,38,0,0,0,0,0,0,0,0,0,0,0,0,0
4b3661fb9ac01a42d051c0ed96eb5de5,0,101,0,0,0,0,0,0,0,0,0,0,0,0
99460df79de1d0d14ff60a5c76a9777a,99,0,0,0,0,0,0,0,0,0,0,0,0,0
b53c348924259b6a7d077f3d385427dd,0,0,0,54,0,0,0,0,0,0,0,0,0,0
a1d60c73529c0e31593499d61f875b72,0,0,0,0,0,20,0,0,0,0,0,0,0,0
ecfe560aa5c476bdaf36ae0cfd3a2834,0,0,0,0,0,0,95,0,0,0,0,0,0,0
58e6e34426684bfffb3f054889215b7a,94,0,0,0,0,0,0,0,0,0,0,0,0,0
a5ee6da185ea02e72393cad47aa44ec7,0,94,0,0,0,0,0,0,0,0,0,0,0,0
caed35703aa2fe734b3e81378929805b,0,94,0,0,0,0,0,0,0,0,0,0,0,0
8a1e39a004dd361299c002b25daf9601,0,94,0,0,0,0,0,0,0,0,0,0,0,0
a1f642eb227696b2d2ae1a15cfcfe6e9,0,92,0,0,0,0,0,0,0,0,0,0,0,0
078af95c758d1d213b78df3f9fdb20c5,11,0,0,0,0,0,0,0,0,0,0,0,0,0
a08a3f2def8e8dbd1da55be3f3d79d7a,0,90,0,0,0,0,0,0,0,0,0,0,0,0
3276c906899b3f4592ae5f8b008d4c19,0,0,0,0,0,0,0,0,0,0,0,0,90,0
cbcf98ba9c0c29dc325462b7618962bc,0,0,0,0,0,0,0,0,0,0,0,0,6,0
233140f69bba72c0c9718418f882da24,0,0,0,0,0,0,0,0,0,0,0,0,62,0
778abc44702d7c359367b4063bcc6cdc,0,0,0,0,0,0,35,0,0,0,0,0,0,0
c8295c2886261089354a1b70e9edca7c,0,77,0,0,0,0,0,0,0,0,0,0,0,0
ed9b938772cf5eaa0cca1f01880146b2,0,0,0,83,0,0,0,0,0,0,0,0,0,0
f64a687d39e85ec21692724e7e12fca9,0,0,0,0,0,0,0,11,0,0,0,0,0,0
b9b04be5df644450ffc4ff4aeaa52274,0,0,0,0,0,0,0,0,0,0,81,0,0,0
34ee9afc05eebbd5de291aca3c301a32,0,0,0,0,0,0,0,0,0,0,0,0,50,0
d6867bc9c77bf5e3820bfc6c50db0841,0,0,0,0,0,0,9,0,0,0,0,0,0,0
686e4b81a13c4b1df33410b3c17807f7,0,0,0,79,0,0,0,0,0,0,0,0,0,0
c77e335ef078a0e5201532d6991feaf8,0,0,0,0,0,0,0,0,0,79,0,0,0,0
b8458a8b41492e0afe6248b9f9914cdd,0,0,0,21,0,0,0,0,0,0,0,0,0,0
f4101909c23447829a342790298bb993,0,76,0,0,0,0,0,0,0,0,0,0,0,0
c09dd5b6894023ac8345818d61c0cad8,20,0,0,0,0,0,0,0,0,0,0,0,0,0
254887daadb86512dc36002f463b1acd,0,0,0,75,0,0,0,0,0,0,0,0,0,0
5b72f198bc465c0878f39cb3bf36d4c0,0,0,0,0,0,0,75,0,0,0,0,0,0,0
575a07a73a9e7d71d7d4120a5e4d2383,0,0,0,0,13,0,0,0,0,0,0,0,0,0
e1cc2ff94f8c64feba489e0a8f2168c7,56,0,0,0,0,0,16,0,0,0,0,0,0,0
afccd7e75ea546ddcf7ff5dfe14f2196,0,0,0,0,0,21,0,0,0,0,0,0,0,0
c9b3e6ce9c64dc171f7ab68bbef8d133,0,0,0,0,0,0,72,0,0,0,0,0,0,0
5bbf57133ffd6fc01c8ca194daced1f6,0,0,0,0,0,0,0,0,0,0,0,0,72,0
31df9e71032a30ebbb6368f0350c4b29,0,0,0,0,0,0,0,0,0,0,0,0,0,25
a02835de8b738cd4ff30769b406a18fd,0,0,0,29,0,0,0,0,0,0,0,0,0,0
a9187038c3341e2c8f4883fcc76a09c2,0,0,0,0,0,0,0,0,0,0,0,67,0,0
455152847c72d83ee3ecd85d7477afe5,0,0,0,46,0,0,0,0,0,0,0,0,0,0
70cf636944021bfa78b6abccfbda8a53,0,0,0,66,0,0,0,0,0,0,0,0,0,0
74f9e1f521e74e3e32b636740ba9887a,0,0,0,0,0,0,0,0,0,0,0,42,0,0
98fda7e35d14e0cc060dbf50813c3c7c,0,0,0,0,0,0,0,0,0,0,0,0,62,0
a16a88bcc683c2808c0ec2e528c78957,0,0,0,0,0,0,0,0,61,0,0,0,0,0
4aa47772080b08bdcba6935b4ce00900,0,0,60,0,0,0,0,0,0,0,0,0,0,0
bb5840fe18ba10773be57eb87f239591,0,0,0,0,0,47,0,0,0,0,0,0,0,0
fb1879d3bb70b5f07fbaf8778b224b11,0,58,0,0,0,0,0,0,0,0,0,0,0,0
e9ba127fa27aa0c8a92f5e030b4fd745,0,57,0,0,0,0,0,0,0,0,0,0,0,0
3ec2738ee985b5bacccedac5db465ad2,0,57,0,0,0,0,0,0,0,0,0,0,0,0
c23063122968b7595b62f4211d4bb4a9,0,0,0,54,0,0,0,0,0,0,0,0,0,0
ecb447488511f9754a810722f6ac458b,27,0,0,0,0,0,0,0,0,0,0,0,0,0
c4631dcb57edc29c791fff399c0f4289,0,0,52,0,0,0,0,0,0,0,0,0,0,0
a17a4710adcbee2c6e8bb769a4996119,0,0,0,0,0,0,0,51,0,0,0,0,0,0
83f0e00c66e0ba5c61cc3f614bc4a858,0,0,0,0,0,0,0,0,0,0,0,0,51,0
c10079f6e1dd9d67b644b818101b81a5,48,0,0,0,0,0,0,0,0,0,0,0,0,0
5e711e9f523bb2c46d84abddef412437,0,48,0,0,0,0,0,0,0,0,0,0,0,0
214a50fb9e968bcd66916ba392203bb7,22,0,0,0,0,0,0,0,0,0,0,0,0,0
ad00beab3dc0dc6b142db6b66db94c0a,46,0,0,0,0,0,0,0,0,0,0,0,0,0
37b4978e1656c2de4edd4721d766d62e,0,0,0,0,0,0,14,0,0,0,0,0,0,0
208df06dffb9a82860553dfcbaf377e0,0,0,0,0,0,46,0,0,0,0,0,0,0,0
26c289f33a3432a10419996f070f50cd,0,0,0,0,0,0,0,0,0,0,0,0,16,0
8780750899a6cc9e0892aba681c1168c,0,0,0,0,0,0,0,0,0,0,0,0,46,0
3134c27b0df1d83587da8b77adcbaa08,0,0,0,44,0,0,0,0,0,0,0,0,0,0
6438147e81c0e961ee0c8428c9aaab5f,0,0,0,0,0,0,0,0,0,0,0,0,15,0
c5c1e114fb58ebf55ba17740943895fc,0,0,43,0,0,0,0,0,0,0,0,0,0,0
d9996352eb64110a524abf63889e7e4a,0,0,0,0,0,41,0,0,0,0,0,0,0,0
69e087d53399c53be088f95efdddaf80,0,0,0,0,0,41,0,0,0,0,0,0,0,0
b885176cbede9a55bdbe3ef64930f68e,40,0,0,0,0,0,0,0,0,0,0,0,0,0
d29e45dae965dc6e52ac065b7726e22b,0,40,0,0,0,0,0,0,0,0,0,0,0,0
75ce6288d8d3284a90400cf70deb79c8,0,0,0,0,0,0,0,0,0,40,0,0,0,0
d02c96aa2ebe6aa57ee9b2249a119a57,38,0,0,0,0,0,0,0,0,0,0,0,0,0
54eb0b7d35e53d8151aed9c3c5008800,0,31,0,0,0,0,0,0,0,0,0,0,0,0
3ae307891176e58e9a2b405a917c1029,0,0,0,0,0,0,0,0,0,0,0,0,0,38
6dde0c1306c0f7166c586b715d5a859a,37,0,0,0,0,0,0,0,0,0,0,0,0,0
aa604358a4996819cf9450caaf6076ec,33,0,0,0,0,0,0,0,0,0,0,0,0,0
72afe274b3e80c1b15c082d21a90bd5e,0,0,0,0,0,0,33,0,0,0,0,0,0,0
e91901d3bb51d508737f9a3a2e6ad8f4,0,0,0,0,0,8,0,0,0,0,0,0,0,0
e0e9a0b6225a959d0c7773e42ac82917,0,32,0,0,0,0,0,0,0,0,0,0,0,0
520bd245404d4c3d411e3153aac7a467,0,0,0,0,0,32,0,0,0,0,0,0,0,0
fadb1e67b9742eef529d790533197a6a,0,0,0,0,0,0,0,0,0,0,0,32,0,0
2cf111ff0eb63da7afe43c462ebaa9ac,0,0,0,31,0,0,0,0,0,0,0,0,0,0
aad1acf75d46da4d5077f3a8f012b48b,0,0,0,0,0,0,0,0,0,0,0,0,31,0
19ebfd2851bf53d22e421b50d73bb606,0,0,0,0,0,0,0,0,0,0,0,0,31,0
fac0540bff95e2ed9f49cc46a5827712,0,0,0,0,0,0,0,0,0,0,30,0,0,0
7c6d347482e1b1d29d09dd6155385153,0,0,0,0,0,0,0,0,0,0,0,0,30,0
63c2016f5bd5e3bbec99d8c9b11471e0,0,0,0,0,0,0,0,0,0,0,0,0,29,0
cad9de5e61e77b978d2c1336d39c4a31,0,0,0,0,0,0,0,0,14,0,0,0,0,0
268db83fbaa0a46c129c46e640424176,0,0,0,0,0,0,0,0,27,0,0,0,0,0
9615e110b8ca880acb34633522217975,0,0,0,0,0,0,0,0,26,0,0,0,0,0
f26bb1c365d900a7d0986bc069375014,0,0,25,0,0,0,0,0,0,0,0,0,0,0
e69118bd736b158c630f3aa470aaeac1,0,0,0,0,0,0,0,0,25,0,0,0,0,0
80ba54fa59a5b1b24239a44e5fdb9a03,0,0,0,0,0,0,0,0,0,0,0,0,0,25
3b2572f4248a88d1636acd24d53fd419,0,0,24,0,0,0,0,0,0,0,0,0,0,0
6e4e6697215393eb93c08191c1a57eb0,0,0,0,0,0,0,0,0,24,0,0,0,0,0
0af410d41d7d619f452bae6fdd4e4559,0,0,0,0,0,0,0,0,0,0,24,0,0,0
f322b4fdf9d70423ea9f82db3c5a2bc9,0,0,0,0,0,0,0,0,0,0,0,0,24,0
a0da2a1256f2a80beb02555dace4809f,0,0,23,0,0,0,0,0,0,0,0,0,0,0
dd7cc3cc45c204c9bf076efe5cb11182,0,0,0,22,0,0,0,0,0,0,0,0,0,0
29e5026ed91c03b7a36b142762c47d9c,0,0,0,0,0,0,0,22,0,0,0,0,0,0
bde922dad7c2f1e271c6ae64c8f20d23,0,0,0,0,0,0,0,0,0,0,0,0,22,0
654c800f5410b954931d2d79445b406e,21,0,0,0,0,0,0,0,0,0,0,0,0,0
f8585da2e6134eac1abe6b0444458919,0,0,21,0,0,0,0,0,0,0,0,0,0,0
236894c1c2376b40710f4b0b0ea87a90,0,0,0,0,0,0,0,0,0,0,0,0,0,6
ed1a2d49ef6555fd580e64611163aa36,0,0,0,0,0,0,0,0,0,0,0,0,21,0
734085719d1472fa4f312838893c195a,0,0,0,0,0,0,0,0,0,0,0,0,0,21
786f2b6ed7c8c43bff28ec790fbbe5bd,20,0,0,0,0,0,0,0,0,0,0,0,0,0
04beb24ce8d159aa9ce515b27fee72a6,0,0,20,0,0,0,0,0,0,0,0,0,0,0
d4cc6e0105c119f6f8ef8898891a9548,0,0,0,0,0,0,0,0,0,0,0,2,0,0
e1a2cfddf66f8829cb3a1343a092056d,0,17,0,0,0,0,0,0,0,0,0,0,0,0
c22355db64bb973630237306f364ae38,16,0,0,0,0,0,0,0,0,0,0,0,0,0
0ff3d1f024a93c5789013d2b89aad817,0,0,0,0,0,0,0,0,0,0,0,0,15,0
4479b7063d1c5b50580ae9cbe18eae90,13,0,0,0,0,0,0,0,0,0,0,0,0,0
44404c86fdc934c0c9594f3a840feb3f,4,0,0,0,0,0,0,0,0,0,0,0,0,0
0f2be129be860928661a8107734a8b2b,10,0,0,0,0,0,0,0,0,0,0,0,0,0
ddc10ec41756310d0f1b900888619cc5,0,0,0,10,0,0,0,0,0,0,0,0,0,0
60bfd8028f666bf3f4bfdf346535b580,9,0,0,0,0,0,0,0,0,0,0,0,0,0
46fd9919533853938e695ccf014ff087,0,0,9,0,0,0,0,0,0,0,0,0,0,0
d62a6271a744ba693ca2c66357e6ed08,0,8,0,0,0,0,0,0,0,0,0,0,0,0
c8fc1bb697a83e92a144c893db3f0d37,0,0,0,0,0,0,0,0,8,0,0,0,0,0
27bac8994fd367debe2bf61002167d13,0,0,0,0,0,0,0,0,0,8,0,0,0,0
f2ce72342723c411c29ce83c6ac0f66f,0,0,6,0,0,0,0,0,0,0,0,0,0,0
c098f7ba592e834b2cb3a71610055b94,0,0,0,0,0,0,0,0,6,0,0,0,0,0
242c8bbdc65d4f1cb48b14992e48b5ca,0,0,0,0,0,0,0,5,0,0,0,0,0,0
582aca26274c48eca4d3421aaeb05a7c,0,0,0,0,0,0,0,0,5,0,0,0,0,0
3c08569331bd8bb07f0fe58b33f59359,0,0,0,0,0,0,0,0,4,0,0,0,0,0
b8c40613f551ea398dd09a29a722fb58,0,0,0,0,0,0,0,0,0,0,0,0,4,0
22fad1e82986090a17a7330fc6711dfa,3,0,0,0,0,0,0,0,0,0,0,0,0,0
695f0e1f37efede9f6e1371d2fecc1b0,3,0,0,0,0,0,0,0,0,0,0,0,0,0
f5d728134138eddc35e0de28e36dfc13,0,0,0,0,0,0,0,0,3,0,0,0,0,0