OTUID,001W1,003W1,006W1,010W1,011W1,012W1,013W1,014W1,015W1,016W1,017W1,018W1,019W1,101W1,102W1,103W1,104W1,105W1,106W1,107W1,108W1,109W1,110W1
461e88572c8531337fca53eec668f6af,0,2370,454,531,0,816,1148,598,148,1067,2471,170,592,220,0,0,1172,2201,1029,3944,557,0,929
4097a388df74933fcfcfccf035b999dc,0,1921,332,772,0,870,781,940,234,830,1555,62,797,0,130,227,558,1012,487,2534,237,0,508
b41203c39cb61b9cad701eae576c7a1f,182,1901,264,483,0,1093,835,703,461,538,1089,100,1069,0,0,0,476,837,439,2124,118,0,337
b5b0a1eaf94f7c48cca227b748b1036d,0,236,1261,75,235,0,273,0,0,987,432,294,0,1228,236,210,257,1167,724,352,334,0,299
9992356b67d588dcfae3705dff08cab0,0,1413,255,328,0,460,874,332,61,545,649,135,398,0,0,0,464,953,424,1648,200,0,259
63dc415afa46898d8f95e86cacdc2959,0,1385,189,297,75,652,877,377,104,298,265,172,527,0,0,0,227,448,284,969,89,261,132
0785e6aa088438bcb540dff46140d8dc,0,1277,204,409,0,603,813,481,53,471,412,0,450,0,0,0,268,574,265,1136,126,0,177
7959d6c6e725d05ab35dc33940d086e6,0,1010,205,306,0,755,543,721,173,1118,722,0,727,0,0,211,388,898,398,1119,0,0,395
4785ca0d6be9ce6b756299fdb9cbd446,0,715,200,217,0,493,416,605,94,985,686,0,492,0,0,0,524,1310,490,1168,0,0,570
094f65a2e1dc6dc372adb7d92578960a,330,0,991,127,299,0,0,210,0,776,290,0,0,748,258,345,0,571,397,278,248,0,198
3bbe760934382858060797fe375bfae9,0,771,183,281,0,558,436,578,180,845,442,0,695,0,0,0,284,799,318,1069,0,0,295
d1bf5cbb64f8143d138fceda9490ca0b,0,916,134,179,0,697,523,408,187,484,324,0,539,0,0,0,130,409,211,816,102,0,143
5fefd58eff69972a90d5e8028ba79fa1,95,0,732,211,159,329,0,0,0,502,327,0,208,486,185,210,0,472,377,161,229,145,203
298ecc6af776bb7edff402ad29dcba9f,0,633,140,189,0,593,479,456,198,582,257,47,684,0,0,52,205,553,269,684,0,0,200
061f96f0edf66dc86ed5fdc108beb5bd,0,0,600,104,216,0,0,193,0,1051,168,0,0,322,118,192,0,536,338,0,0,0,129
1a51394e215894d87a1cd321fc8556a1,0,0,690,51,117,174,0,0,0,507,141,0,0,392,192,166,0,561,359,0,167,0,94
0c0223d88228e470fd1520acdb55adad,106,0,563,0,127,0,0,0,0,991,129,0,0,477,109,154,0,741,470,0,0,0,251
122abc1a0801399ae12837ae3f7ad8e4,0,0,487,48,191,0,0,0,0,835,118,0,160,342,112,191,0,471,290,0,0,0,218
9bd57ec9560f1d1e419889a2c6ed0597,0,0,548,0,0,0,0,0,52,696,136,0,0,194,121,205,0,331,167,0,0,0,0
9ed12ad9eb23953f49fa4112d8487ba1,0,0,537,76,0,41,0,0,0,433,61,0,0,270,160,129,0,344,200,0,0,0,83
2990a0b19ee737c3819b09eab3854f41,125,0,527,0,129,0,142,0,0,297,0,0,0,186,176,111,0,261,217,88,0,0,0
85d3fce12aaa2b050781ed410765568a,74,0,0,0,0,0,58,0,0,0,50,81,498,0,0,0,0,97,0,0,0,0,1079
9bf4bfd490198dfcaf6f33c9ac7bd23d,0,0,323,0,0,0,0,39,0,563,0,0,0,169,137,140,0,279,242,0,0,0,0
e3df63291734eff5d4e84915c9433425,0,132,139,0,0,0,0,188,0,160,144,126,0,396,0,103,167,302,181,229,472,0,0
b790cecad3d91a6a103b4287cd42e02e,0,0,0,0,24,61,0,0,0,0,0,0,587,0,0,0,0,0,0,104,0,0,538
11726ed62c9b4eb40ca0c8e9c38a90d6,0,0,0,0,0,0,0,48,0,0,0,0,717,59,0,0,0,0,0,0,0,0,380
b8bfe583dafe3e4d9fece27d5563a8af,0,0,117,0,281,0,0,0,0,92,0,0,0,761,353,0,0,113,390,97,0,0,353
3e212ec59d2a26034a9461b3be2dfef9,244,0,203,0,331,0,173,0,0,191,0,97,0,407,308,167,0,441,344,213,236,0,340
3824b3f159f036f4358a344e9c0f382f,0,0,415,284,0,0,0,0,0,92,0,0,0,0,0,62,0,0,0,172,118,0,0
d374682147173515630598e0e483924e,0,0,0,0,0,0,0,0,0,0,0,0,649,0,0,0,0,0,0,0,0,38,428
0bcb53855af97159c395aeb88833dcba,0,0,0,0,0,0,0,0,0,0,0,0,297,0,0,0,0,0,108,0,0,0,287
21c57ad5c5ec7c24404d687accc2c620,0,0,265,139,315,0,0,0,0,0,158,0,32,630,127,90,81,271,191,66,0,0,324
8f49c09144667b6ffe7b00ef3c32b3aa,0,0,194,0,0,0,0,0,0,167,0,0,0,0,0,0,61,0,0,0,0,0,0
9a58a85ddf3248935651994771815066,0,0,76,0,0,0,0,0,0,0,0,0,425,0,0,0,0,0,0,0,0,0,577
73ce0f30b3de6fc46137e1732137695e,0,0,0,0,0,232,276,0,0,63,0,0,45,0,0,91,0,0,0,223,0,0,0
7dca7af5849f88ad4c6a7b28816dcb9a,0,0,0,0,0,0,0,0,0,0,0,0,337,0,0,0,0,0,0,0,0,0,166
ef8117495584b56d93548abadbd6cd95,0,70,0,0,0,0,0,0,0,0,0,0,511,0,0,0,0,0,0,0,0,0,326
d7bd96a9eac19c340eb5b474627a71be,0,0,0,0,0,0,0,0,0,0,0,0,411,0,0,0,0,0,0,0,0,0,230
39d16bf5914bdb10e3e5a757a1218128,0,0,54,0,0,0,0,0,0,135,0,0,0,177,0,0,0,0,440,0,151,0,210
f285706d7b44425572a63b08341f920b,0,0,189,61,0,0,0,0,0,131,316,0,0,214,123,0,0,205,0,0,0,0,0
731b960f23d3504535554eccba9f97f2,0,0,0,0,0,0,0,0,0,0,0,0,553,0,0,0,0,0,0,0,0,0,240
85a6d642470b605d7446bda4b5dea812,0,0,98,0,114,0,0,0,0,172,0,0,0,519,126,0,0,91,0,0,0,0,0
6c3ef2d4a3168003d6ab92f0a78e52db,0,0,147,139,186,0,0,0,0,42,0,0,0,111,0,0,0,246,240,52,0,0,0
5a3aea466a183c2d38eb8b176d4bd0a9,0,0,287,0,0,0,0,0,0,196,0,120,0,163,0,0,0,208,0,152,276,0,207
28f13fc574332ed14594035be1f60b98,0,0,0,82,0,0,0,0,0,0,0,0,541,0,0,0,0,0,0,0,0,0,187
58b00b511641d586ae870763172bd650,0,0,81,287,0,0,0,0,0,0,0,0,0,0,365,0,0,0,0,146,0,0,0
9e9b57cb089c3a4a70c25eacd0e8ad39,0,0,0,0,0,0,0,0,0,0,0,0,480,0,0,0,0,0,0,0,0,0,172
60cc7d8592d0be3c2826c6267eae2984,0,0,0,0,56,0,0,0,0,69,0,0,0,260,179,0,0,270,334,116,0,0,449
1f2caf42bbd4905672ded7cddaeca40c,0,0,0,0,0,126,0,0,0,0,0,0,0,407,335,150,0,0,109,0,113,0,0
e26fbebba4cc952ff2208d98a43df8e5,0,0,190,0,407,0,0,0,0,0,0,0,0,141,0,0,0,94,274,0,0,0,123
d39ee45607955971f9eaad76d0059f67,0,0,0,0,0,0,0,49,0,0,0,0,0,0,0,0,0,0,0,168,0,0,0
cc215a476252ea0ccd4bcf3bd45faf46,0,0,145,0,94,0,0,0,0,0,0,0,0,306,139,0,0,81,0,0,215,71,0
c3e1fc1c37e41eddf2684a0666c93167,0,0,0,0,0,0,0,0,0,91,0,0,379,0,0,0,0,0,0,0,0,0,190
c7f5c0285b89fcff5c9778bc384d62b8,0,0,169,0,0,0,0,88,0,105,0,0,0,195,0,0,0,159,0,0,0,0,0
3c829333f45c9986b34503bc47fb0287,149,0,0,0,0,0,0,0,0,0,0,0,0,0,0,0,0,0,0,0,0,0,0
a89bdeef9e2e518ad28c6899075afe38,0,0,179,99,0,0,0,0,0,0,0,0,0,297,201,0,0,252,294,0,0,0,0
ada0d7f0c02644bdd4b2daa272a6b0c1,0,0,15,0,0,0,0,0,0,0,0,0,169,0,0,0,0,0,0,0,0,0,258
512fb2bfcb9f08fd7f1de3864b167c89,0,0,273,0,0,0,0,0,0,78,0,0,0,194,175,0,0,0,0,0,0,0,145
23ff1ceda1352ef7d1582c230a0a9494,0,0,0,132,0,0,0,0,0,0,0,0,0,0,0,0,0,50,0,0,0,0,0
5c85119666bb9fc827c3315134cf59f8,0,0,0,0,0,0,0,0,0,0,0,0,0,0,0,0,106,257,87,0,215,0,0
b3b3eefd165e929f784f912165c76013,0,0,0,0,80,97,0,0,0,0,0,0,0,161,246,92,0,141,204,0,0,0,0
81d77fcc068b215e9a04729053416a8c,0,0,0,0,0,0,0,103,27,0,0,54,0,310,117,112,0,0,101,0,0,422,0
f12718dbb5068de7bba6e44db549a1f5,0,0,153,0,0,0,0,0,0,0,0,0,0,0,352,0,0,0,0,102,0,0,62
09ae43ef279a9e934fc1cec69b91ef02,0,0,0,0,0,0,0,0,0,0,0,0,0,0,0,9,0,0,0,0,0,0,33
98ec867428fa2d84f8abd2eafcc97651,0,0,0,0,0,0,0,0,0,44,27,0,0,0,0,0,0,70,0,0,99,31,0
b9cd672a2b71e2ac6b686dc3de3972bb,0,0,0,0,0,0,0,0,0,44,0,0,0,0,0,35,0,0,0,101,0,0,0
dd8a09521c78c44b26ce59188b1c1341,0,0,0,0,0,0,0,0,0,170,0,0,0,0,0,59,0,103,0,0,96,77,0
51dfc8e30f17859a5f8d011d1718e6dc,0,0,182,0,0,95,104,0,0,0,0,0,0,0,0,0,0,140,0,0,0,0,0
9348e6e1aa675e632fd5bcaf53208399,57,0,0,0,0,0,0,0,0,59,0,0,0,0,0,0,0,0,0,0,0,0,180
50871ef57b5bd745fc903b8221f46eee,0,0,0,0,0,0,0,0,0,0,0,0,0,0,139,0,0,0,0,0,0,0,0
5bfa6cc0f61bc374074856a27cfe51d6,0,0,149,0,270,0,0,0,0,106,0,0,0,297,0,0,48,100,265,0,0,0,70
078ca2e2199edabd0c9a69d1285ec237,0,0,0,0,0,0,0,0,0,115,0,0,0,239,264,157,0,0,307,0,0,0,0
3d95d9af453da2420df18136607e0274,0,0,89,0,265,0,0,0,0,225,39,0,0,301,235,0,0,260,279,0,0,0,227
b9f6bb04c1f2bf5a64cd07e124bbc6cf,0,0,81,0,0,0,0,0,0,180,0,0,0,0,0,55,0,0,0,0,0,0,0
4e797f5dc3a0722617983e7a428ead0a,0,0,0,0,0,0,0,0,0,0,0,0,0,27,0,0,60,0,0,0,81,0,0
b10448cd4124bdfd706450a4189961ef,0,0,237,0,0,0,0,0,0,19,0,0,0,238,0,0,0,395,0,0,0,0,0
875b7e2636dfa43de39ac0b55525378b,0,0,0,0,0,0,0,0,0,83,0,0,0,0,0,117,0,0,0,0,0,0,0
39e4e482fac866fb40dac0bb65fff8c1,0,0,186,0,0,0,0,0,0,220,0,0,0,0,0,0,0,0,385,247,128,0,0
a12e2fa6917f40e375725c9eb63bd598,0,0,103,0,154,0,0,0,0,112,0,0,0,235,0,0,0,58,0,0,0,0,0
e8fb27cdade4f21030ae2ec2c7c5c65a,0,0,72,0,40,0,0,0,0,97,0,0,0,0,0,61,0,0,0,0,0,0,0
5abbeb2b46fb4d461812e6667166aeb6,0,0,226,0,0,0,0,0,139,0,0,0,68,0,0,0,38,38,0,0,0,0,484
09200481c23b5473a5263797322a8ded,0,0,213,0,0,0,0,0,0,0,0,734,0,0,0,0,0,0,0,0,0,0,266
d4e9b5916b230761f8f166d52791f319,0,0,0,0,0,0,0,0,0,67,0,0,0,0,0,0,0,0,0,0,113,0,0
e362ea63ea3ee4c9954475abd6c21df0,0,0,0,0,0,0,0,0,0,77,0,0,93,0,0,0,0,0,0,0,0,0,0
a411d2d2a585cf5b0e120725cd5d92ee,0,0,0,0,0,0,0,0,0,0,0,0,0,66,139,0,0,0,126,0,0,0,0
c50e99458383ebf13ec3c37e8bd41b0d,0,0,0,142,224,0,0,0,0,86,0,48,0,152,134,0,0,0,0,0,198,0,0
ff74d7b6608aefe8c09ceaaa746bf8ee,0,0,0,0,0,0,0,0,0,147,0,49,0,0,0,0,0,0,0,0,0,0,0
c505e5292d56c52b738fea0e59cf10d3,0,0,76,0,0,0,0,0,0,0,102,109,0,285,167,0,0,58,0,0,0,0,0
465e917ea06d1ce6ea785d27f0372ef6,0,0,184,0,239,0,0,0,0,132,0,0,0,239,0,101,0,0,0,0,0,0,306
99c02683cc24f7897a97a5538b42dd5f,0,37,107,0,0,0,0,0,0,169,0,0,46,111,0,0,0,172,0,0,0,0,0
5ae8231c8df25f251314ff0003b99e0d,0,0,0,90,0,0,0,0,0,0,0,0,0,0,0,0,85,0,0,0,130,0,0
fba2c425666cc798aba66b67f343e7cb,0,0,123,0,0,0,0,0,0,204,0,0,0,154,0,0,0,249,0,0,0,0,0
5db3685b285e906a77e7b54c9151f332,0,0,0,33,0,0,0,0,25,0,169,0,0,0,0,0,186,242,76,164,0,0,0
9fdf1635d7652fa403688d0abcdbb3ae,0,0,0,0,0,0,0,0,0,0,0,0,0,52,0,0,0,0,0,0,0,0,0
3c7c2bff8010a2df93804ac94513591f,0,0,76,0,0,0,0,0,0,63,0,0,0,226,0,0,0,130,120,0,0,0,0
d3ee07171cd709aca368030b3209f716,0,0,154,0,0,0,0,0,0,149,0,0,0,107,0,0,22,180,0,0,0,0,0
d609fa906223bfb6bb432c6d28154d8d,18,0,0,0,0,0,109,0,0,0,34,0,0,343,0,0,36,395,0,0,0,0,0
4892f891da14927a3757123340696763,0,0,0,0,0,0,0,0,0,0,0,0,0,130,0,0,0,84,0,0,0,0,0
7a9f566a4acbab7a0bf11492ac571d34,0,0,0,0,0,0,0,0,0,0,0,0,211,0,0,0,0,0,0,19,0,0,288
ffdae294d23dec8a1057be1c01a82b00,0,0,0,0,0,0,0,0,0,0,0,0,0,0,0,0,0,0,366,256,0,0,0
5a94ea9f1f429d628fa9158bcc3f3522,0,0,153,0,0,0,0,0,0,91,0,0,0,176,0,0,0,190,0,0,0,0,0
4d3daa3c91ad9dda7d2eabc0e1158e4f,0,0,96,0,0,0,0,0,0,287,0,0,0,0,0,0,0,375,0,0,0,0,185
bf0b91f3de23f64092882b9887a3df88,0,0,423,0,44,0,0,0,0,0,0,0,0,297,0,0,0,171,436,0,0,0,82
cf49d991671be2cf1108345cb1465669,0,0,0,0,0,0,0,0,0,0,0,0,237,0,0,0,0,0,0,0,0,0,190
9ffb5190cf388cbbec7913498475a99c,0,0,145,0,0,0,0,0,0,0,0,0,0,0,0,0,0,0,0,0,0,0,0
b1314ba67a3793fb1e4c677b19108ba9,0,0,0,0,0,0,0,0,0,60,0,0,0,117,0,0,0,0,0,0,0,0,114
e59be2f0704f3f609ad33fb05f9c8c3d,76,0,47,0,0,0,0,0,0,0,0,0,0,0,0,0,0,0,0,0,0,0,0
405e7a354649f70e195564833ecc68d9,0,118,0,0,126,114,0,0,0,0,0,0,0,148,145,0,0,0,0,0,0,0,0
59b46738c3796eb8a58ef6444318efba,0,0,116,0,0,0,0,0,0,135,0,0,0,67,0,0,0,122,0,0,0,0,0
7329dceb679776a78fe337e3ae315163,226,0,154,0,0,0,0,0,0,0,0,0,0,0,0,0,0,0,0,0,0,0,0
e32f2fcdbca40168b9b44f025c8b9291,0,0,0,0,0,0,82,0,0,0,0,0,0,0,0,0,0,0,0,0,0,0,0
20d68a0b001be78fb9d679a71bd43f8a,0,0,0,0,0,0,0,0,0,30,0,0,0,0,114,0,0,0,0,0,0,0,0
75729107decd79c5d5e090fcf5dd6755,84,0,0,0,0,0,136,0,0,0,0,0,0,256,150,57,0,0,98,0,0,0,0
85ced0617efe9c0d6db11469cec5e33f,0,0,0,0,0,0,0,0,0,0,35,0,0,0,0,0,0,0,86,0,0,58,0
8b5ff1be8982a667a2c4f6ccdc871b9d,0,0,86,0,0,0,0,0,0,0,0,0,0,0,0,0,0,0,0,0,0,0,0
4584f9eff6a6695ed421f0610f52d1a8,0,0,50,0,114,0,0,0,0,0,0,0,0,123,198,34,0,0,0,0,0,0,0
7fafc6840f0649b5170fe142f8f936c1,0,0,259,0,0,0,90,0,0,0,0,0,0,0,0,0,0,0,0,0,0,0,0
929d4e9a806320e6189bad0b6e894de2,0,0,58,0,0,0,0,27,0,115,0,0,0,99,0,0,0,121,0,0,0,0,78
c5f24fe13978fd95092e795e9e46fc6c,0,0,0,0,0,0,0,0,0,72,0,0,0,132,219,0,0,0,0,0,0,0,0
cfd37ffa1a70b8fff7b79e58ebcdb405,0,0,0,0,0,0,0,0,0,0,0,0,0,196,0,0,0,0,64,0,0,0,0
8cad557b7e0fd2b410eac540c11cf0bb,0,0,56,0,44,0,0,0,0,0,0,0,0,166,0,0,0,309,0,0,0,0,116
a962ba83dfd0d74c6ea3ed233bb0aa95,0,0,0,0,32,0,0,0,24,0,0,0,0,0,0,0,0,0,0,0,0,0,0
fa9bb40f48ae1ef6b0f6494b3abaf8a6,0,0,126,0,293,0,0,0,0,111,0,0,0,179,273,0,0,255,0,0,0,0,0
feb2dc98b4f1630df7158b754f4486a2,0,0,82,0,86,0,0,0,0,142,0,0,0,0,0,0,0,119,0,0,0,0,0
78279aae20040455e0fb725fae667e20,0,0,0,0,0,0,0,0,0,0,0,0,0,0,0,0,0,0,225,0,0,0,0
43adc9217ba723d1bcd2c573d2fb1e4c,103,0,123,0,115,0,0,0,0,0,0,0,0,0,179,0,0,158,0,0,0,0,0
2b2c981ac9beb12f83ab35a415587e97,0,0,177,0,0,0,0,0,0,0,0,0,0,0,0,0,0,195,0,0,0,0,0
ae58b01c1037327da64c582a01b8e5dd,0,0,0,0,0,0,0,0,0,56,0,0,0,0,0,0,0,0,0,0,0,0,0
b9a6ecdc193dfd1f995e0ddbb19ebeb4,0,0,0,0,0,0,21,0,0,0,0,0,99,0,0,0,0,0,0,0,0,0,103
1871e37f08816e92048c77f7fe220b87,0,0,0,0,0,0,0,181,0,0,0,0,111,9,0,0,0,0,0,0,0,0,0
c19a37d32d24511f00ba3485d1220e2d,0,0,0,65,0,0,0,0,0,0,0,0,0,0,0,0,0,0,0,62,0,0,0
95d4e5d77eb28dee70ccfa0b548e56ca,0,0,0,0,0,0,0,0,0,212,0,0,0,302,0,0,0,562,0,0,0,0,0
78d81b00750eaccc6635b070085b4d38,0,0,0,0,0,0,0,0,0,0,0,0,140,0,0,0,0,0,0,0,0,0,0
d5b3e2256181d083769e7cbe2547e843,0,0,166,0,0,0,0,0,0,113,0,0,0,53,0,0,0,0,0,0,0,0,0
81d96525bd015b78acc51a3f06dcf09a,0,0,200,0,0,0,0,0,0,0,0,0,0,0,0,0,0,0,0,0,0,0,0
c83de1fa8644cae296fb81c7d0b1c95b,0,0,0,0,0,0,0,0,0,0,0,0,0,203,56,124,0,0,103,0,0,0,0
086605d3d0d8043656f49901477ad105,0,0,0,0,0,0,0,0,0,0,0,0,197,0,0,0,0,0,0,0,0,0,163
2d903c6c2c94274e1fc2dfd05b28aad8,0,0,0,0,0,0,0,0,0,0,0,0,176,0,0,0,0,0,0,0,0,0,179
4509f00c097d6ac06e787fdf4291c972,0,0,0,0,0,0,0,0,0,144,0,0,0,222,54,102,0,0,176,0,0,0,0
d94079e1ce9d377c9783282155b2c5ab,0,0,0,0,0,0,0,0,0,50,0,0,0,99,0,0,0,0,0,0,0,0,0
ced624ac539da0734ca9540b5bb3641e,3,0,0,0,0,0,0,0,0,0,0,0,0,0,0,0,0,0,291,0,0,0,0
8b00e04a01f74b43b597b1105c115d4a,0,0,117,0,0,0,0,0,0,0,0,0,0,0,0,0,0,155,0,0,0,0,0
3868fe642ad7a297f20fd29db63f1cfc,0,0,0,0,218,0,0,0,0,108,0,0,0,187,173,0,0,0,0,0,0,0,0
929da7566b6d22d1d2a629ece1aba9d9,0,0,0,0,0,62,0,0,0,129,0,0,0,114,0,22,0,0,0,0,0,0,86
89eb05a1116986a85b843ace280b8b2a,0,0,0,0,0,0,0,0,0,0,0,0,0,194,0,0,0,160,0,0,0,0,0
45525b523123092150ab625cf4623871,0,0,0,0,0,0,0,0,0,0,0,0,0,0,0,0,0,0,232,0,0,0,0
6f90c898da996a9bea2bf7b02f171032,0,0,0,0,164,0,0,0,0,169,0,0,0,192,222,226,0,0,0,0,140,0,0
29584c306ab826d7ae491dcdb014dcf9,0,0,0,0,0,0,0,0,0,0,0,0,0,136,80,0,0,0,84,0,0,0,0
3072a3979318827a5b097f865f24bb49,0,0,172,172,0,0,0,0,0,0,0,0,0,0,0,136,0,0,0,231,0,0,0
c7488c1987be6981c5d1c8eddf75bc31,0,0,129,0,0,0,0,0,0,0,140,0,0,176,0,0,0,0,0,0,0,0,0
a56c5895c1a30347be75857701fc2981,0,0,0,0,0,0,0,0,0,0,113,0,0,76,0,0,0,86,87,0,0,0,0
8f2dcc106747d7331073ac3b911636cc,151,0,0,0,0,0,0,0,0,0,0,0,0,98,0,86,0,0,139,0,0,0,0
5df4619d188e7f1c7c250738d0599c89,0,0,0,0,0,0,0,0,0,0,65,0,0,194,121,0,0,0,438,0,201,0,0
725f846f6771fe402c31a8c88b12ac6b,0,0,0,0,0,0,230,0,0,0,0,0,0,72,0,0,0,0,0,0,0,0,0
da71f096ea5972db29858d2944f14fe4,0,0,129,0,0,0,0,0,0,0,0,0,0,0,158,0,0,0,0,0,0,0,0
539e25a5a201b84963c987f9b452bbf9,16,0,0,0,0,17,0,0,0,0,0,0,0,0,0,0,0,6,0,0,76,0,0
e82f4792591bd3c02caf1d71f561d11e,0,0,104,0,0,0,0,0,0,0,0,0,0,56,0,0,0,108,0,0,0,0,0
1fb73e68cde6c83644ad262867a0f36a,0,0,0,60,0,0,0,0,0,0,0,0,0,0,80,0,0,0,0,0,0,0,0
eaa8dbbe2f4e81801db94c07803f2658,0,0,0,0,0,0,0,0,0,134,0,0,0,0,0,0,0,0,0,0,0,0,0
bad106021890072469b007d0cf1ec38b,0,20,0,0,0,0,0,0,0,42,0,0,8,0,0,0,0,0,0,0,0,0,0
9c754dedfade8f528831e6ced35ebf20,0,0,0,0,0,0,0,0,0,0,0,0,0,0,0,0,0,0,602,0,0,0,128
46edfcf65339546943ed05cba8a05394,0,0,0,0,0,0,0,0,0,0,0,0,0,144,0,87,0,0,75,0,0,0,0
abd23d23cb9ba820e975b1115de9994a,0,0,0,0,0,0,0,0,0,0,0,0,0,0,303,31,0,0,0,0,0,0,0
4a13064812d93b43916426da9664af74,0,0,43,0,0,0,0,0,0,103,0,0,0,213,322,158,0,0,0,0,0,0,0
4ffe7a36d3e9b9147a697b6391bb1a17,139,0,268,146,0,0,0,0,0,0,0,0,0,0,0,0,0,0,0,0,0,0,0
e08cdc1534af11f87ded2889e9e98d4c,129,0,159,0,0,0,0,0,0,0,0,0,0,0,0,0,0,0,0,0,0,0,0
5eb11f2c8df650c514a9a29540162ffd,0,0,179,0,0,0,0,0,0,0,0,0,0,0,0,0,0,0,242,0,0,0,0
a983799f4843e1a9d165a8bef1235858,0,0,0,0,0,0,0,0,0,0,0,436,0,0,0,0,0,0,0,30,0,0,0
226ab2cdfc058640f626490f6b14d6e6,0,0,0,0,0,0,0,0,0,115,0,0,0,0,0,0,0,118,0,0,0,0,0
1fa4d1bc4fa79be90a75ac329baf1507,0,0,0,126,0,0,0,0,0,71,0,0,0,176,106,0,0,0,0,0,0,0,0
eeae07184e5e893dc443e46819033764,0,0,0,0,0,0,0,0,0,0,0,12,0,0,0,0,0,0,226,0,0,0,0
3a65b5b5701bd8a1965b6b5d38648dab,0,0,0,0,0,0,0,0,0,76,0,0,0,0,0,0,0,65,0,0,0,0,0
f5240bdfbbfb5d4aaebfeedb19236e02,0,0,0,0,0,0,0,58,0,0,0,0,0,0,0,0,0,0,0,62,0,0,0
6889a4f7c0d5b054d3757ca3c9c883ce,0,0,0,0,0,48,0,0,0,0,243,0,0,0,0,0,0,0,0,0,0,0,0
e5a0a44e6f8bac62e5da9f52f6cfbaaf,97,0,0,0,0,0,0,0,21,103,0,0,0,124,75,0,35,0,0,0,0,0,0
42562be072d10d6bd37e88dce4ea3023,0,0,0,0,0,0,0,0,0,16,0,0,122,0,0,0,0,0,0,0,0,0,0
306afa2d3e6312a6d8a5df652de56352,0,0,0,0,0,0,0,0,0,63,0,0,0,0,0,0,0,0,0,15,0,0,0
85cfe0f5719b8312f3084304db49e0da,16,0,0,0,0,0,0,0,0,0,0,0,0,0,0,0,0,0,0,0,0,0,0
1035ac0d829f1899b14707aa1bab3dfe,0,0,0,0,0,0,0,0,0,0,0,0,0,0,0,0,0,0,56,0,0,0,0
82bf6a6030c3ec4bc670ee92fb8c75bf,0,0,78,0,229,0,100,0,0,0,0,0,0,0,0,0,0,0,0,0,0,0,0
863f2b53a6ef4611be4a4f454d788523,0,0,212,0,0,0,0,0,0,0,0,0,0,0,0,0,0,335,0,0,0,0,0
7dceb3546dc25073d67b411416370126,0,0,0,0,0,0,0,0,0,0,0,0,0,0,270,0,0,0,0,0,0,0,0
e8c629543af3534f9d5e6d8025d8e790,0,0,0,0,0,0,0,0,0,0,0,105,0,0,75,0,0,0,0,0,0,0,0
fc2aceb6ee2d8b363a05f2035fd5a9db,0,61,0,168,0,134,0,0,0,55,0,0,0,0,0,0,0,0,0,0,0,0,0
01c7492c1715180cd340b4f36e05e65c,0,0,0,0,0,0,0,0,0,0,0,0,0,0,0,0,0,0,242,0,0,0,0
22b4b1c846416f504f18b55d843fe1c3,0,0,0,0,0,0,0,0,0,54,0,0,0,0,0,0,0,0,0,0,0,0,0
27e6f176dd1e70fef1a9f755b4890db1,0,0,0,0,0,0,0,0,0,0,167,0,0,0,0,0,0,0,0,0,0,0,0
3ed5390bceefb424cbac6aaecf10e7b3,0,0,0,181,0,0,0,0,0,0,0,0,0,0,0,0,0,0,0,0,0,185,0
87b0bcbf72c77a4fd2cff619936b7213,0,0,0,0,0,0,0,0,0,0,0,0,173,0,0,0,0,0,0,0,0,0,0
25c5933dd6bcdb24f654fd12a4a57ca1,0,0,0,0,0,0,0,0,0,126,0,0,80,210,0,39,0,0,0,0,0,0,0
40634fa5230eeac1caad2a1051a1ab8f,0,0,0,0,85,0,0,75,0,126,0,0,58,0,0,0,0,0,0,0,0,0,0
052598d33e54132aea15cd89384a33fc,0,0,0,0,0,0,0,0,0,0,0,49,0,214,0,0,0,0,0,0,0,0,0
d80eaf077afe72a9d1032d2f932e1f52,0,0,0,0,0,142,191,0,0,0,0,0,187,0,0,0,0,0,0,75,0,0,0
d1453db83a1cbf65b59df9193187217d,0,0,0,0,0,0,0,0,0,0,0,0,40,0,0,0,0,0,0,0,0,0,0
6dbeaca5516935f0c2e9c8b07aa4d43d,0,0,162,0,0,0,0,0,0,0,0,0,0,0,0,0,0,0,0,125,0,0,0
4ef6fa17dd0193dbc52346608e50dda4,27,0,0,0,0,0,0,0,0,0,0,0,46,0,0,0,0,0,0,0,0,0,0
06be9b3e39b59471ca036a24d95bc37c,0,0,0,0,0,0,0,0,0,43,0,0,0,42,125,0,0,0,0,0,0,0,0
d705300a70b8ff7ae588698fa05eea82,0,69,0,0,0,0,0,0,0,58,0,0,0,82,0,0,0,105,0,0,0,0,0
be2f4e017534fe515003855f432d0cd2,0,0,0,0,0,0,0,0,0,245,0,0,0,0,0,0,0,0,0,0,0,0,0
ef30c8ac907393ad0a378a08d336b35a,0,0,0,0,0,0,0,0,0,0,53,0,0,0,0,0,0,0,0,0,0,0,0
156f27e6da0e7a0990e6a4c5c275531c,0,0,0,0,0,0,0,0,0,77,0,0,26,0,0,0,0,0,0,0,0,0,0
c97b4c2e8a3a7d2c55d96d9e906aa169,0,0,88,0,0,0,0,0,0,0,0,0,0,0,0,0,0,0,0,0,0,0,0
e749ea4980988fd1125ecac5189c7b20,0,0,108,0,0,0,0,0,0,0,0,0,0,0,0,0,0,0,0,0,0,0,0
06c455ca1a5e8aaadad3a503698b2c27,0,0,0,0,0,0,0,0,0,0,0,0,0,84,0,0,0,0,0,0,0,0,0
5fe266e2710d52e46fd8d1f52caf4848,0,0,198,0,0,0,62,0,0,0,54,0,0,201,0,0,0,0,0,104,0,0,0
e5403356349f1325ee0334d481f5c845,0,0,0,0,139,32,0,0,0,0,0,0,0,0,135,0,0,0,0,0,80,0,0
037d0e14fc68639e3209d344501ddae1,0,0,84,0,0,0,0,0,0,0,0,0,0,0,0,0,0,0,0,0,0,0,0
a3e3e68676347cd7c6ae86187034afdf,0,0,0,0,0,0,0,0,0,0,0,0,0,0,158,0,0,0,0,0,0,0,0
c42a72e8c63206c9f10f630d81a08830,0,0,0,79,0,0,0,0,0,71,0,0,0,174,0,0,0,0,0,0,0,0,0
cf2c9351fa7e5451ee1bc227bf6ccb7c,0,0,0,0,0,0,0,0,0,0,0,0,0,0,0,0,0,0,0,0,436,0,0
b021e81c3b7c4d8a1af3e2cefa3dcda1,0,0,0,0,0,0,0,71,0,0,0,0,128,0,0,0,0,0,0,0,0,0,0
473f1f5813498835dbfbbec73b7675c7,0,0,0,0,0,0,0,0,0,0,0,0,0,0,0,0,0,0,231,0,0,0,0
59d4191fad3002d3ccd344a69166f61e,11,0,0,0,0,0,0,0,0,0,19,0,99,0,0,0,0,0,0,0,0,0,0
b2bafc29447c1eebc4aa9f9fc401e45e,0,0,93,52,0,0,0,0,0,0,0,0,0,0,0,0,0,0,0,0,0,0,0
fcec236cf267db7d1be12d7c4bb53841,0,0,139,0,0,0,0,0,0,0,0,0,0,0,0,0,0,210,0,0,0,0,0
b04f955ea68713c6cb1e865222e16b34,80,0,0,0,0,0,0,0,0,0,0,0,0,0,0,0,0,0,0,0,0,0,0
8a8b6867cc1ed790997d322a1e398231,0,0,0,0,0,0,0,0,0,0,0,0,0,15,0,0,0,0,0,0,0,0,241
421160e356429cf9dd873e56f1d96a65,0,0,123,0,0,0,0,0,0,0,0,0,0,0,0,0,0,0,0,0,0,0,0
3516d81a9d44137fe0e14ec643811182,0,0,0,0,0,0,0,0,0,0,0,0,0,0,402,0,0,0,0,0,0,0,0
6e15578110449aee7c05b63ace6c2725,0,0,0,0,182,0,0,0,0,0,0,0,0,291,0,0,0,0,0,0,0,0,0
1aba5493e44d6ce3897b656d92f149ed,0,0,302,0,0,0,0,0,0,0,0,0,0,0,0,0,0,0,0,0,0,0,0
8d68758f74b3de6fa71190091edf6fde,0,0,0,0,0,0,0,0,0,0,0,0,0,0,0,0,0,74,0,0,0,0,0
053f32196ba91e4a04d7af452c160b89,0,0,0,0,0,0,0,0,0,0,0,0,0,0,0,0,0,0,49,0,0,0,0
bee1d58137cd8ae3d40034c500055626,0,0,61,0,0,0,0,0,0,0,0,0,0,79,0,0,0,133,327,0,0,0,0
af54e0667f275f01a6d39ab6d4e42572,0,0,0,0,22,0,0,0,0,0,0,0,0,0,0,0,0,0,0,0,0,0,14
93dd777bb22fdf04e43d0617bb1c19c4,0,0,0,0,0,0,0,0,0,0,0,0,0,0,0,0,0,0,85,0,0,0,23
b6d4c133e18a45d73ce1eeced86336e6,0,0,33,0,0,0,0,0,0,0,0,0,0,0,0,0,0,64,0,0,0,0,0
8740b51be2080b085bafcc5e8f425d83,0,0,0,0,0,0,0,0,0,0,0,0,0,0,305,0,0,0,355,0,0,0,0
fd01400f27508a89ac8359371055e56c,0,0,434,0,0,0,0,0,0,0,0,0,86,324,0,0,0,0,0,0,0,0,0
284ee595350d6fa33634b75de3746e91,0,0,0,0,0,0,0,0,0,0,0,65,0,0,0,0,0,0,0,0,0,0,0
8bd704bc24b4ed9e271cee9ec6234efc,0,0,129,0,0,0,0,0,0,0,0,0,0,0,0,0,0,0,0,172,0,0,0
5af5bf17d0a5ef239d2a3bb1630dd433,0,0,0,0,0,0,0,0,0,0,23,761,345,0,0,0,0,0,0,0,0,0,0
2f11909e8086f147c4fcc4d986b6b295,0,0,235,0,218,0,0,0,0,57,0,0,0,121,0,0,0,0,0,0,0,0,0
7579b4e85aad29f3be8220c825053977,0,0,0,0,0,0,0,0,0,72,0,0,0,167,0,69,0,0,149,0,0,0,0
c3090d00991a5fa004478409bc70e0d0,0,0,0,0,0,0,0,0,0,0,0,0,0,0,0,0,0,0,209,0,0,0,0
209b9457ff38b41c1f2c26fda2fc1d6e,0,0,0,0,0,0,0,0,0,0,4,0,0,23,0,0,0,0,27,50,0,0,0
9396c78f7315eef029a8c31043d487de,0,0,0,0,128,0,0,0,0,190,0,0,0,85,127,0,0,0,0,0,0,0,0
a583c1294d548d0fec349b941c53285b,0,0,0,0,0,0,0,131,0,0,0,0,0,0,0,0,0,0,0,0,0,0,0
90bf835546c3b1000470c1736232d983,0,0,0,0,0,0,0,62,0,0,0,0,0,0,0,0,0,115,0,0,0,0,0
83a68c49965eca29ba72a53f4908ad10,0,0,0,0,0,0,0,0,0,0,0,0,97,0,0,0,0,0,0,0,0,0,0
662dc33a051ee6cec145d4837d6bb273,0,0,145,0,0,0,0,0,0,0,0,0,0,0,0,0,0,0,0,0,0,0,0
b06b829b7b36406553655011b7c0c1b4,0,0,0,0,0,0,0,0,0,0,0,0,0,287,0,0,0,0,152,0,0,0,0
f76072a034341437c606c359f22f4c44,0,0,0,0,90,0,92,0,0,138,0,0,0,49,103,0,0,0,0,0,0,0,0
aaf2e3f8483523218488d4adcb404404,0,0,0,0,0,39,0,0,0,146,0,0,0,0,0,187,0,0,0,0,0,0,0
56d779422279e6af16e30661add56ac0,0,0,0,0,0,24,0,0,0,0,0,0,0,0,0,0,0,0,0,0,0,0,0
0f986cb6e08e8e0e27a631694e0ee608,0,0,0,0,0,0,0,0,0,0,0,0,51,0,0,0,0,0,0,0,0,0,0
3e145e5b89e14039c03adc4c52fd4886,0,0,130,0,0,0,0,0,0,0,0,0,0,80,0,0,0,0,0,0,0,0,0
88c1c1e77e6fd871a05a5b1938291b76,0,0,75,0,0,0,0,0,0,0,0,0,0,0,0,0,0,0,0,0,0,0,0
ac700ec758aca53a78f40b85a894a5ec,0,0,0,0,128,0,0,0,0,234,0,0,0,171,107,0,0,0,0,0,0,0,0
e12fcad9d10849440a313cda1470f8df,0,0,0,0,138,0,0,0,0,74,0,0,0,82,270,0,0,0,0,0,0,0,0
56d89eac3457ded073e9547c55d8fad4,0,0,66,0,0,0,0,0,0,0,0,0,0,0,0,0,0,0,0,0,0,0,0
0755f6f6172e7f556caf6ea28197c2e4,0,0,0,0,0,0,0,0,0,0,0,0,0,0,108,0,0,0,0,0,0,0,0
8704ff18df718112c578b05e647e2448,0,0,0,0,0,0,0,0,0,0,0,0,0,0,0,0,0,0,51,0,0,0,0
a126c37fe75327527f71b6b147c67998,0,0,176,0,0,0,0,0,0,0,0,0,0,0,0,0,0,0,0,0,0,0,0
8f27cb14dc5ef3b6add9c716cec7fbf5,0,0,158,0,0,0,0,0,0,0,0,0,0,0,0,0,0,0,0,90,0,0,0
3cc0098b43cde22db544a6c71877808f,0,0,0,0,322,0,0,0,0,0,0,0,0,0,212,0,0,0,0,0,0,0,67
21ab55b7fe697413c14f46f1c9b1e2e2,0,0,0,0,0,0,0,0,0,0,0,0,0,0,241,0,0,0,0,0,0,0,0
7c40978d4e3e19c5c524febbdb0d449d,0,0,0,43,0,0,0,0,0,0,0,0,0,0,0,0,0,0,0,0,0,0,0
9ac6c70de599380f3bbb301a4462a7bf,0,0,0,0,0,0,0,0,0,0,0,0,0,0,0,0,0,0,217,0,0,0,0
8f79a96adf5d4599bfaf5ca7b17c77f1,0,0,0,0,0,0,0,0,0,0,0,0,0,0,39,0,0,0,0,0,0,0,0
2230f83a69b3ad6df956609e5196ff1c,0,0,191,0,0,0,0,0,0,0,0,0,0,0,0,0,0,0,0,0,0,0,0
94584d2e4a6c39a7ca14109eb87a7e26,0,0,0,0,119,0,0,0,0,105,0,0,0,145,181,0,0,0,0,0,0,0,0
2ae9b8a5b73030035131a0d8fcc18bfb,0,0,311,0,0,0,0,0,0,0,0,0,0,137,0,0,0,0,0,0,0,0,0
1e1ba2879ee4a670cf90513c9f9b78dc,0,0,135,0,0,0,0,0,0,0,0,0,0,0,0,0,0,0,0,0,0,0,0
15e9dae02def1fa7d8f5f78c942daf2b,0,0,0,0,0,0,0,18,0,0,0,0,0,0,0,0,0,0,0,0,0,0,0
9368d2431a7eec99405de153bc86a42e,0,0,62,0,0,0,0,0,0,0,0,0,0,0,0,0,0,0,0,0,0,0,0
1c1a2c5fb789c1796dbabb9873125298,0,0,0,0,0,0,0,0,0,0,0,0,0,108,0,0,0,0,153,97,0,0,0
dafc8732aabd6e89a6e9c6490e5d46fc,0,0,0,0,0,0,0,74,0,104,0,0,0,59,0,0,0,0,0,0,0,0,0
464b9efdbc0fee6448df45444699d85b,0,0,0,0,0,0,0,0,0,41,0,0,0,0,0,0,0,0,0,0,0,0,0
07e923ec80c7aee226645e232aa105e7,0,0,0,0,0,0,14,0,0,0,0,0,0,43,0,0,0,0,0,0,0,0,0
c4c3359e321229cd1ee0967e9e2cd424,0,0,0,0,0,0,66,0,0,0,0,0,0,0,0,0,0,0,124,0,0,0,0
e9d2f538d8de6b77c23f9dadaa036807,0,0,0,0,0,0,0,0,0,285,0,0,0,0,0,0,0,0,0,0,0,0,0
9a7111af61e89d3af766f5a10d4df8f2,0,0,0,55,0,0,0,0,0,0,0,0,0,0,0,0,0,0,0,0,0,0,0
9e2604f7c87c8903c9da24810313b0ff,0,0,0,0,28,0,0,0,0,0,0,0,0,0,0,0,0,0,0,0,0,0,0
a649b66752ff33701a9be6feb99277e4,0,0,0,0,0,0,0,0,0,0,0,0,112,0,0,0,0,0,0,0,0,0,0
c66233144569c89836063e919b3662c8,0,0,0,0,0,0,0,0,0,130,0,0,0,160,0,125,0,0,0,0,0,0,0
5203028b457fbe782c74a65f24beeba4,0,0,118,0,0,0,0,0,0,0,0,0,0,0,0,0,0,0,0,0,0,0,0
247bb4fa9bd71adf5729bbf6c9f233b9,0,0,0,0,140,0,0,0,0,0,0,0,0,122,0,0,0,79,116,0,146,0,0
9526ea1c8274c0d216c4075319cbe387,0,0,73,0,0,0,0,0,0,53,0,0,0,0,0,0,0,0,0,96,0,0,0
22896d79c7b801b507c7506483e3d3f1,0,0,0,0,0,0,0,0,0,0,0,0,0,315,0,0,0,0,329,0,0,0,0
cfbfd35a7f22fcb5fb6941e0939e9828,0,0,0,0,0,0,0,0,0,22,0,0,0,0,0,0,0,0,0,0,0,0,0
307953ba6fce4d052016fb38f5bc0bd9,0,0,0,0,0,0,0,0,0,0,0,0,0,283,105,0,0,0,0,0,0,0,0
bd479bc89ce55ce24737bd02a38fa690,0,0,0,0,0,0,0,0,0,0,0,0,0,0,0,0,0,0,61,0,0,0,0
4ecc1dbec7181dcf52705ac3ca0076eb,0,0,0,0,0,0,0,0,0,0,0,0,0,0,0,0,0,0,0,0,47,0,0
ca038391f48f3c43bd743f6063c8d3a4,0,0,0,0,0,0,0,0,0,0,0,0,0,0,0,0,0,0,129,0,0,0,0
ccb619292de699076559494cdef3f9ef,0,0,52,0,0,0,0,0,0,85,0,0,0,0,0,108,0,0,0,0,0,0,0
e42e96ed4278d257f7dc55ed620cfe54,0,0,0,0,0,0,0,0,45,0,0,0,0,0,0,0,0,0,147,0,0,0,0
2eabc540d122de2993a4061cd360be66,0,0,0,0,0,0,0,0,0,0,0,0,0,0,423,0,0,0,0,161,0,0,0
369cc7e7cddc612f1a666f346948a6be,0,0,0,0,0,0,0,0,0,0,0,0,0,0,0,0,0,0,0,0,0,0,329
56e19a4a2ecd2be7f4ec9c8745a5f765,0,0,0,0,0,0,0,0,0,0,0,0,0,0,0,0,0,0,146,0,0,0,0
c98d198ec15f6a655de59a858f95974a,0,0,80,0,0,0,0,0,0,0,0,0,0,0,0,0,0,0,0,0,0,0,0
ff70b1b27e33cc404eaa28bf321d4f87,0,0,13,0,0,0,0,0,0,0,0,0,0,0,0,0,0,0,0,0,0,0,0
f416df89b9564b5e35d68d9e989bbbb7,0,0,0,54,0,0,0,0,0,0,0,0,0,0,0,0,0,0,0,0,0,0,0
4de51e88d526470274e631c5df28cefa,0,0,0,0,0,0,0,0,0,0,0,0,0,0,0,0,0,0,160,0,0,0,61
c1651e22bd7ffd07fb98d8f5db99b337,0,0,0,0,0,0,0,0,0,0,0,0,0,0,0,0,0,0,0,0,0,0,83
52329d6ecb4659e993c9c36047b9d453,0,0,0,0,0,0,0,0,0,0,52,0,0,0,0,0,0,0,0,0,0,0,0
14031b6385b75f430dd2797399272f3f,0,0,0,0,0,0,0,0,0,0,0,0,0,53,0,0,0,0,0,0,0,0,0
95f9437ffd50bd8809bbe046c5063aaf,0,0,0,0,0,0,0,0,0,0,0,0,32,95,0,0,0,146,0,0,0,0,0
684bbba7619ed78f45e4dd741184dcf7,0,0,53,0,0,0,0,108,0,0,0,0,0,0,0,0,0,0,0,0,0,0,0
d20cc6657c44b3a968b88cd1b1d22ce6,0,0,0,0,0,0,0,0,0,0,0,0,0,0,0,0,0,0,0,0,0,0,107
13518c413bfd20965f2540cb2cd860da,0,0,0,151,0,0,0,0,0,0,0,0,0,0,15,0,42,0,0,0,0,0,0
3c1cc4fbca67cb218a86b6e294625926,0,0,44,0,0,0,0,0,0,0,0,0,0,0,0,0,0,0,0,0,0,0,0
7611dfe89382807cfc8fcc483f83f577,0,0,0,0,0,0,71,0,0,0,0,0,0,0,0,0,0,0,0,0,0,0,0
213b3da911fa1784151079fa4a0a1f7b,0,0,0,0,0,0,0,0,0,0,0,0,0,0,0,0,0,0,173,0,0,0,0
92bcc5abc7dbc62d6558ccd962e73430,0,0,192,0,0,0,0,0,0,0,0,0,0,0,0,0,0,0,0,0,0,0,0
336bd2d58ba02e8aefb3eed10b43ec26,0,0,0,30,0,0,0,0,0,0,0,0,0,0,0,0,0,0,0,0,0,0,0
ffe60585a3d1adf37a4dac56862793e0,0,0,0,0,0,0,0,0,0,0,0,0,43,0,0,0,21,0,0,0,0,0,0
9aca970c6e6bbcb36f56abc7ade8cb42,0,0,0,0,0,0,0,0,0,0,0,0,0,0,0,49,32,0,0,0,0,0,0
21aecbb519534aa1d58b03492f5ba7a0,0,0,66,0,0,0,0,0,0,51,0,0,0,110,0,0,0,0,0,0,0,0,0
1157139fcc76a9f7f895ebfe96ce2bab,0,0,0,0,0,0,0,0,0,129,0,0,0,0,0,188,0,0,0,0,0,0,0
cffaab7269f38247d06a8d803414f6d9,0,0,0,0,0,0,0,0,0,111,0,0,0,0,0,0,0,0,0,0,0,0,0
10528055652ec0347140eb13b647b688,0,0,0,0,0,0,0,0,0,91,0,0,0,0,0,0,0,0,0,0,0,0,0
f08b9ea2beb32f78e3e162fe46cf1e12,0,0,0,0,0,0,0,0,0,69,0,0,0,114,0,0,0,0,0,0,0,0,0
34d151bcbcf3e6e101dc5f8b9d362ef3,0,0,151,0,0,0,0,0,0,0,0,0,0,51,0,0,0,0,0,0,0,0,0
1fe4ff4e04a0678740826aab52d8c68a,0,0,0,21,0,0,0,0,0,0,13,0,0,0,0,0,0,0,0,241,0,0,0
9686e061a1c0571a4207488a8a28f1b3,0,0,201,0,0,0,0,0,0,0,0,0,0,0,0,0,0,0,0,0,0,0,0
5c4f35627cf4cd67a4fc64058a333b08,0,0,0,0,0,0,0,0,0,0,0,0,0,0,0,0,0,0,151,0,0,0,13
52668855f7865c0b8c2e6646f7560b70,0,0,0,0,0,0,0,0,0,28,0,0,0,68,114,0,0,0,0,0,0,0,0
9adfa259bfca0d4413ea8a2e841902f6,0,0,0,0,0,0,145,0,0,0,0,0,0,75,0,123,0,0,0,0,0,0,0
3671832cda8421bcc5d47249444e6e6d,0,0,0,0,0,0,0,0,0,0,0,340,0,0,0,0,0,0,0,0,0,0,0
f76760c8b5608bc4f3b55cdf336993a2,0,0,0,0,0,0,0,0,0,0,0,0,0,0,234,0,0,0,0,0,0,0,0
db61794903b11e2a0af58c4024dd0d2b,0,0,0,0,0,0,0,0,0,0,0,0,0,0,0,0,0,0,0,46,0,0,0
beffc1e06cac416305bce1874f3c528a,0,0,0,0,0,0,0,75,0,0,0,0,0,0,0,0,0,0,0,0,0,0,0
c3a58592f8da16827a568df937c7f0b7,0,0,0,0,0,0,0,0,0,99,0,0,0,0,0,0,0,0,102,0,12,0,0
8311e25f669a1df97f46ab88a2fed652,0,0,0,0,0,0,0,0,0,55,0,0,0,0,123,0,0,0,0,0,0,0,0
70423304f1e65c127533e10752f98909,0,0,0,0,0,0,0,0,0,0,0,0,0,101,0,0,0,0,0,0,0,0,0
ca25dacba845d88cc9f50e21cafcf392,0,0,0,0,0,0,0,0,0,0,0,470,0,0,0,0,0,0,0,0,0,0,0
01b70c358fb68d07b92b270841b6b5e0,0,0,0,0,0,0,0,0,0,138,0,0,0,0,0,0,0,0,0,0,0,0,0
8b27c79f8a75762e9bbecf20ad910f0e,0,0,0,0,0,0,0,0,0,0,0,8,0,0,0,0,0,0,0,0,0,0,0
5bbf9126e3492cd6f8f2e45e8b1ba3eb,0,0,0,0,208,0,0,0,0,0,0,0,0,0,0,0,0,0,0,0,0,0,0
a3a5b34fe5d46b30ba8f1d3d7c776ca0,0,0,0,0,0,0,0,0,0,0,0,0,0,109,0,0,0,0,0,0,0,0,0
a6e6cb34bfd9ef349b5b85be1875e37f,51,0,0,0,0,0,0,0,0,0,0,0,0,0,0,0,0,0,0,0,0,31,25
955b72139887fe69addb348e26909657,0,0,0,0,0,0,0,0,0,105,0,0,0,84,67,100,0,0,0,0,0,0,0
8848cc5603eaef4a0eda337e2d7ed879,0,0,0,0,0,0,0,0,0,0,0,0,0,0,0,0,0,0,67,278,0,0,0
8d00d522295a211e92ee4b3d6a8fb0a8,0,0,49,0,0,0,0,0,0,0,0,0,0,0,0,0,0,0,106,0,0,0,0
56a4ecfbd6479509f08a37e342c0a33e,0,0,185,0,0,0,0,0,0,0,0,0,0,0,0,0,0,0,0,96,0,0,0
e3793b700e799cd3d4db9642e7d43aef,0,0,0,0,0,0,0,0,0,0,0,123,0,0,0,0,0,0,0,0,0,0,0
06e7977be39a9c833e39ebea4fd7bbee,0,0,243,0,0,0,0,0,0,0,0,0,0,0,0,0,0,0,0,0,0,0,0
d9d8124124fd92c56c1c537c84418d71,0,0,0,0,0,0,0,0,0,0,0,0,0,0,0,0,0,0,85,0,0,0,0
da5cfd6fa84d0bbd10398f42ba81de91,0,0,0,0,0,0,0,0,0,155,0,0,0,69,0,0,0,0,0,0,0,0,0
dd317bd5297ce9a62c068d425674cfe0,0,0,212,0,0,0,0,0,0,0,0,0,0,0,0,0,0,0,0,0,0,0,0
b6e4ba16b34143671005e92f6b326d70,0,0,0,0,0,0,0,0,0,0,0,284,155,0,0,0,0,0,0,0,0,0,0
12ff2576d815319be71c9db04c3d15d3,0,0,0,0,0,0,0,0,0,64,0,0,0,0,0,0,0,0,0,0,0,0,0
6bba742c556ec04c96b0247719125a09,0,0,0,0,0,0,0,0,0,125,0,0,0,0,0,0,0,0,0,0,0,0,107
ca68f5072dd1b11f9968b45793940158,0,0,0,0,0,0,0,0,0,0,0,0,0,0,75,0,0,0,0,0,0,0,0
c8419e1b15372e3ae69a9fc81782ebcb,0,0,0,0,0,0,0,0,0,0,0,0,0,0,100,0,0,0,129,0,0,0,151
1815f7c40b56097941ccc7751bbf5dd0,0,0,0,0,0,0,0,0,0,127,0,0,0,0,0,0,0,0,0,258,0,0,0
29b2088867c181f54bb3cbbab51b4026,0,0,0,0,0,0,0,0,0,99,0,0,0,132,0,0,0,0,0,0,0,0,120
96346202e9caff7a180454eba4b2232d,0,0,170,0,0,0,0,0,0,97,0,0,0,0,175,0,0,0,0,0,0,0,0
be35e6c07745924565e232636aad36d5,0,0,0,0,0,0,0,0,0,0,0,0,0,0,0,0,0,0,0,54,0,0,0
b72928f77914cf7c53ae9dcafc5fbb80,0,0,0,0,0,0,0,0,0,88,0,0,0,127,0,0,0,0,0,0,0,0,0
f20e1e5122b42fe2ebfe6750d8465e21,0,0,0,0,0,0,31,0,0,0,0,283,0,0,0,0,0,0,0,0,0,0,0
0c401d02948e9c165b155603b15e332a,0,0,0,0,0,0,0,0,0,0,0,0,148,0,0,0,0,0,0,0,0,0,0
79b72f2d95902beb902e28ee8eff479c,0,0,215,0,0,0,0,0,0,0,0,0,0,0,0,0,0,0,0,0,0,0,0
d5c38a13a8a24cbf6167cf500eaa26c8,0,0,0,0,0,0,0,0,0,0,0,0,0,0,0,0,0,149,0,0,0,0,0
84b6e257cc5260749a9abd561a599d6f,0,0,0,0,0,0,0,0,0,0,0,0,0,144,0,0,0,0,0,0,0,0,0
d08da8e8708b8187bbcc5fd71e39d7d4,0,0,0,0,117,0,0,0,0,55,0,0,0,0,166,0,0,0,0,0,0,0,0
fcb26c4829127c3d890260c024724a71,0,0,93,0,0,0,0,0,0,0,0,0,0,0,0,0,0,0,0,183,0,0,0
d4b90b06cb9938ff9a45815e29cfb58f,0,0,116,0,0,0,0,0,0,0,0,0,0,0,0,137,0,0,0,0,0,0,0
4bdefcf939cbdc4491d56600fcaada3b,0,0,0,0,0,0,0,0,0,104,0,0,0,0,0,0,0,0,0,0,0,0,0
e2c95b049bfe5e5f113e9d8571e3995c,0,0,58,0,0,0,0,0,0,0,0,36,0,0,0,0,0,0,0,0,0,0,0
685dbf38a8822a1b7ab6f328ddcd0bb9,0,0,0,0,0,0,0,0,0,0,0,0,0,0,0,0,0,0,279,0,0,0,0
f342c546ad1b2d5aaa9d1105e47f64c4,0,0,0,0,0,0,0,0,0,0,0,0,0,0,0,0,0,0,73,0,0,0,0
dad310db8e6ff252c0a50c80568c5e9d,0,0,0,0,0,0,0,0,0,32,0,0,0,0,0,0,0,0,0,0,0,0,0
aee6d0e0a2223208fbba9ce62626b930,0,0,0,0,0,0,0,0,0,0,0,0,0,0,0,0,0,0,0,55,0,0,0
9a8680ff9d73b5b01d16ee1a5b3d65f6,0,0,139,0,0,0,0,0,0,0,0,0,0,0,0,0,0,0,0,0,0,0,0
0a514d819239c05b876f9631ea57a9a5,0,0,129,0,0,0,181,0,0,0,0,0,0,0,0,0,0,0,0,0,0,0,0
01b0a07b4cfbbfb58f3b4c858c0dcb9d,0,0,0,0,0,0,0,0,0,0,0,0,0,0,0,0,0,0,130,0,0,0,0
9532e33a38eea56ffc0f22a26e8b6944,0,0,0,0,0,0,0,0,0,0,0,0,0,0,0,0,0,0,0,0,0,0,43
586da84e07d1e4d8504344341b65283a,0,0,0,0,0,0,0,0,0,0,0,0,0,0,73,0,0,0,0,0,0,0,0
228b0716951c3aec256d73a2eaeb0a76,0,0,0,0,0,0,0,0,0,114,0,0,0,64,69,0,0,0,0,0,0,37,0
bd932176321768af9255353d1ce333db,0,0,0,0,0,0,0,0,0,0,0,587,0,0,0,0,0,0,0,0,0,0,0
3fc9b093757fd33c616aaeeaf6e0d491,0,0,0,0,0,0,0,0,0,20,0,0,0,0,0,0,0,0,0,0,0,0,0
a26dac51735e36dc2c489909abbf10ca,0,0,0,0,0,0,0,0,0,0,0,242,0,0,0,0,0,0,0,0,0,0,0
e7718fde06e486312d14e19d4f05321c,0,0,0,0,0,0,0,0,0,0,0,0,73,0,0,0,0,0,0,0,0,0,0
a55fe127d3824dd40266b23a6efe4b6b,0,0,0,0,0,0,0,0,0,0,0,0,0,0,0,0,0,439,0,0,0,0,102
26cebcb1a464d44f206ca428ec349d5f,0,0,76,0,0,0,0,0,0,0,0,0,0,0,0,0,0,0,0,0,0,0,0
d5e870e19479190641f8a80fada1d293,0,0,0,0,0,0,0,0,0,0,0,0,0,0,222,0,0,0,0,0,0,0,0
ed90626d12aa90042fee8a085185e9ff,0,0,0,67,0,0,0,0,0,0,0,0,0,0,0,0,0,0,0,0,0,0,0
bb2f1d23f248625979527b5503c40c49,0,0,0,0,0,0,0,0,0,0,0,0,0,18,249,0,0,0,0,0,0,0,0
47d3393f5d1bd773bd2bd450ee1acb7c,0,0,0,0,0,0,0,0,0,34,0,0,0,0,0,0,0,0,0,0,0,0,0
9fac30e1c7cce36efc097333b763218a,0,0,0,0,0,0,0,0,0,0,0,0,0,0,0,31,0,0,0,0,0,0,0
c65370b8ca7511f3f3ce26505e87a1d0,0,0,0,0,0,0,0,0,0,0,0,0,0,0,0,0,13,22,0,0,0,0,0
64ed7cde08bf8934db5c0d3b48505b9d,0,0,212,84,0,0,0,0,0,0,0,0,0,0,0,0,0,0,0,0,0,0,0
3efe411e9f0a77ed94aceee69da8515f,0,0,0,0,0,0,0,0,0,0,0,273,0,0,0,0,0,0,0,0,0,0,0
4435b9f90f10fdf7376977b7b8fe8f13,0,0,0,0,0,0,0,0,0,89,0,0,0,0,0,0,0,0,0,0,0,0,0
30f49ab86abec4b8e749e07ef115069a,0,0,0,0,0,0,0,0,0,0,25,0,0,0,0,0,0,0,0,0,0,0,0
870d270e88489e87cd30e97be859d897,0,0,0,0,0,0,0,0,0,73,0,0,0,0,0,0,0,0,0,0,0,0,0
4eb5a4e5addaca8634f70ba6dbf3c639,0,0,0,0,0,0,0,0,0,0,0,0,0,0,198,0,0,0,0,0,0,0,0
033a531fe98ee47a088f692b7ee128ca,186,0,0,0,0,0,0,0,0,0,0,0,0,0,0,0,0,0,0,0,0,0,0
27f8f51234e461d4f6416293a7ac8ad9,0,0,50,0,0,0,0,0,0,0,0,0,0,0,0,0,0,0,0,0,0,0,0
105e122cf92a257b6f95534729df802b,0,0,0,0,0,0,202,0,0,0,0,0,0,0,0,0,0,0,0,0,0,0,0
87760b7c124ecfd38756d20458d74e47,0,0,0,0,0,0,0,0,0,0,0,0,0,0,0,0,0,0,286,0,0,0,0
633a9814471c4eac29ea30bf2cb32b90,0,0,0,0,0,0,0,0,0,0,0,0,0,0,0,0,0,0,190,0,0,0,0
4ae4af5f7066ae87a3c2455a08427c51,0,0,0,0,0,0,0,0,0,0,0,0,0,343,0,0,0,0,0,0,59,0,0
a0db570f6f36799159749ee894d9c6d6,0,0,0,0,0,0,0,0,0,55,0,0,0,0,0,0,0,0,0,0,0,0,0
5069c604b57170b39412c225e48b08f7,0,0,0,0,0,0,0,0,0,0,0,0,0,0,0,0,0,0,228,0,0,0,0
d5aa51a3260d84bed7426f86b9abb823,0,0,0,0,0,0,0,0,0,0,0,0,177,0,0,0,0,0,0,0,0,0,0
8013c3affec7def4c38d26711fcf2c82,0,0,0,0,0,0,0,0,0,79,0,0,0,139,141,0,0,0,0,0,0,0,0
72868e2816225b91d1317679b22535b5,0,0,0,27,0,0,0,0,0,0,0,0,0,0,0,0,0,0,0,0,0,0,0
dedf6dd5c8511fd3a970a300ab4c5329,0,0,0,0,0,0,0,0,0,0,0,0,6,0,0,0,0,0,126,0,0,0,0
19996758deed1569d19ee0525d2359f8,0,0,287,0,0,0,0,0,0,0,0,0,0,0,0,0,0,0,0,0,0,0,0
6a89341b9059832c31831c43f08a642d,0,0,0,0,0,0,0,0,0,70,0,0,0,0,0,0,0,0,0,0,0,0,0
cff7adc250ee7223c98f0e7ffe3d5e1b,0,0,0,0,0,0,0,0,0,0,0,0,0,0,0,0,0,150,0,0,0,0,0
9ea34c7082c5e91b32991b155846a0c2,0,0,0,0,0,0,0,0,0,0,0,0,0,0,125,0,0,0,0,0,0,0,0
cf4d44779d4c10f9a59bcc61fc8208f7,0,0,0,0,0,0,0,0,0,0,0,0,0,0,0,0,0,69,0,0,0,0,0
6f482b8b50442672e65d436caf2e94bd,0,0,0,0,0,0,0,26,0,0,0,0,0,0,0,0,0,0,0,0,0,0,0
722bca93ac718b822850db280745a499,0,0,0,40,0,0,0,0,0,0,0,0,0,0,0,0,0,0,0,0,0,0,0
5e24c96617e80c0a32d063112294343c,0,0,0,0,0,0,0,0,0,168,0,0,0,0,0,0,0,0,0,0,0,0,0
9e0c9f8c40625b95ad5a4944db7d3b0c,0,0,189,0,0,0,0,0,0,0,0,0,0,0,0,0,0,0,0,0,0,0,0
b32f22c312110d2c1a794ef84552ffdd,0,0,0,0,0,0,0,0,0,0,0,0,0,0,0,0,0,220,0,0,0,0,0
7d457d15d97700fabd386ad329112e6e,0,0,0,0,0,0,0,0,0,156,0,107,0,0,0,0,0,0,0,0,0,0,0
ac8c609d1ec7d58b494a92306c7d7f9d,0,0,0,0,0,0,0,0,0,0,0,274,0,16,0,0,0,0,0,0,0,0,0
8d14942952af141b2db73b7ecad05bc8,0,0,0,0,0,0,0,0,0,0,0,0,0,0,0,0,0,0,157,0,0,0,0
508ce33395739baf4d766a5f0cd5bf0e,0,63,0,0,0,0,0,0,0,0,0,0,0,0,0,0,0,0,0,0,0,0,0
3ede9cc1afeea71fad3903071d09e7c3,36,0,0,0,0,0,0,0,0,0,0,0,0,0,0,0,0,0,139,0,0,0,0
0f5edf0c333be3f2acf86a7bb7744eaa,0,0,0,0,0,73,0,0,0,0,0,0,0,0,0,0,0,0,0,0,0,0,0
bceeb34b75b6c3adbab9d313220c6cb8,0,0,0,0,0,0,0,0,0,0,0,0,0,0,0,25,0,0,0,0,0,0,0
1d71f039cb32a70fef8fdae53c8a61c1,0,0,193,0,0,0,0,0,0,0,0,0,0,0,0,0,0,0,0,0,0,0,0
588d4f487f4e30d8047bfcc25265c298,0,0,0,0,0,0,0,0,0,0,0,848,0,0,0,0,0,0,0,0,0,0,0
aadbd43381b7abce488d642997efddc8,0,0,0,0,0,0,0,0,0,0,0,0,0,0,0,56,0,0,0,0,0,0,0
2b167247f4636a28f8e486e36b7e1b46,0,0,0,62,0,0,0,0,0,0,0,0,0,0,0,0,0,0,0,0,0,0,0
47448d617695adb8efae4139c225d3a0,0,0,0,0,0,0,0,0,0,0,0,215,0,0,0,0,0,0,0,0,0,0,0
3543a38cd20f376b5aaaf88f37bad6e7,0,0,0,0,0,0,0,0,0,0,0,239,0,0,0,0,0,0,0,0,0,0,0
b44edbfc4ac0398cd188c46457e7570d,0,0,42,0,0,0,0,0,0,0,0,0,0,0,0,0,0,0,0,0,0,0,0
3da1a628ba52f75306e0245f94a7c0da,0,0,0,0,0,0,0,0,0,0,0,0,0,0,57,0,0,0,0,0,0,0,0
96ca7c02000ff7c84b869bae9bc3d78f,0,0,0,0,0,0,0,0,0,0,0,0,0,0,0,0,0,0,0,54,0,0,0
a842c462b79211f1a8e7ccc856ac33d1,0,0,0,0,0,0,0,0,0,96,0,0,0,0,0,59,0,0,0,0,0,0,0
17c16acf71ae319d7c1596695bf1af4b,0,0,133,0,0,0,0,0,0,0,0,0,0,0,0,0,0,0,0,0,102,0,0
c48586143dcb3edcb8d74ba570707302,0,0,0,70,0,0,0,0,0,0,0,240,0,0,0,0,0,0,0,0,0,0,0
8684c4f1cce0d78e798d2a8bb76a8636,0,0,0,0,0,23,0,0,0,0,0,0,0,0,0,0,0,0,0,0,0,0,0
de849230125566037da67f65a97ac953,0,0,0,0,0,0,0,0,0,0,0,319,0,0,0,0,0,0,0,0,0,0,0
dd791e7e828209237875563abd57570e,0,0,0,0,0,0,0,0,0,42,0,0,0,0,0,0,0,0,0,0,0,0,0
8ff16aad73917b563718767968f4e33b,0,0,0,0,74,0,0,0,0,59,0,0,0,106,0,0,0,0,0,0,0,0,0
4c9014a2818469bee7227182b6916124,0,0,0,0,0,0,0,0,0,0,0,0,0,0,0,0,0,62,0,0,0,0,0
bfd27dda9c0e86650fadaba7a6447a1d,0,419,0,0,0,0,0,0,0,0,0,0,0,0,0,0,0,0,0,0,0,0,0
dc6097df31b5fed947a604a1a56177a7,0,0,0,0,0,0,0,0,0,0,0,0,0,0,175,0,0,0,0,0,0,0,0
bec6d88d6f9dd749b4b67eae392ceeca,0,0,0,0,0,0,0,0,0,0,0,0,0,0,0,0,0,39,0,0,0,0,35
33d6f263e1c98b0976a01a4db2c5708f,0,0,0,0,0,0,0,0,0,0,0,0,0,0,0,0,0,61,0,0,0,0,0
c80ac55e5be6b44d7c9385cff4595a07,0,0,0,0,0,0,0,0,0,0,0,210,0,0,0,0,0,0,0,0,0,0,0
592680c5011b74a41b3e9bb350356ef3,0,0,179,0,0,0,0,0,0,0,0,0,0,0,0,167,0,0,0,0,0,0,0
b4258dc87815e6fd80de528b8e951129,0,0,0,0,0,0,0,0,0,0,0,47,0,0,0,0,0,0,0,0,0,0,0
7960263e4e3af494ffb71752d343cc33,0,0,0,0,0,0,0,0,0,0,0,0,0,98,0,0,0,0,0,0,0,56,0
5268e1c0d96560fe1d6f1cb9b2f98ebc,0,0,0,253,0,0,0,0,0,0,0,0,0,0,0,0,0,0,0,0,0,0,0
218cb000791ef649d49accf997c83baf,0,0,0,0,0,0,0,0,0,0,0,0,0,192,0,0,0,0,0,0,0,0,0
1883e6be0b2ee97b7f3b06e1523e8838,0,0,60,0,0,0,0,0,0,0,0,0,0,0,0,0,0,0,0,0,0,0,0
29a29a760c5379a039836ea2b93be08e,0,0,0,0,0,0,0,0,0,0,0,200,0,0,0,0,0,0,0,0,0,0,0
b37e771a6c7a0a4087f7695c320e869a,0,0,224,0,0,0,0,0,0,0,0,0,0,0,0,0,0,0,0,0,0,0,0
40606ec64354b10468f703bfc124d406,0,0,0,0,0,0,0,0,0,0,0,0,0,90,0,0,0,0,0,0,0,0,0
c02967009ff097963618d1bc82831cf6,0,0,0,0,0,88,0,46,0,0,0,0,0,0,0,0,0,0,0,0,0,0,0
1cc388f09b80d012f5ee7fdcb5e0f85e,0,0,0,0,0,0,0,0,0,0,0,0,0,45,0,0,0,0,0,0,0,0,0
99537027c95437e986e25039ee764578,0,0,0,0,0,0,0,0,0,0,0,0,0,0,0,0,0,0,183,0,0,0,0
4a9d17e67d47f3eacf209dbdad912b3e,0,0,0,0,0,0,0,0,0,0,0,0,0,0,0,0,0,0,0,43,0,0,0
fd21af5bb69bdccf4b7bae4dfde403b3,0,0,0,0,0,0,0,0,0,0,0,0,0,222,0,54,0,0,0,0,0,0,0
9467cbc4836f942d2bd109cef4cfc069,0,0,0,0,0,0,0,0,0,0,0,712,0,0,0,0,0,0,0,0,0,0,0
d806d9ade585d14e55c52e295bf4d529,0,0,123,0,0,0,0,0,0,0,0,0,0,0,0,0,0,0,0,0,0,0,0
abccc92d592841f49257c724e7dd7697,0,0,0,0,0,0,0,0,0,97,0,0,0,148,0,177,0,0,0,0,0,0,0
6c231600b85388910da615697ee71adf,0,0,0,0,0,0,0,0,0,0,0,0,0,74,0,0,0,173,0,0,0,0,0
1f3e0f9918e843fecbb6f65c0e36b8ef,0,0,0,0,0,0,0,0,0,0,0,0,0,0,0,0,0,0,92,0,0,0,0
c383cfcee541773eff7ab00ff076dfa0,0,0,148,0,0,0,0,0,0,0,0,0,0,0,0,0,0,0,103,0,0,0,0
ae77d2a7161f4a06871cd35da3b0b7b5,0,0,0,0,0,0,0,0,0,0,0,0,0,0,0,0,0,0,0,0,0,0,153
b41d62ef001a3e716087230095c0cf22,0,0,0,0,0,0,0,0,0,0,0,0,0,0,0,0,0,0,0,0,0,0,76
a0bcdca4986685ba4b85ea416806b5ae,0,0,0,0,0,0,32,0,0,0,0,0,0,0,0,0,0,0,0,0,0,0,0
3e90e67a8fe216e96a6a1d59918698e7,0,0,111,0,0,0,0,0,0,0,0,0,0,0,0,0,0,0,0,0,107,0,0
95b539d0df3cc230a32c4b39a3cf6bde,0,0,0,0,0,0,0,0,0,0,0,0,0,27,0,0,0,0,0,0,0,0,0
ac0b3523345ec09330e17a2c64a06a90,0,0,0,0,0,0,0,0,0,0,0,0,0,0,0,0,0,0,0,0,12,0,0
60f682a056b7dd2ede819fc120c23824,0,0,0,0,0,0,0,0,0,0,0,0,0,0,0,0,77,0,0,0,0,0,0
b1655817dbdaf9b320905349951ec42c,0,0,0,0,79,0,0,0,0,0,0,0,0,0,0,0,0,0,0,0,0,0,0
ad6c18c3b3705c117aed4501e6b916ac,0,0,122,0,0,0,0,0,0,0,0,0,0,0,0,0,0,0,0,0,0,0,0
e76abe9507b2e27897ba285e8272fe0b,0,0,0,0,0,0,0,0,0,0,0,0,0,0,0,0,0,0,148,0,0,0,0
8e9ee52196b6fcccea9bda29eef4408b,0,0,0,317,0,0,0,0,0,0,0,0,0,0,0,0,0,0,0,0,0,0,0
efa6547042d63eb70da807186d7b15dc,0,0,0,0,0,0,0,0,0,143,0,0,0,0,0,0,0,0,0,0,0,0,0
8810281f2bb195e5bdf544ade53e91ca,0,0,0,0,0,0,0,0,0,0,0,0,0,0,0,0,0,0,0,0,0,18,0
ce423e518d6c1c5abf410f7a75703cc2,0,0,0,31,0,0,0,0,0,0,0,0,0,0,0,0,0,0,0,0,0,0,0
80632c0f8d9af8a3e364c9c9b2e47a0c,14,0,0,0,0,0,0,0,0,0,0,0,0,0,0,0,0,0,0,0,0,0,0
cb98bc0b6713fb8717395204a399646f,0,0,0,0,0,0,0,0,0,127,0,0,0,0,0,0,0,0,0,0,0,0,0
53197a6682fd233c5943455f7d1d98e7,0,0,87,0,0,0,0,0,0,0,0,0,0,0,0,0,0,0,49,0,0,0,0
214cedd79b4986d4117fffd343651387,0,0,0,0,0,0,0,0,0,95,0,0,0,0,0,0,0,0,0,0,0,0,64
5a271be2aac58189f056c365a2406bb3,0,0,0,0,0,0,0,0,0,103,0,0,0,0,0,0,0,0,0,0,0,0,0
60d7a2659caf3fd2705e1da59059d21b,0,0,24,0,0,0,0,0,0,0,0,0,0,0,0,0,0,0,0,0,0,0,0
a7219a5ed21c81c5a115c297aaede9a8,0,0,0,0,0,0,0,0,0,0,0,0,0,13,0,0,0,0,0,0,0,0,0
cd10f1447ce388ac6e8010947bf175ea,0,0,0,0,0,0,0,0,0,0,0,0,0,0,0,0,0,0,0,0,0,0,25
0530cbe83e55097d8377f9e3b4c6eada,0,0,96,0,0,0,0,0,0,0,0,0,0,0,0,0,0,0,0,0,0,0,0
ac2408fed13dd3babf8a53860a22b9d1,0,0,0,0,0,0,0,0,0,117,0,0,0,0,0,0,0,0,0,0,0,24,0
6c2c1fa5670ff80d9a2e0880784a8702,0,0,0,0,0,0,0,0,0,0,0,0,0,0,0,0,0,0,76,0,0,0,0
dc54f648e350952b9db91d5f162b9118,0,0,0,0,0,0,0,0,0,0,0,192,0,0,0,0,0,0,0,0,0,0,0
6a62d6a4278d3246dab2740c4446ac4b,0,0,0,0,0,0,0,0,0,0,0,0,0,0,0,0,0,0,162,0,0,0,0
c9869b51e915b69805c65e460aedd622,0,0,0,0,0,0,0,0,0,0,0,0,0,0,0,0,0,0,104,0,0,0,0
7215411f4b25c87b0f5aa8191ef0e58c,0,0,71,0,0,0,0,0,0,0,0,0,0,0,0,0,0,0,236,0,0,0,0
7feb6506226326c36881c9d73bd0e02b,0,0,0,0,0,0,0,89,0,0,0,0,0,0,0,0,0,0,60,0,0,0,0
4668261413b00b84223751fbaa89bc1f,0,0,0,0,0,0,0,0,0,0,0,0,0,0,0,0,0,82,0,0,0,0,0
a3169f4a5aeb22fc644074f054feeb23,0,0,0,0,0,0,0,0,0,0,0,0,0,0,0,0,0,0,0,204,0,0,0
985950a6e0aaad4ad04812a01073233a,0,0,0,0,0,0,0,0,0,60,0,0,0,0,0,0,0,0,0,0,0,0,0
7c426fac1c473161e854442d97aa6099,0,0,0,0,0,0,0,0,0,0,0,0,0,0,15,0,0,0,0,0,0,0,0
1b4f930c440b5e0dd73e5d8f7214e8a2,0,0,0,0,0,55,0,0,0,0,0,0,0,0,0,0,0,0,0,0,0,0,0
9afbe42f125ebacc08fa8d976f6fddd3,0,0,0,0,230,0,0,0,0,99,0,0,0,0,0,0,0,0,0,0,0,0,0
8d6ee16228d8d581ace66ac263a75a64,0,0,0,0,0,0,0,0,0,0,0,0,0,0,0,0,0,0,113,0,0,0,0
da2df3c844f7b00bcef306c4410525c4,0,0,0,0,0,0,0,0,0,33,0,0,0,0,0,0,0,0,0,0,0,0,0
47e4a696faca89150919974070c2fdd1,0,0,0,0,0,0,0,0,0,0,0,0,0,0,0,0,0,0,219,0,0,0,0
c2376d7cf89b47fb0606af443c2cddf7,0,0,0,0,98,0,0,0,0,0,0,0,0,0,0,0,0,0,0,0,0,0,0
bb75924638cdc4d2cee7bc471030409c,0,0,0,0,0,0,0,0,0,0,0,0,0,0,0,0,0,0,0,59,0,0,0
ac49b8786cdf65095fb245ada2dd101d,0,0,0,0,0,0,0,0,0,0,0,0,0,70,0,0,0,85,0,0,0,0,0
678dec5c943e29e4478fe0eeeb592b39,0,0,0,0,0,0,0,0,0,0,0,0,0,6,0,0,0,0,0,0,0,0,0
cc3b71eec3ed3b0900b52fd1ea7617f6,0,0,0,0,0,0,101,0,0,0,0,0,0,0,0,0,0,0,0,0,0,0,0
250ccf914604c97f342cb368fd1a741c,0,0,0,0,0,0,0,0,0,89,0,0,0,0,0,0,0,0,0,0,0,0,0
67dc81ea94b7bf3432b55e28c30a1045,0,0,0,0,0,0,0,0,0,0,0,0,0,0,0,0,0,96,0,0,0,0,0
aed6c50ce2908af051c7c32adb0d4406,0,0,0,0,0,0,0,0,0,0,0,366,0,0,0,0,0,0,0,0,0,0,0
6a1e71495f7e516be8e6ab7c8427ff30,0,0,0,0,0,0,0,0,0,0,0,0,0,0,0,0,0,59,0,0,0,0,0
0b24db8224d63f913f2466dc57bf9f6c,0,0,96,0,0,0,0,0,0,0,0,0,0,0,0,0,0,0,0,0,0,0,0
1584c00d7c16642da0bd1db1700ba55a,0,0,0,0,0,0,0,0,0,0,0,0,0,0,0,0,0,78,0,0,0,0,0
e1dce44f62986f5042724b069c65bed8,0,0,0,0,0,0,0,0,0,0,0,191,0,0,0,0,0,0,0,0,0,0,0
4c70003a2ec97967d5f25d64f98b1648,0,0,121,0,0,0,0,0,0,0,0,0,0,0,0,0,0,0,0,0,0,0,0
8cd7aa6d3616c3968d81ca7bbce835aa,0,0,0,0,0,0,0,0,0,0,0,0,0,0,0,0,0,0,0,127,0,0,0
682660661f7587a4d1a73346e84c416c,0,0,0,167,0,0,0,0,0,0,0,0,0,0,0,0,0,0,0,0,0,0,0
20a9950fc248aaf8eb11fd50623b6cdc,0,0,0,0,0,0,0,0,0,0,0,0,0,0,0,0,0,292,0,0,0,0,0
b665ee69778f865fe7544ca1abf8b71c,0,0,0,35,16,0,0,0,0,0,0,0,0,0,0,0,0,0,0,0,0,0,40
11a913c54257263701835ffbc10e9ce4,0,0,0,0,0,0,0,0,0,0,0,0,0,64,0,0,0,0,0,212,0,0,0
58ae88ec1d4d348786315f7e507360d7,0,0,0,0,0,0,0,0,0,0,0,0,0,0,0,0,0,0,0,0,0,0,130
b7fba4c5ead9a8a2a4a2080de9f7bf2b,0,0,0,0,0,0,0,0,0,0,0,0,137,0,0,0,0,0,0,0,0,0,0
22f8247fa51fbd74ab51a555c9a0181c,0,0,0,0,0,0,0,0,0,0,0,0,0,0,0,0,0,0,0,141,0,0,0
ba1c72a61182c04198f13487a5808fcc,0,0,0,0,0,0,0,0,0,87,0,0,0,0,0,0,0,0,0,23,0,0,0
49e5d112802e2dd6c27ec2a187e2c1e5,0,0,115,0,0,0,0,0,0,0,0,0,0,0,0,0,0,0,0,0,0,0,0
efa866c5a2042cc01f4ad970389f6d7a,0,0,0,0,0,0,0,0,0,0,0,0,19,0,0,0,0,0,0,0,0,0,0
0f4cd81492bb08ddeeab0cf4ff9d66b2,0,0,0,0,0,0,0,0,0,0,0,0,0,91,0,0,0,0,0,0,0,0,0
e16afa849f17b25bdd5f5b1045778686,0,0,25,0,0,0,0,0,0,0,0,0,0,0,0,0,0,8,0,0,0,0,0
fde1ab1623af0e70474f110521c15ec2,0,0,104,0,0,0,0,0,0,0,0,0,0,0,0,0,0,0,0,0,0,0,0
7cb17f9e6745704d2da74f314d6555ac,0,0,0,0,0,0,0,0,0,0,0,451,0,0,0,0,0,0,0,0,0,0,0
7e66fbd6482f57fefe38f2b043afac2e,0,0,0,90,0,0,0,0,0,0,0,0,0,0,0,0,0,0,0,0,0,0,0
4128bbdf4b32001ed3b65d4aa409e3c5,0,0,0,0,0,0,0,0,0,0,0,0,27,0,0,0,0,0,0,0,0,0,0
cae5c93e31a864978136f6c355eb41ed,0,0,42,0,0,0,0,0,0,0,0,0,0,0,0,0,0,82,0,0,0,0,0
c46dadd716f80a99a23c23e1755b177c,0,0,118,0,0,0,0,0,0,0,0,0,0,0,0,0,0,0,0,0,0,0,0
830e89b716987951f79702a83f16691e,0,0,0,0,0,0,0,0,0,0,31,0,0,0,0,0,0,0,0,0,0,0,0
07f061ba8bda9864ddb3b11ff878801f,0,0,0,0,0,0,0,0,0,0,0,0,0,32,0,0,0,0,0,0,0,0,21
33d81abbda8683efa365a652865e8134,0,0,0,0,0,0,0,0,0,96,0,0,0,0,0,0,0,0,0,0,0,0,0
fac45ee14fccfa13640600a9fab427d4,0,0,0,0,0,0,0,0,0,0,0,0,0,0,0,0,0,0,0,128,0,0,0
5d5e620118afa8225bfca22e1d0cd435,0,0,0,0,0,0,0,0,0,0,0,0,0,0,14,0,0,0,0,0,0,0,0
df674f96c59fb4b51ddb84e96a21c535,0,0,0,0,0,0,0,0,0,0,0,0,0,0,0,0,0,0,0,0,0,0,56
b87d0ab799ffee79a1e4ac232ecc1164,0,0,189,0,0,0,0,0,0,0,0,0,0,0,0,0,0,0,0,0,0,0,0
410a333afd6f0c3f2bf0dda34cba7020,0,0,0,0,0,0,23,0,0,0,0,0,0,0,0,0,0,0,0,0,0,0,0
b7212721cc09241842ef5992e0febe61,0,0,0,0,0,0,0,0,0,0,0,0,0,0,194,0,0,0,0,0,0,0,0
94e302dddf69fe5dae4ca67c806876c0,0,0,0,0,0,0,0,0,0,0,0,0,0,0,0,0,20,0,0,0,0,0,0
cd829259c2cab96857db4b01714cd8da,0,0,0,0,0,0,0,0,0,0,0,0,0,17,0,0,0,0,0,0,0,0,0
561f5ddf08c1cfe9ee3d66384d41e0b4,0,0,0,0,0,0,0,0,0,0,0,0,0,0,0,0,0,0,0,0,0,0,278
0184f2ddaabd2b2909151579ec077fd2,0,0,0,0,0,0,0,0,0,0,0,43,0,0,0,0,0,0,0,0,0,0,0
1799f118b30a7a8173bf74cef60faf4a,30,0,0,0,0,0,0,0,0,0,0,29,0,0,0,0,0,0,0,0,0,0,0
21cfe8af25f01565c50728c1666576e9,0,0,0,35,0,0,0,0,0,0,0,0,0,0,0,0,0,0,0,0,0,0,0
2f954b704a38305d0d21b3cdbcbe8ee3,0,0,0,0,0,0,0,0,0,0,0,0,0,0,0,0,89,0,0,0,0,0,0
fcbfd629307fe82ad44c4fead4becb10,0,0,0,0,0,0,0,0,0,0,0,0,0,96,0,0,0,0,0,0,0,0,0
22ecdc6da0b71d9461abef25acbf6293,0,0,105,52,0,0,0,0,0,0,0,0,0,53,0,0,0,0,0,0,0,0,0
b33163e238331e06c396df76bf803550,0,0,0,0,0,42,0,0,0,0,0,0,0,0,0,0,0,0,0,0,0,0,0
a5cacf021a24c54e1c883d7cae74b23e,0,0,0,0,0,0,0,0,0,0,0,0,0,0,151,0,0,0,0,0,0,0,0
083b0982f8d77bfbac2005d8b73008ba,0,0,0,0,0,0,0,0,0,52,0,0,0,0,0,0,0,0,0,0,0,0,0
b46a87550404998c9a1a576cefa8c21c,0,0,0,0,0,0,0,0,0,0,0,0,0,77,0,0,0,0,129,0,0,0,0
1c61d7a328b93b21c6d739c258e0bc42,0,0,0,0,0,7,0,0,0,0,0,0,0,0,0,0,0,0,0,0,0,0,0
68141bc28da34d9d9eb8eec1618919e8,0,0,0,0,0,0,0,0,0,0,0,0,0,0,0,0,0,0,59,0,0,0,0
66b447aa0ab6a3bc1f91a195ca4d1ed2,0,0,0,0,0,0,0,0,0,0,0,0,0,40,0,0,0,0,0,0,0,0,0
51e69afb3a97e92a782f0a14e345633f,0,0,0,0,0,0,0,0,0,0,0,0,0,0,217,0,0,0,0,0,0,0,0
726385c7252b0b581033697fdfbc7a78,0,0,0,0,0,0,0,0,0,0,0,0,0,0,0,0,0,0,150,0,0,0,0
bb709ae90730fe833f0edca3bff415cd,0,0,0,0,0,0,21,0,0,0,0,0,0,0,0,0,0,0,0,0,0,0,0
d30fa0b3e9a5e1ad56a7f608077eb78f,0,0,0,0,0,0,0,0,0,0,0,0,0,0,42,0,0,0,0,0,0,0,0
d1ba5678d204c8f88297f9f72d779962,0,0,0,0,0,0,0,0,0,0,0,0,0,0,0,0,0,0,0,30,0,0,0
22bcabf3c92daaa53cce4faa18667e9e,0,0,0,0,0,0,0,0,0,0,0,175,0,0,0,0,0,0,0,0,0,0,0
740c7a161da83249b49ace7044dec64c,0,0,72,0,0,0,0,0,0,0,0,0,0,0,0,0,0,0,0,0,0,0,0
42cb9ff6e81f8cde7c61dd304cfedea8,0,0,169,0,0,0,0,0,0,0,0,0,0,0,0,0,0,0,0,0,0,0,0
b4aa3773e2edb8b60063e61d61d96461,0,0,50,0,0,0,0,0,0,0,0,0,0,0,0,0,0,0,0,0,0,0,0
2eaf211502d1f716576b6dd88e656aad,0,0,0,0,0,0,0,0,0,0,0,0,0,67,53,0,0,0,0,0,0,0,0
1b78c9c46d2b54759d981734d593d24f,0,0,0,0,0,0,0,0,0,0,0,0,0,0,0,0,0,38,0,0,0,0,0
2bc78be6c9c8f2538c41b3e7bbcfc241,0,0,0,0,0,0,0,0,0,0,0,0,0,0,157,0,0,0,0,0,0,0,0
958dd7b9084a6b9194db7958b96e3709,0,0,0,0,0,0,0,0,0,0,0,0,0,0,88,0,0,0,0,0,0,0,0
c0d4966b549440d0c1a0b755b5678908,0,0,14,0,0,0,0,0,0,0,0,0,0,0,0,0,0,42,0,0,0,0,0
794c29f6dfdd529478e29321ef991d7c,0,0,0,0,0,0,0,0,0,0,0,0,0,0,0,0,0,0,0,28,0,0,0
380d82e1d53cd7f3aa589e3728cf5e66,0,0,0,0,0,0,0,0,0,0,0,0,0,0,0,37,0,0,0,0,0,0,0
65b110e3a3e728d9eace3dc017c40ec1,0,0,0,0,0,0,0,0,0,0,0,0,0,0,123,0,0,0,0,0,0,0,0
d78e3440aa295cf9f67d0f0be72e64ac,0,0,0,0,0,0,0,0,0,0,0,0,0,0,0,0,0,12,0,0,0,0,0
02b3a37bf1a09264276aa70c969d7d8b,0,0,0,0,0,0,0,0,0,0,0,0,0,0,0,0,0,0,19,0,0,0,0
6089100126b18ef48aa57e638d9a79b6,0,0,0,0,0,0,0,0,0,0,0,0,0,0,139,0,0,0,0,0,0,0,0
f42087a2e742ae18bb7ca68af4cb15a1,0,0,0,0,0,0,0,0,0,0,0,0,0,0,0,0,25,0,0,0,0,0,0
65dd93c78f132edb0362e0c4782b5017,0,0,0,0,0,0,0,66,0,0,0,0,0,0,0,0,0,0,0,0,0,0,0
9152466229fba9c7eea45681156e6b78,0,0,0,0,0,0,0,0,0,0,0,0,0,22,0,0,0,0,0,0,0,0,0
09dc11b472b55d3cca36d58aefa890a0,0,0,0,0,0,0,0,0,0,0,0,0,0,0,0,0,0,0,0,0,0,0,57
73d5d048da20fb714b0d39f1845cfb4f,0,0,0,0,0,0,0,0,0,0,0,0,0,0,0,0,0,0,0,23,0,0,0
96f04875f70c77ff7990b24e475054ef,0,0,0,0,0,0,0,0,0,0,0,0,0,0,0,0,0,0,42,92,0,0,0
40d36e83dc9ce2299aa71467eb11c9f6,0,0,0,0,37,0,0,0,0,132,0,0,0,0,0,0,0,0,0,0,0,0,0
f49644f77513f9ec6b218736acc0ce1b,0,0,0,0,0,0,0,0,0,0,0,0,0,0,22,0,0,0,0,0,0,0,0
3e3828673f665cf2e1346aa198eaf7b0,0,0,0,0,0,0,0,0,0,0,0,0,0,0,0,0,0,0,0,91,0,0,0
2ec7854da20506797dfb21915b6c21af,0,0,0,0,0,0,0,0,0,0,0,0,0,0,0,0,0,0,0,0,32,0,0
66b41e1bc59118ee5460ab2c7c16dee0,0,0,0,0,0,0,0,0,0,0,0,0,0,56,0,0,0,0,0,0,0,0,0
35e02db3f12297c36df37ba22fbf9aa0,0,0,0,0,0,0,0,0,0,61,0,0,0,0,0,0,0,0,0,0,0,0,0
af25e1f95dffba77631c6d611eb973b9,0,0,0,0,0,0,0,0,0,0,0,0,0,0,96,0,0,0,0,0,0,0,0
dd230f0695bebd5ea8d42e056ebb92cb,0,0,0,0,0,0,0,0,0,0,0,0,0,244,0,0,0,0,0,0,0,0,0
210f8be363226cf1833381189df6b73c,0,0,0,0,0,0,0,0,0,0,0,0,0,86,0,0,0,0,0,0,0,0,0
abc8e06b17f2fe6396f73e918069ced1,0,0,0,35,0,0,0,0,0,0,0,0,0,0,0,0,0,0,0,0,0,0,0
fe36e34ca280a646ed7ec981a3af03da,0,0,0,0,0,0,0,0,0,0,55,0,0,0,0,0,0,0,0,0,0,0,0
5f6b8d65f3be5fd499dec3d61e881206,0,0,49,0,0,0,0,0,0,0,0,0,0,0,0,0,0,0,0,0,0,0,0
e0979a3fe7f61acb64ca2d8e609e5b0d,0,0,0,31,0,0,0,0,0,0,0,0,0,0,0,0,0,0,0,0,0,0,0
162f5d0b3e50f752bf00452ed59391bc,0,0,0,0,0,0,0,0,0,0,0,49,0,0,0,0,0,0,0,0,0,0,0
b0693c20d109cd5381be4ea4675f8b87,0,0,0,0,0,0,0,0,0,0,0,0,0,0,0,0,0,0,0,0,0,0,46
1fd227813553e35704665b6c6defa05d,0,0,0,0,0,0,0,0,0,0,0,0,0,0,0,0,0,0,0,55,74,0,0
6c8b5550aae3bf7eed2c088fcf906291,0,0,9,0,0,0,0,0,0,0,0,0,0,0,0,0,0,0,0,0,0,0,0
ead6317090af30de0e00d8d409699990,0,0,0,0,0,0,0,0,0,0,0,0,0,0,0,0,73,0,0,0,0,0,0
e2010de4400d4d10e902234ae709b16b,0,0,0,0,0,0,0,0,0,0,0,262,0,0,0,0,0,0,0,0,0,0,0
7b98119be49274e473be2d43ea97a3c4,0,0,0,119,0,0,0,0,0,0,0,0,0,0,0,0,0,0,0,0,0,0,0
654961d637eaffd7295f9b904db81129,0,0,0,0,0,0,0,0,0,0,0,0,0,0,15,0,0,0,0,0,0,0,0
e0904a3cbaef8ecf3061a36720890543,0,0,0,0,0,0,0,0,0,0,0,0,0,0,43,0,0,0,0,0,0,0,0
d020910d8aa380e9744f7356410b9977,0,0,0,0,0,0,0,0,0,0,0,0,0,39,0,0,32,0,0,0,0,0,0
3087fc9e7175ddc6f405376c6e96d95b,0,0,0,0,0,0,0,0,0,0,0,0,0,0,0,31,0,0,0,0,0,0,0
71774b20bd0647d1fb81a4dada5f5579,0,0,0,0,0,0,84,0,0,0,0,0,0,0,0,0,0,0,0,0,0,0,0
07906bc9146329318b46a571a3c787b4,0,0,0,0,0,0,0,0,0,0,0,0,0,0,179,0,0,0,0,0,0,0,0
b956f7f3df83c8ee71937c90304ffc3a,19,0,0,0,0,0,0,0,0,0,0,169,0,0,0,0,0,0,0,0,0,0,0
2af7cab39c89ee0885ce5fe11f1f6448,0,0,0,0,0,0,0,0,0,0,0,0,0,70,0,0,0,0,0,0,0,0,0
d916f4f452e9d43b467c9fd5ba0ea129,0,0,62,0,0,0,0,0,0,0,0,0,0,0,0,0,0,0,0,0,0,0,0
90980f8537de39197c8ebf0891b57d1a,0,0,161,0,0,0,0,0,0,0,0,0,0,0,0,0,0,0,0,0,0,0,0
c3392c965d6680f392d698a051c931dc,0,0,0,0,0,0,0,0,0,0,0,0,0,18,0,0,0,0,0,0,0,0,0
4c900afbe423330a92014954097b7da0,0,0,123,0,0,0,0,0,0,0,0,0,0,0,0,0,0,0,0,0,0,0,0
460206088e84192ab8f31f89836190cd,0,0,0,0,0,0,0,0,0,0,0,0,0,0,95,0,0,0,0,0,0,0,0
05ce692d525b45b024752ef97c8c9201,0,0,0,0,0,0,0,0,0,0,0,0,0,0,0,53,0,0,0,0,0,0,0
aa385b8f14d90873a2737b0e75c6969b,0,0,0,0,0,0,0,0,0,0,0,0,0,0,0,0,0,0,126,0,0,0,0
11f865cc326024610b63520e1ecbb108,0,0,0,0,0,0,0,0,0,0,0,0,0,0,0,0,64,0,0,78,0,0,0
bf6f4139340e9f07cc049ab21e527e1e,0,0,0,129,0,0,0,0,0,0,0,0,0,0,0,0,0,0,0,0,0,0,0
bbe4bdabe690baf69cb47669d21b1e87,0,0,0,0,0,0,0,0,0,0,0,0,0,202,0,0,0,0,0,0,0,0,0
2ab846a2d1758bd350e7a3e33f847b50,0,0,0,0,0,0,0,0,0,0,19,0,0,0,0,0,0,0,0,0,0,0,0
fc1dea73834407865f9f15176252c0ce,0,0,0,0,0,0,0,0,0,0,0,0,0,28,0,0,0,0,0,0,0,0,0
e9cdff95aa400a25f148e6e0b0ffa468,0,0,0,0,51,0,0,0,0,0,0,0,0,0,0,0,0,0,0,0,0,0,0
af0bf23b90ed827d250349a89e94e529,0,0,0,0,0,0,0,0,0,0,0,0,0,0,93,0,0,0,0,0,0,0,0
b0a6382c781e9b8ba4c6c379d2db766c,0,0,0,0,0,0,0,0,0,0,0,0,0,0,0,0,0,0,37,0,0,0,0
9e4da015bd0abd93e22e8ab38093c6fb,0,0,0,0,0,0,0,0,0,342,0,0,0,0,0,0,0,0,0,0,0,0,0
3f4dd04dd589dea3a83473e35426c236,0,0,0,0,0,0,0,0,0,0,0,298,0,0,0,0,0,0,0,0,0,0,0
6774ea3244414b3bc6f6709bfea4ee6d,0,0,0,0,0,0,0,0,0,0,0,0,0,0,0,0,0,0,0,0,75,0,0
575c18fd026c02136dd4c18d267e8ae2,0,0,55,0,0,0,0,0,0,0,0,0,0,0,0,0,0,0,0,0,0,0,0
1c9f2550f94eeceabd1e651d0a24fcb7,0,0,19,0,0,0,0,0,0,0,0,0,0,0,0,0,0,0,0,0,0,0,0
bb070f6689916eb549874bea13ff24fa,0,0,0,0,0,0,0,0,0,0,0,0,0,0,0,200,0,0,0,0,0,0,0
d094cc3fd74bf46dc9160e1d65beb293,0,0,0,0,0,0,0,0,0,0,0,335,0,0,0,0,0,0,0,0,0,0,0
180e38d9e97d78db6df5f4c76162e8cb,0,0,49,0,0,0,0,0,0,0,0,0,0,0,0,0,0,0,0,0,0,0,0
5740506115811326b5ee4ec9772162b9,0,0,0,0,0,0,0,0,0,0,0,0,0,0,0,0,0,0,104,0,0,0,0
8992260a020afc571aaa1e53605eefe6,0,0,0,0,0,0,0,0,0,0,0,0,0,0,0,0,0,81,0,0,0,0,0
82f9b5194c5e2ac1788b0bef6c0b9f85,0,0,0,0,0,0,0,0,0,0,0,0,0,17,0,0,0,36,0,0,0,0,0
442399f9395972899cc2d9ed28ae9381,0,0,0,0,0,0,0,0,0,0,0,0,0,0,0,0,0,0,26,0,0,0,0
961a57bcd2ffaffdea081fc0ef77f66d,0,0,0,136,0,0,0,0,0,0,0,0,0,0,0,0,0,0,0,0,0,0,0
9706175de86cdab1a13f9f85d679b7c7,0,0,0,0,0,0,0,0,0,55,0,0,0,0,0,0,0,0,0,0,0,0,0
5fd8124bfb9f8b507b1fe2e0831ee6ab,0,0,0,0,0,18,0,0,0,0,0,0,0,0,0,0,0,0,0,0,0,0,0
2056586fa2706a00b7224a28bbcceef4,0,0,0,0,0,0,0,0,0,0,4,0,0,0,0,0,0,0,35,0,8,0,0
c3c1527787997d004ff3bd62fc0f974d,0,0,0,0,0,0,0,0,0,0,0,0,0,0,0,33,0,0,0,0,0,0,0
2e3c32d1ba184c1fee1f8b39565fd14f,0,0,29,0,0,0,0,0,0,0,0,0,0,0,0,0,0,0,0,0,0,0,0
20a579e3d9f94018e6b33339c9f00ead,47,0,0,9,0,0,0,0,0,0,0,0,0,0,0,0,0,0,0,0,0,0,0
879d3a5066e6a6ac96ef32582bc476f9,0,0,0,0,0,0,0,0,0,93,0,0,0,0,0,0,0,0,0,0,0,0,0
958671aae32fa7682dd0637a106b9009,0,0,0,0,0,0,0,0,0,0,0,0,0,0,0,0,0,0,71,0,0,0,0
0b6b47515141476e4915d53f7d95542e,0,0,0,0,0,0,0,0,0,0,0,0,0,0,0,0,0,0,0,63,0,0,0
aa8489123cb3dee74453bea3632f094e,0,0,101,0,0,0,0,0,0,0,0,0,0,0,0,0,0,0,0,0,0,0,0
a7c9a647e53f208b7271d0f8f5e3f7ff,0,0,0,0,0,0,0,0,0,0,0,0,0,0,0,23,0,0,0,0,14,0,0
a7846e998401ee9218797da7773d3cb2,0,0,0,0,0,0,0,0,0,0,0,0,0,91,0,0,0,0,0,0,0,0,0
a11c7129edc34a76da3f8ceebad3ffe1,0,0,0,0,0,0,0,0,0,0,0,0,0,0,0,0,0,46,0,0,0,0,0
e055d8d29f454554ff5765a426e73f22,0,0,0,0,0,0,15,0,0,0,0,0,0,0,0,0,0,0,0,0,0,0,0
8c8af46145905f197f7eb95f22c9f6b1,0,0,0,0,0,0,0,0,0,0,0,0,0,35,0,0,0,0,0,0,0,0,0
44765e1166ca3bc18d679301a062654f,0,0,123,0,0,0,0,0,0,0,0,0,0,0,0,0,0,0,0,0,0,0,0
1308c2feb48f6d4bbaf96fa5ce12b777,0,0,0,0,0,0,0,0,0,0,0,0,0,0,0,0,0,17,0,0,0,0,0
d7173ea3840eca29ea3077c0ffa645e5,0,0,0,0,0,0,0,0,0,0,0,0,0,0,0,0,0,0,0,0,103,0,0
272cc8d9c6b6bc2a42338f802b8cb6b3,0,0,0,0,0,0,0,92,0,0,0,0,0,0,0,0,0,0,0,0,0,0,0
4d21e18f19f57dcc3d047138b639896c,0,0,77,0,0,0,0,0,0,0,0,0,0,0,0,0,0,0,0,0,0,0,0
f87197e987ff8985dbba98c58f94ae90,0,0,0,0,0,0,0,0,0,0,0,0,0,0,0,0,0,0,28,0,0,0,0
08cd19b4324f8450aff1edc318715d46,0,0,0,0,0,0,0,0,0,0,0,0,0,0,287,0,0,0,0,0,0,0,0
d01818561b3df2611007fc6be83bc8aa,0,0,49,0,0,0,0,0,0,0,0,0,0,0,0,0,0,0,0,0,0,0,0
aa787ee7567e841d44681409be80cdbf,0,0,0,0,0,0,0,0,0,0,64,0,0,0,0,0,0,0,0,0,0,0,0
15c0d8a37ac1db74b1eb504405631188,0,0,79,0,0,0,0,0,0,0,0,0,0,0,0,0,0,0,0,0,0,0,0
4a04e24ddf63da7c8c61eba14a58b7ca,0,0,0,0,0,0,0,0,0,41,0,0,0,0,126,0,0,0,0,0,0,0,0
6dcd1fe442dc19388d73d462c275578a,0,0,0,0,0,0,0,0,0,10,0,0,0,0,0,0,0,0,0,34,0,0,0
bb66e8c0faececd39a3383bac1271b0a,0,0,0,0,0,55,0,0,0,57,0,0,0,0,0,0,0,0,0,0,0,0,0
93119f4bacbbc30e3aa5f60404c1adff,0,0,0,0,0,0,0,0,0,0,0,0,0,0,0,0,0,0,0,71,0,0,0
055e8ae2749d173247705d5db455fee0,0,0,0,0,0,0,0,0,0,0,0,0,0,0,0,0,0,40,0,0,0,0,0
859b42f36b1d61a5174fb0bacee555e6,0,0,0,0,0,0,0,0,0,0,0,0,0,0,28,0,0,0,0,0,0,0,0
5ad9e4bef65e0b7d3b11fcce8cd856e5,0,0,0,0,0,0,24,0,0,0,0,0,0,0,0,0,0,0,0,0,0,0,0
ac71d979c782bf917133d7daf3fadc2c,0,0,0,0,0,0,0,0,0,0,0,0,0,0,0,0,0,78,0,0,0,0,0
9ad6bb57774dd6a58e3aac0765bcd85b,0,0,0,0,0,0,0,0,0,0,0,0,144,0,0,0,0,0,0,0,0,0,0
d04893fe4cc220181a2a512fe97c0249,0,0,0,0,79,0,0,0,0,0,0,0,0,0,0,0,0,0,0,0,0,0,0
e4fdc5c1537b4240fa05222a4c224f6a,0,0,0,0,0,0,0,0,0,0,0,0,0,0,180,0,0,0,0,0,0,0,0
b3093706eea289656d078c5e1116db43,0,0,0,0,0,0,0,0,0,0,0,0,0,0,0,0,0,105,0,0,0,0,0
44a49c3c910ef268d471f8bd636ca7f2,0,0,0,0,0,0,0,0,0,0,12,0,0,0,0,0,0,0,0,0,0,0,0
cb85c17bef873c9571f1bf5c56690083,0,0,0,0,0,0,0,0,0,0,0,0,0,49,0,0,0,0,0,0,0,0,0
35d0e0c8a8e6eb89a7be7babb57fe0e7,58,0,0,0,0,0,0,0,0,0,0,0,0,0,0,0,0,0,0,0,0,0,0
c1321247d9a065137d6f6ae25c554747,0,0,0,0,0,0,0,0,0,0,0,0,0,0,0,246,0,0,0,0,0,0,0
9ee3aea73f38b7e6fa4cd9f060c2bcd4,0,0,0,0,0,0,0,0,0,0,0,0,0,0,0,0,0,0,0,58,0,0,0
34ac220076cba689aa88eb953d9d4817,0,0,0,0,0,0,0,0,0,180,0,0,0,0,0,0,0,0,0,0,0,0,0
834669814dee84498ea65575c805a715,0,0,0,0,0,0,0,0,0,0,0,0,0,76,0,0,0,0,0,0,0,0,0
817bc27e8f50de5ca7b19670d3991922,0,0,0,0,0,0,0,0,0,0,0,0,0,0,0,0,0,0,0,0,112,0,0
010f853ff217c5d9c89bab2b5994d8ff,0,0,0,0,0,0,0,0,0,0,0,0,0,0,0,238,0,0,0,0,0,0,0
fe1e8d0ed86c430d254bcaf31c1cafdb,0,0,0,0,0,0,0,0,0,37,0,0,0,0,0,0,0,0,0,0,0,0,0
7cb0984aa026f67b7ce6c164185459d7,0,0,0,0,0,0,0,0,0,70,0,0,0,0,0,0,0,0,0,0,0,0,0
241d21d50f09e76bee6901115f0c7412,0,0,0,0,0,0,0,0,0,226,0,0,0,0,0,0,0,0,0,0,0,0,0
431d2496fcc63fdab7c8ac48b543c70a,0,0,20,0,0,0,0,0,0,0,0,0,0,0,0,0,0,0,0,0,0,0,0
66d30712472f3b1c25d79bcd0c94af72,0,0,0,0,216,0,0,0,0,0,0,0,0,0,0,0,0,0,0,0,0,0,0
09b02f3bcbb7b2039cb8ff4ca6ee7093,0,0,0,0,0,0,0,0,0,0,0,0,0,26,0,0,0,0,0,0,0,0,0
7ee207de9cf5f98761607b6bedd362d7,0,0,0,0,0,0,0,0,0,50,0,0,0,0,0,0,32,0,0,0,0,0,0
eaac08d580adc4b1ea0e25342029192b,0,0,0,0,0,0,0,0,0,0,0,0,0,0,0,0,0,0,91,0,0,0,0
418cd7321ec027547200a430b5c7f36b,0,0,0,0,0,0,0,0,0,0,0,0,0,0,0,0,0,0,0,0,0,0,14
fca1494c05ef29aedba3984a5f357a88,0,0,104,0,0,0,0,0,0,0,0,0,0,0,0,0,0,0,0,0,0,0,0
bcc029542a8d48163eacd24cdb66cec7,0,0,0,0,0,0,0,0,0,0,0,0,0,0,0,0,0,0,173,0,0,0,0
c347d4d3a7691dd26b3e3c1d30cbb77b,0,0,0,113,0,0,0,0,0,0,0,0,0,0,0,0,0,0,0,0,0,0,0
e002b62573dd63606bb8b59ced9f5c7b,0,0,0,0,0,0,0,0,0,0,0,0,0,0,0,0,0,45,0,0,0,0,0
e4f793084edf73993d897ae28e4454e4,0,0,0,0,0,0,0,0,0,50,0,0,0,0,0,0,0,0,0,0,0,0,0
036875b32408e5066a9add437d8f8515,0,0,0,0,0,0,0,0,0,0,0,0,0,0,0,0,0,49,0,0,0,0,0
4048831375c502ce82d52c66585ac32c,0,0,0,0,0,0,0,0,0,0,0,0,0,0,0,0,0,0,141,0,0,0,0
9d06f7d9393591915dcc986b436d5747,0,0,0,0,0,0,0,0,0,178,0,0,0,0,0,0,0,0,0,0,0,0,0
807838278fc472ea9bad1f1001191a92,0,0,0,0,0,0,0,0,0,0,0,0,0,0,0,0,0,0,199,0,0,0,0
67e032937d9d35725df31e7aa27c6beb,0,0,0,0,0,0,0,0,0,0,0,0,0,0,0,198,0,0,0,0,0,0,0
9b7682f8333d4ded33c28eafcd135a0f,0,0,0,44,0,0,0,0,0,0,0,0,0,0,0,0,0,0,0,0,0,0,0
85c97be801b3d1a39077a8a056e215d3,0,0,0,0,0,0,0,0,0,0,0,0,0,70,0,0,0,0,0,0,0,0,0
34593ba0e6b0ab92da164e2d62c801a3,0,0,29,0,0,0,0,0,0,0,0,0,0,0,0,0,0,0,0,0,0,0,0
f4e058c87f4f673c032ce2d63ac5bfeb,0,0,0,13,0,0,0,0,0,0,0,0,0,0,0,0,0,0,0,79,0,0,0
6fcd6a2f548cd9b66a848327ac3054dc,0,0,0,0,0,0,36,0,0,0,0,56,0,0,0,0,0,0,0,0,0,0,0
ea7c32419432822228079a471a718032,0,0,0,0,0,0,0,0,0,0,0,0,0,0,0,0,0,31,0,0,0,0,0
d2b06643ba61d24d91f68d509e444cfe,0,0,7,0,0,0,0,0,0,0,0,0,0,0,0,0,0,0,0,0,0,0,0
4b6e1ca02b41fbcf54b320431145c27a,0,0,0,0,0,0,0,0,0,0,0,0,0,0,33,0,0,0,0,0,0,0,0
5666fc27815d8b526948ad0364a762a3,0,0,0,0,0,0,0,0,0,0,0,30,0,0,0,0,0,0,0,0,0,0,0
de93cc58b7362c7b2ba2cfb457726a95,0,0,0,0,0,0,0,0,0,0,0,0,0,0,0,0,0,0,0,59,0,0,0
928421d68b22454ae1980f6ff9e298ee,0,0,0,0,0,0,0,0,0,0,0,18,0,0,0,0,0,0,0,0,170,0,0
dcac66d7aaede00618eb2d4859a2385f,0,0,0,0,0,0,0,0,0,186,0,0,0,0,0,0,0,0,0,0,0,0,0
88a1c9065e981341fe5d3d5abac50343,0,0,0,0,0,0,0,0,0,0,0,0,0,0,0,0,0,76,0,0,0,0,0
5e1b2f9a526665c4b3b49e137293d6ba,0,0,0,0,0,0,10,0,0,0,0,0,0,0,0,0,0,0,0,0,0,0,0
4c9d5185d9996e06d01a7ab1b07ff42c,0,0,0,0,0,0,0,22,0,0,0,0,0,0,0,0,0,0,0,0,0,0,0
ca2778fc46039d11b4a1ae2b465f62ee,0,0,0,0,0,0,0,0,0,0,0,0,0,0,0,46,0,0,0,0,0,0,0
5951abce3a59d99250f1af6bebe54904,0,0,0,0,0,0,0,0,0,0,0,0,0,0,0,0,133,0,0,0,0,0,0
059180b3d9c3f18a6989709d685cf8b4,0,0,0,0,0,0,0,0,0,33,0,0,0,0,0,0,0,0,0,0,0,0,0
0535e7d381405754244c32ca7cbe4e58,0,0,0,0,0,0,0,0,0,0,0,0,0,0,0,0,0,0,0,0,183,0,0
c09a2f852083e17a9f7eb85e19355c1a,0,0,182,0,0,0,0,0,0,0,0,0,0,0,0,0,0,0,0,0,0,0,0
6ef3da1144e7e3c85e06a2a848df51eb,0,0,0,61,0,0,0,0,0,0,0,0,0,0,0,0,0,0,0,0,0,0,0
a7271c2ef35c29db252aae43c5742f99,0,0,42,0,0,0,0,0,0,0,0,0,0,0,0,0,0,0,0,0,0,0,0
63e7484ee220ebd556bee9803bcaa3b6,0,0,0,0,122,0,0,0,0,33,0,0,0,0,0,0,0,0,0,0,0,0,0
7f4cf4cd1fdb50977b469cf845837ea0,0,0,0,0,0,0,0,0,0,0,0,0,0,0,0,0,0,0,0,22,0,0,0
169feb418886041d6e39a54a540c4e07,0,0,0,0,0,0,0,0,0,0,0,0,0,0,0,0,0,0,111,0,0,0,0
eb525c9c98553c65cf5b3c96812736a4,19,0,0,0,0,0,0,0,0,0,0,0,0,0,0,0,0,0,0,0,0,0,0
60a56d56a8a1913c8a3bbe056f8a25c1,0,0,0,0,0,0,0,0,0,0,0,0,0,105,0,0,0,0,0,0,0,0,0
3a6a937b9e11829d68b23a21d2a462ff,0,0,0,0,0,0,0,32,0,0,0,0,0,0,0,0,0,0,0,0,0,0,0
906e20ca04fe1f5644f02211e17cd3b2,0,0,0,0,81,0,0,0,0,0,0,0,0,0,0,0,0,0,0,0,0,0,0
a0aca967af6e6559f17dedf6a1eadf6e,0,0,0,0,158,0,0,0,0,0,0,0,0,0,0,0,0,0,0,0,0,0,0
18553b206344bb683cdf6c54a1e70e4f,0,0,0,0,0,0,0,0,0,65,0,0,0,0,0,0,0,0,0,0,0,0,0
e753ec6253e32750fc6b60f8f1f3504a,0,0,0,0,0,0,0,0,0,0,0,0,0,0,0,0,0,0,0,103,0,0,0
891c7f6a9373440aba7264b0e9c3972b,0,0,0,0,0,0,0,0,0,0,0,0,0,0,0,0,0,0,0,0,13,0,0
0b48cf5ff9e24513ce3e226a933df51a,0,0,35,0,0,0,0,0,0,0,0,0,0,0,0,0,0,0,0,0,0,0,0
38ca4be8622e79f6405219c04395586c,0,0,0,49,0,0,0,0,0,0,0,0,0,0,0,0,0,0,0,0,0,0,0
498f07f4d60101998671fba23af68475,0,0,0,0,0,0,0,0,0,0,0,0,0,25,0,0,0,0,0,0,0,0,0
f610672d8d50fee02d2b57f732b525eb,0,0,0,0,0,0,0,0,0,0,0,0,0,0,6,0,0,0,0,0,0,0,0
4cd380264650ed065d9fba2611b72aa8,0,0,0,0,0,0,0,0,0,0,0,0,0,0,0,0,0,0,24,0,0,0,0
d606e2722e9529489f65c6fdf5ddceb7,0,0,49,0,0,0,0,0,0,0,0,0,0,0,0,0,0,0,0,0,0,0,0
4add13ac55eaaf097b20e9e94888fd2d,0,0,0,0,0,0,0,0,0,0,0,0,0,0,0,0,0,0,33,0,0,0,0
9f88fed4bbb1fd1a2778beb5d787336a,0,0,0,0,0,0,0,0,0,0,0,0,0,0,59,0,0,0,0,0,0,0,0
1bc04af63b8c9a8d536eacd746f77f6b,0,0,0,0,0,0,0,0,0,53,0,0,0,0,0,0,0,0,0,0,0,0,0
b2b5e7479f63815397b1efdd89c0758d,0,0,0,0,0,0,0,0,0,0,0,0,0,0,0,0,30,0,0,0,0,0,0
2e936719b90e0b29b2f26cdd528747af,0,0,0,31,0,0,0,0,0,0,0,0,0,0,0,0,0,0,0,0,0,0,0
f3b607ba4807118ac0ae986e081459c3,0,0,0,0,0,0,0,47,0,0,0,0,0,0,0,0,0,0,0,0,0,0,0
6dacdfc35650a9f6ebc40c730ee499f3,0,0,0,0,0,0,0,0,0,0,0,0,0,0,0,0,0,0,132,0,0,0,0
d7e13b62f4753ba36ede93d2f78e10ed,0,0,0,12,0,0,0,0,0,0,0,0,0,0,0,0,0,0,0,0,0,0,0
26a45bdfae3123aee67f8604f5b50816,0,0,0,0,0,0,0,0,0,151,0,0,0,0,0,0,0,0,0,0,0,0,0
9268e39c37f051389b7e1f28dc894f83,0,0,59,0,0,0,0,0,0,0,0,0,0,0,0,0,0,0,0,0,0,0,0
0c950bbe2eb5ccb372ad58b0ca6c8af8,0,0,0,0,0,0,0,0,0,0,0,0,0,40,0,0,0,0,0,0,0,0,0
d1459a5c8992a3cc10e55a66d1e1a9fe,0,0,0,0,0,0,0,0,0,123,0,0,0,0,0,0,0,0,0,0,0,0,0
3dee6b3ba3fd5dbd3f1b25ba5600525d,0,0,0,0,0,0,0,0,0,0,0,0,0,0,0,0,0,0,150,0,0,0,0
82bac478b43ba68620b02ddf806f3a7d,35,0,0,0,0,0,0,0,0,0,0,0,0,0,0,0,0,0,0,0,0,0,0
142d4f24fa22676510ecfcacb03cfcaa,0,0,0,0,0,0,0,0,0,13,0,0,0,0,0,0,0,0,0,0,0,0,0
3cc7ef57818fb49ce281451135e643f0,0,0,0,23,0,0,0,0,0,0,0,0,0,0,0,0,0,0,0,0,0,0,0
cee9382be7258abd2cd77ec22b05d3aa,0,0,0,0,139,0,0,0,0,0,0,0,0,0,0,0,0,0,0,0,0,0,0
48872d3d617aa4b0070d6279b6f34269,0,0,0,0,0,0,0,0,0,12,0,0,0,0,0,0,0,0,0,0,0,0,0
ea99cba2c3ddc1bfdc332ee57267f190,0,0,0,47,0,0,0,0,0,0,0,0,0,0,0,0,0,0,0,0,0,0,0
0feae0e7347be7e88c1e7b7bdcbc725e,0,0,0,0,0,0,0,0,0,0,0,0,0,0,0,0,0,0,17,0,0,0,0
a78fa714747424af3b3036169a971280,0,0,0,0,0,0,0,0,0,0,0,0,0,0,0,0,0,0,0,0,0,0,30
40df24ba8911baadd3d19f2311635304,0,0,0,0,0,13,0,0,0,0,0,0,0,0,0,0,0,0,0,0,0,0,0
788a9e63506cf48f21b0aeb4d7f57882,0,0,0,0,0,0,0,0,0,0,0,0,0,0,0,0,0,0,136,0,0,0,0
a63139157c5e678ca7a6401d215f1b88,0,0,0,0,0,0,0,0,0,0,0,0,0,0,0,0,0,0,0,124,0,0,0
d55c8eb8a14ca6c9c170d80d0860ec95,0,0,0,0,0,0,0,0,0,57,0,0,0,0,0,0,0,0,0,6,0,0,0
d4473aefb04c841d97e5125a60f85011,0,0,0,0,0,0,0,0,0,0,0,0,0,0,0,0,0,133,0,0,0,0,0
f747451b0489b0a8e108d03048488893,0,0,0,6,0,0,0,0,0,0,0,0,0,0,0,0,0,0,93,0,0,0,0
72fd9491d0f94d9db8d58e005dfeab92,0,0,0,10,0,0,0,0,0,0,0,0,0,0,0,0,0,0,0,0,0,0,0
1092f9376146a4d48ab29c3f356991d9,0,0,0,0,0,0,0,0,0,9,0,0,0,0,0,0,0,0,0,0,0,0,0
d8f545ef8450496e0733dc635f3efacd,0,0,16,0,0,0,0,0,0,0,0,0,0,0,0,0,0,0,0,0,0,0,0
d832bd341235c0547d33939ac07586f9,0,0,0,0,0,0,0,0,0,0,0,0,0,0,0,0,0,0,23,0,0,0,0
d78711f75a7ed850fcad0ff8aef559c6,0,0,0,0,0,0,0,0,0,0,0,0,37,0,0,0,0,0,0,0,0,0,0
532f31b5d9f895a32232a3b332f8c942,0,0,0,0,0,0,0,0,0,0,0,0,0,131,0,0,0,0,0,0,0,0,0
a7039d6ca9ee1d12d1d6a35253ec1bb5,0,0,0,0,0,0,0,0,0,0,0,0,0,0,0,0,32,0,0,0,0,0,0
2c2f4924290faea9ae9c584ec1c06d78,0,0,0,0,0,0,0,0,0,0,0,0,0,0,0,0,0,130,0,0,0,0,0
a17f1fca9b9a228ade3e0a45c4582599,0,0,0,0,0,0,0,0,0,0,0,0,0,0,0,0,0,0,0,42,0,0,0
f1e69abdc992dbd91725033559786943,0,0,0,0,0,0,0,0,0,42,0,0,0,0,0,0,0,0,0,0,0,0,0
3b9f01f63bc9e221a9b9b0ff7a5bb68a,0,0,0,0,0,0,0,0,0,0,0,0,0,0,0,0,0,0,0,23,0,0,0
5521091a171e09fab6f43a74c5deecac,0,0,0,0,0,0,0,0,0,0,0,0,0,0,0,0,0,0,0,0,27,0,0
486ae7558d791921caaf0860048e6b95,0,0,0,0,0,0,0,0,0,0,0,59,0,0,0,0,0,0,0,0,0,0,0
173932da34b3864d998d799a6febc0fb,0,0,0,0,0,0,0,0,0,0,0,0,0,105,0,0,0,0,0,0,0,0,0
a117ad8b54af3d606282bf41e355fec4,0,0,0,20,0,0,0,0,0,0,0,0,0,0,0,0,0,0,0,0,0,0,0
4639d8f927a6ac8b1bc46f94c2b93ea6,0,0,0,0,0,0,0,0,0,0,0,0,0,9,0,0,0,58,0,0,0,0,0
eb50ef9e02dce359af78602a35dbc4a0,0,0,0,0,0,0,0,0,0,0,0,0,0,44,0,0,0,0,0,0,0,0,0
e4238d6395c5da3e569d5d63773abaf8,0,0,0,0,0,0,0,0,0,0,0,0,0,0,0,0,0,0,0,0,0,52,0
d06ab2c52f8b4c6545b7d950be090879,0,0,34,0,0,0,0,0,0,0,0,0,0,0,0,0,0,0,0,0,0,0,0
1bb948c2f958312f1d1aa891eee8983c,0,0,0,31,0,0,0,0,0,0,0,0,0,0,0,0,0,0,0,0,0,0,0
24d93ebd7af42b07fdd32e9c140647f3,0,0,0,0,0,0,0,0,0,0,0,0,0,0,0,0,0,0,86,0,0,0,0
2ca92557e84e1e637ceedd042b3567a5,0,0,0,0,0,0,0,0,0,0,0,0,0,0,0,0,0,0,115,0,0,0,0
ad193779d1c6c7c84302eaf46d2fd2df,10,0,0,0,0,0,0,0,0,0,0,0,0,0,0,0,0,0,0,0,0,0,0
80e5ac9d99bb70393566365fd7db3111,0,0,0,0,0,0,0,0,0,0,0,12,0,0,0,0,0,0,0,0,0,0,0
ba8da3488c1339e46cb479c4df3b2b6b,0,0,0,0,0,0,0,0,0,0,0,0,0,0,46,0,0,0,0,0,0,0,0
c45afa0cbd15fcf783344246fcc89b8e,0,0,0,0,0,0,0,0,0,0,0,0,0,0,0,0,0,0,111,0,0,0,0
3fc56b93685b6efa570c1888ff87ff3b,0,0,0,0,0,0,0,0,0,0,0,0,0,0,0,0,0,0,0,0,50,0,0
828a1c03b8f13bc44c47320ad78a8c6a,0,0,0,0,0,0,0,0,0,0,0,0,0,0,0,7,0,0,0,0,0,0,0
095f47e5a4f3728630be0f0d5061765e,0,0,0,55,0,0,0,0,0,0,0,0,0,0,0,0,0,0,0,0,0,0,0
c0349091a88dd65e5e4fc11bebb52d22,0,0,0,0,0,0,0,0,0,21,0,0,0,30,0,0,0,0,0,0,0,0,0
4f529f0d70932cea789221dc9d26e641,0,0,71,0,0,0,0,0,0,0,0,0,0,0,0,0,0,0,0,0,0,0,0
b22365a027cd52dbc45a7ce9f6b6efca,0,0,0,0,0,16,0,0,0,0,0,0,0,0,0,0,0,0,0,0,0,0,0
712877cce35c7e2ac663f1a1b836948d,0,0,0,0,0,0,17,0,0,0,0,0,0,0,0,0,0,0,0,0,0,0,0
8e188b4b072479ca085dfed58b4cfd61,0,0,54,0,0,0,0,0,0,0,0,0,0,0,0,0,0,0,0,0,0,0,0
c30834b307fc85dafad75da3371d02d3,0,0,0,0,0,26,0,0,0,0,0,0,0,0,0,0,0,0,0,0,0,0,0
ca87474c6f0c0d81f348f02e4600bb5c,0,0,0,0,0,0,0,0,0,0,68,0,0,0,0,0,0,0,0,0,0,0,0
ea079adda043a4b3a3993224c3a0498b,0,0,0,0,0,0,0,0,0,0,0,0,0,0,0,0,0,0,102,0,0,0,0
bf15c62361076118158cc158bd7d08f4,0,0,0,0,0,0,0,0,0,0,0,0,0,0,0,0,0,0,0,74,0,0,0
99f8af5e60fe05925f43d9fa077dc907,0,0,39,0,0,0,0,0,0,0,0,0,0,0,0,0,0,0,0,0,0,0,0
4e5fcef45e5a1c7c39139d21c91e4f58,0,0,0,0,0,0,0,0,0,0,0,0,0,0,0,0,0,0,63,0,0,0,0
73824aff2249ca9bc4fb28acd89c4cd4,0,0,0,0,0,0,0,34,0,0,0,0,0,0,0,0,0,0,0,0,0,0,0
13293286e53e17bcc8bbd5289c9f775d,0,0,0,0,0,0,0,0,0,0,0,0,0,0,0,0,0,0,101,0,0,0,0
8ebd9bea9f658a3d63d56f0e7cc8ed0a,0,0,0,0,0,0,0,0,0,0,0,0,0,0,0,0,0,0,101,0,0,0,0
9df3e23b3573b0455ee7e4aa4d389a50,0,0,0,0,0,0,0,0,0,0,0,0,0,0,0,0,0,0,0,0,101,0,0
f56235bd0ccd3b4bc7ecd086b4403c18,20,0,0,0,0,0,0,0,0,0,0,0,0,0,0,0,0,0,0,0,0,0,0
7d8010336b472d658a5e4dbfd5e5364f,0,0,52,0,0,0,0,0,0,0,0,0,0,0,0,0,0,0,0,0,0,0,0
a578bfe32ee240e6f518fcad069cbb58,0,0,0,0,0,0,0,0,0,0,32,0,0,0,0,0,0,0,0,0,0,0,0
2d86f7e8c0f942e215bb2080a43da089,0,0,0,0,0,0,0,0,0,0,0,0,0,0,0,0,0,0,0,32,0,0,0
aa73cb0ab641cd7c605001dd8f09b48e,0,0,0,0,0,0,96,0,0,0,0,0,0,0,0,0,0,0,0,0,0,0,0
bf420f785f2f0c6751c9cae0fc7a53f8,0,0,0,0,0,0,96,0,0,0,0,0,0,0,0,0,0,0,0,0,0,0,0
cb3c964304fa92c2c874a19e2529808e,0,0,0,0,0,0,0,0,0,0,0,0,0,0,35,0,0,0,0,0,0,0,0
908044412d96110209f387e9528b177b,0,0,93,0,0,0,0,0,0,0,0,0,0,0,0,0,0,0,0,0,0,0,0
111cb236caf57029fae58841721c7179,0,0,0,0,0,0,0,0,0,0,0,0,0,0,0,0,0,43,0,0,7,0,0
4a9ac5cb489f165cbfd9b3ed564ebb9d,0,0,0,0,0,0,25,0,0,0,0,0,0,0,0,0,0,0,0,0,0,0,0
531c040e0827e934ed08772ae8ce7469,0,0,0,0,0,0,89,0,0,0,0,0,0,0,0,0,0,0,0,0,0,0,0
84908ad60dd11d59a2e7998cc6f33ded,0,0,0,0,80,0,0,0,0,0,0,0,0,0,0,0,0,0,0,0,0,0,0
cbcf98ba9c0c29dc325462b7618962bc,0,0,0,0,0,0,0,0,0,0,0,0,0,0,0,0,0,0,0,71,0,0,0
a7cae98bf73a9ba6c9f215dcab6b6b74,0,0,0,0,0,0,0,0,0,0,0,0,0,0,87,0,0,0,0,0,0,0,0
0c627fe037f06d6f2b96d716294d7a27,0,0,0,0,0,0,0,0,0,0,0,0,0,0,0,0,0,87,0,0,0,0,0
2ed9c6b2b3f6c4dbec7e4d0b4806641c,0,0,0,0,0,0,0,0,0,0,0,0,0,0,0,0,0,21,0,0,0,0,0
9272d9ee07f6d42583c80ac19c856e69,0,0,0,0,9,0,0,0,0,0,0,0,0,0,64,0,0,0,0,0,0,0,0
4104adc97d99d7cae19fee7e8082de17,0,0,0,0,0,0,0,0,0,0,0,0,86,0,0,0,0,0,0,0,0,0,0
83ece4097e7fac2402ed8121f4657bf7,0,0,0,0,0,0,0,0,0,0,0,0,0,0,18,0,0,0,0,0,0,0,0
487a0fbce155c0d9d3550ac520f01da9,0,0,0,30,0,0,0,0,0,0,0,0,0,0,0,0,0,0,0,0,0,0,0
fe53b8adf70f2f63aa44a678d7afd118,0,0,0,0,0,0,0,0,0,11,0,0,0,0,0,0,0,0,0,0,0,0,0
3f154eb320cb22c8634654902bb1c587,0,0,0,0,0,0,0,0,0,0,0,0,0,0,0,85,0,0,0,0,0,0,0
778abc44702d7c359367b4063bcc6cdc,0,0,49,0,0,0,0,0,0,0,0,0,0,0,0,0,0,0,0,0,0,0,0
3958dfdb03cb8e110e2342f6b83a834c,0,0,0,0,0,0,84,0,0,0,0,0,0,0,0,0,0,0,0,0,0,0,0
9dacc13646ff5e3e2ef4fb0b3981e22f,0,0,0,0,0,0,0,0,0,0,0,0,0,0,26,0,0,0,0,0,0,0,0
f02db40da3cc7f2bc50daa3b8ce47e93,0,0,0,0,0,0,0,0,0,0,0,0,0,0,0,0,0,0,21,0,0,0,0
f64a687d39e85ec21692724e7e12fca9,0,0,0,0,0,0,0,0,0,0,0,0,0,0,0,0,0,33,0,0,0,0,0
dad672dba456ebc3cc2afb7319277a6a,0,0,0,50,0,0,0,0,0,0,0,0,0,0,0,0,0,0,0,0,0,0,0
4dd39f074d48f338f262e9627640fdf8,0,0,0,0,0,0,0,0,0,0,0,0,0,0,0,0,0,0,55,0,0,0,0
c8ce705fa6effb48b713588d86c74536,0,0,19,0,0,0,0,0,0,0,0,0,0,0,0,0,0,0,0,0,0,0,0
aebbe4a2ecd347fb753a50824a1788b5,0,0,0,0,0,78,0,0,0,0,0,0,0,0,0,0,0,0,0,0,0,0,0
e40479642b2ada203423908a22bf25e6,0,0,0,0,0,0,0,0,0,0,0,0,0,0,0,0,0,78,0,0,0,0,0
dbe93727a0c0e0b687053197cbd52415,0,0,0,0,0,0,0,0,0,0,0,0,0,0,0,0,0,0,0,78,0,0,0
ec51dada00589c85a9c137dac220dda8,0,0,77,0,0,0,0,0,0,0,0,0,0,0,0,0,0,0,0,0,0,0,0
d6b883a559173ee85ec10c2f5f83d7b4,0,0,0,0,0,0,0,0,0,0,0,0,0,0,23,0,0,0,0,0,0,0,0
df7cb927090f6789e5e43d371d6f0bc3,0,0,0,0,36,0,0,0,0,0,0,0,0,0,16,0,0,0,0,0,0,0,0
c205934e9c7f3f2306ae073a94fc3c7f,0,0,0,0,76,0,0,0,0,0,0,0,0,0,0,0,0,0,0,0,0,0,0
417b32bc3b1c7db9a5db0db173a8b266,0,0,0,0,0,0,76,0,0,0,0,0,0,0,0,0,0,0,0,0,0,0,0
5df6d289ba8b02e35941805565d5305a,0,0,0,0,0,0,0,0,0,0,0,0,0,0,76,0,0,0,0,0,0,0,0
f3efcbe5b4016443484e3d82ac30a738,0,0,0,0,0,0,0,0,0,0,0,0,0,0,0,0,0,0,0,0,42,0,0
949de128e9cbdfdd37ab5087ed8a920f,0,0,0,75,0,0,0,0,0,0,0,0,0,0,0,0,0,0,0,0,0,0,0
ee5cd48a710aa9e6bbb9252452fab3b5,0,0,0,0,0,0,0,0,0,0,0,0,0,0,0,0,0,0,0,23,0,0,0
e40ad621aaf01df26d79b19dad317c26,0,0,0,0,0,0,0,0,0,0,0,0,0,0,0,0,0,75,0,0,0,0,0
01213dae64e5a38cdef2ab6fc67f32ca,0,0,0,0,0,0,0,0,0,0,0,0,0,0,0,0,0,0,0,0,17,0,0
ed68f2d5d532b8d248976c7e17dc65b4,46,0,0,0,0,0,0,0,0,0,0,0,0,0,0,0,0,0,0,0,0,0,0
dddfb681dbb252550df5a7984af83587,0,0,0,0,0,0,0,0,0,0,0,0,0,20,0,0,0,0,0,0,0,0,0
95cfbb21291ea912cc1b5a67a968b6d4,0,0,0,0,0,0,0,0,0,0,0,0,0,0,0,0,0,0,0,0,0,4,0
3de3130339f9c3b59efcf9f0432681d3,0,0,0,0,72,0,0,0,0,0,0,0,0,0,0,0,0,0,0,0,0,0,0
a920ac8f7263f14fa2f7b1f98e4b1a3a,0,0,0,18,0,0,0,0,0,0,0,0,0,0,0,0,0,0,0,0,0,0,0
dd04203a7a1e7ccb55dcff6184f3b1d1,0,0,0,0,0,0,0,0,0,0,0,21,0,0,0,0,0,0,0,0,0,0,0
3a7323e2c96872848addf41a991723e0,0,0,0,0,0,0,0,0,0,0,0,0,0,0,0,0,0,0,0,0,0,0,12
0ef784db0b0e59d52a11906e02e4c304,0,0,0,0,0,0,0,0,0,0,0,0,0,0,0,10,0,0,0,0,0,0,0
9610414f323beb3f5227ecec7c498e36,0,0,0,0,0,0,0,0,0,0,0,0,0,0,0,0,0,0,0,68,0,0,0
4b5935363acba0bb22f4ee9c2ace1cd3,0,0,0,67,0,0,0,0,0,0,0,0,0,0,0,0,0,0,0,0,0,0,0
a7c9d370a3ae6440179a6293033dc056,0,0,56,0,0,0,0,0,0,0,0,0,0,0,0,0,0,0,0,0,0,0,0
e304150fc9ed62d930048332109fcb65,0,0,66,0,0,0,0,0,0,0,0,0,0,0,0,0,0,0,0,0,0,0,0
1839ecfae4f70e6c8445968ad3c8dba2,0,0,0,0,0,0,0,0,0,0,0,0,0,11,0,0,0,0,0,0,0,0,0
e7ff03e9863dd7e5f0d1c6edad401c2e,0,0,0,0,0,0,0,0,0,23,0,0,0,0,0,0,0,0,0,0,0,0,0
f4ca4abc186b5fc5523e4bb13146f8ae,0,0,0,0,0,0,0,0,0,0,0,0,0,0,0,0,0,0,0,0,66,0,0
1faace16cac505388cae37037be509bc,0,0,0,0,0,0,0,0,0,0,0,65,0,0,0,0,0,0,0,0,0,0,0
618aad4a2e33b7647c6714592123ff11,0,0,63,0,0,0,0,0,0,0,0,0,0,0,0,0,0,0,0,0,0,0,0
280139748d3dc7816a2465e78f13709d,0,0,63,0,0,0,0,0,0,0,0,0,0,0,0,0,0,0,0,0,0,0,0
f8cb86ec4ddeea9e73dc5d83168c01fd,0,0,63,0,0,0,0,0,0,0,0,0,0,0,0,0,0,0,0,0,0,0,0
8d9f00480946c09b2b8d23be20ac9b46,0,0,0,0,0,0,0,0,0,0,0,0,0,0,0,0,0,0,38,0,0,0,0
93a5f20ec4ece8180dc16def36a65d1c,0,0,0,0,0,0,0,0,0,0,0,0,0,0,0,0,0,37,0,0,0,0,0
c45fb4adc385f21bd356f41f3d9ac45a,0,0,0,0,0,0,0,0,0,0,0,0,0,0,0,0,0,0,0,62,0,0,0
4687e0f451789a5f5bc75562593270fc,0,0,0,0,0,61,0,0,0,0,0,0,0,0,0,0,0,0,0,0,0,0,0
2b7c80286bf7572f4b257f9843c5841c,0,0,0,0,0,0,0,0,0,0,0,0,0,33,0,0,0,0,0,0,0,0,0
8aeaa7afb12ce3c495e528bbe5eb5c51,0,0,0,0,0,0,0,0,0,0,0,0,61,0,0,0,0,0,0,0,0,0,0
1116bc2d10baa362aa68b1ff801dd1da,0,0,30,0,0,0,0,0,0,0,0,0,0,0,0,0,0,0,0,0,0,0,0
fd5b5a66a3125c8ca19c065c8a9d703f,0,0,0,60,0,0,0,0,0,0,0,0,0,0,0,0,0,0,0,0,0,0,0
27e61b1ac4255601b65b8424cc07fe2d,0,0,59,0,0,0,0,0,0,0,0,0,0,0,0,0,0,0,0,0,0,0,0
9e1c93f321b2c47fdb4b57076dc948a7,0,0,0,0,0,0,0,0,0,0,0,0,0,29,0,0,0,0,0,0,0,0,0
2642031546af6a661a60b205ce91a46e,0,0,58,0,0,0,0,0,0,0,0,0,0,0,0,0,0,0,0,0,0,0,0
6d1ef36a9938d2a8381e82b81f828ef0,0,0,0,58,0,0,0,0,0,0,0,0,0,0,0,0,0,0,0,0,0,0,0
88ba71e68fb597252758b1ebb8e79afb,0,0,57,0,0,0,0,0,0,0,0,0,0,0,0,0,0,0,0,0,0,0,0
f47ec2c5c1324861ca721ac6ff3db33a,0,0,0,0,0,57,0,0,0,0,0,0,0,0,0,0,0,0,0,0,0,0,0
f48f85cdf9818ae36a17ccdde8298b48,0,0,0,0,0,0,0,0,0,0,0,0,0,0,0,0,0,0,57,0,0,0,0
b3d7d4c9f2a0ac9980235ccf4df56f57,0,0,0,0,0,0,0,0,0,0,0,0,0,0,0,0,0,0,57,0,0,0,0
23c2f2d3587b98cd818b8de1bd9cb594,0,0,56,0,0,0,0,0,0,0,0,0,0,0,0,0,0,0,0,0,0,0,0
892a1a761dc7e55c78f27a7db4517e42,0,0,0,0,0,0,0,0,0,0,0,0,23,0,0,0,0,0,0,0,0,0,0
4e488b5648e32eb56bbd385ca7721821,0,0,0,0,0,0,0,0,0,0,0,0,0,0,0,0,0,56,0,0,0,0,0
89452a9ea801be6a57b90e746ac44565,0,0,0,0,0,0,0,0,0,0,0,0,0,0,0,0,0,56,0,0,0,0,0
53913de21638af9acf003eba1e1783d8,0,0,0,55,0,0,0,0,0,0,0,0,0,0,0,0,0,0,0,0,0,0,0
3783cab314228354174093e15ec7b21a,0,0,0,0,0,55,0,0,0,0,0,0,0,0,0,0,0,0,0,0,0,0,0
dea6be1f1758ee4a5b118b620768c648,0,0,0,0,0,0,0,0,0,0,0,0,0,0,0,0,24,0,0,0,0,0,0
50b59e32af336dac186746fb133b0f7a,0,0,0,0,0,0,0,0,0,0,0,0,0,0,0,0,0,55,0,0,0,0,0
cf34545d772051a0c70bde33f6a5e099,0,0,0,0,0,0,0,0,0,0,0,0,0,0,0,0,0,0,0,0,55,0,0
65445e00f55be4e203a95e584c4172c0,0,0,0,0,0,0,0,0,0,0,0,0,0,54,0,0,0,0,0,0,0,0,0
5c6ce7d29c78cb138f3eb337949cfd58,0,0,0,0,0,0,0,0,0,0,0,0,0,0,0,0,0,0,0,0,18,0,0
2e479a49a84b4b08d651540ebd8845f1,0,0,0,0,0,0,0,0,0,0,0,0,0,0,0,0,0,0,0,0,0,0,54
112f8027497cd0c03c02e0ae60b905eb,0,0,53,0,0,0,0,0,0,0,0,0,0,0,0,0,0,0,0,0,0,0,0
2bee616d8a1372a2869a7a54bb8caaf4,0,0,0,0,0,0,0,0,0,0,0,0,0,0,0,0,0,25,0,0,0,0,0
383a884383e0b5d8779e1613a8e155f2,0,0,0,0,0,0,0,0,0,0,53,0,0,0,0,0,0,0,0,0,0,0,0
23b27b4c4726e9222aad81c1bb7349c5,0,0,0,0,0,0,0,0,0,0,0,0,0,0,53,0,0,0,0,0,0,0,0
1ac953839acb505d81d43efe1b85f57f,0,0,0,0,0,0,0,0,0,0,0,0,0,0,0,0,0,0,0,53,0,0,0
a8c8911e89dd5279f177dcd0aa47e613,0,0,52,0,0,0,0,0,0,0,0,0,0,0,0,0,0,0,0,0,0,0,0
8eea79af9098332c5b2922651e30362c,0,0,0,0,0,0,0,0,0,0,0,0,0,0,0,0,0,52,0,0,0,0,0
a0d4d8258b6c860764bfeb8a356b1110,0,0,0,0,0,0,0,0,0,0,0,51,0,0,0,0,0,0,0,0,0,0,0
7f01868c7f5ab330f9bcfce76d794b22,0,0,0,0,0,0,0,0,0,0,0,0,0,0,0,51,0,0,0,0,0,0,0
b4cac7afff9ced1161ec7ceb31fc6baf,0,0,0,0,0,0,0,0,0,0,0,0,0,0,0,0,0,51,0,0,0,0,0
8c439728933bca4142f50cbacb250e71,0,0,0,0,0,0,0,0,0,0,0,0,0,0,0,0,0,0,51,0,0,0,0
a884c21fac8e6bad082b7af8bcc8e949,0,0,0,0,0,0,0,0,0,50,0,0,0,0,0,0,0,0,0,0,0,0,0
e98addf0b609d5bd64ac5a54a40b6ed2,0,0,0,0,0,0,0,0,0,0,0,0,0,0,0,0,0,0,49,0,0,0,0
3eada03b21d01fd74ef0bcb46489c7d0,0,0,0,0,0,0,0,0,0,0,0,0,0,0,0,0,0,0,0,0,49,0,0
295b9221e0577b3cefc63b3db98594fe,0,0,48,0,0,0,0,0,0,0,0,0,0,0,0,0,0,0,0,0,0,0,0
0687e22c7882f3cf82a4657c382edde0,0,0,0,0,0,0,0,0,0,0,0,0,0,0,0,0,0,0,0,48,0,0,0
37f095ac3a9f12da268b9803f5406732,0,0,0,0,0,0,0,0,0,0,0,0,0,0,0,0,0,0,0,48,0,0,0
920fc3a39d089bb486dad0d24b65e18d,0,0,0,16,0,0,0,0,0,0,0,0,0,0,0,0,0,0,0,0,0,0,0
cf1ddc82e0bca8cd8d146c22d9af23d1,0,0,0,0,19,0,0,0,0,0,0,0,0,0,0,0,0,0,0,0,0,0,0
9a8c5c1310991a39796aa04aeedb2d65,0,0,0,0,0,0,0,47,0,0,0,0,0,0,0,0,0,0,0,0,0,0,0
4afcc0b02a5611ac416eef54661f082a,0,0,0,0,0,0,0,0,0,0,0,0,0,0,0,0,0,0,0,0,11,0,0
53f005df0d1ed1b1cea137a91bf512a6,0,0,0,0,0,0,46,0,0,0,0,0,0,0,0,0,0,0,0,0,0,0,0
71ac8e43f26256ef8358f5a018db0ee0,0,0,0,0,0,0,0,0,0,0,0,0,46,0,0,0,0,0,0,0,0,0,0
c7bf8e861e77e94faaaeb113f5eeb870,0,0,0,0,0,0,0,0,0,0,0,0,0,0,0,0,0,46,0,0,0,0,0
96fc79110f4915520278141d1caaa744,0,0,0,0,0,0,0,0,0,0,0,0,0,0,0,0,0,0,46,0,0,0,0
2a98bf2f5279e5c72cb0b11032ea3e7e,0,0,0,0,0,0,0,0,0,0,0,0,0,0,0,0,0,0,0,0,46,0,0
aacfede24f3f371df69079c0b1dcc549,0,0,0,0,0,0,0,0,6,0,0,0,0,0,0,0,0,0,0,0,0,0,0
6055f2a37e463f51b58a0d3a38df812c,0,0,0,0,0,0,45,0,0,0,0,0,0,0,0,0,0,0,0,0,0,0,0
b36cfe8cdde54f02830f53eec54ece65,0,0,0,0,0,0,0,0,0,0,0,0,0,0,19,0,0,0,0,0,0,0,0
c8ba9ed955cc01d9727cf94e83afffc8,0,0,0,0,0,0,0,0,0,0,0,0,0,0,0,0,0,0,44,0,0,0,0
765a7aabd8490d3fd33d97905119e642,0,0,0,0,0,0,0,0,0,0,0,0,0,0,0,0,0,0,0,44,0,0,0
c05941a85239b56a0777d13fd5550ef5,0,0,34,0,0,0,0,0,0,0,0,0,0,0,0,0,0,0,0,0,0,0,0
e1a884d38a72c5e39225c985aa225ac8,0,0,0,0,0,43,0,0,0,0,0,0,0,0,0,0,0,0,0,0,0,0,0
e99b0315493c871bdd4b5c34ab41d3ca,0,0,0,0,0,0,0,0,0,0,0,0,0,43,0,0,0,0,0,0,0,0,0
e5c42b4ff3574dd0854d7375dc867a1b,0,0,0,0,0,0,0,0,0,0,0,0,0,0,0,0,0,43,0,0,0,0,0
ceec4891f64635d7e3ac103bdfcc825b,0,0,0,0,0,0,0,0,0,0,0,0,0,0,0,0,0,0,42,0,0,0,0
0419e8202f41aa970c842fda864b4087,0,0,0,0,0,0,0,0,0,0,0,0,0,0,0,0,0,0,42,0,0,0,0
a1c8b9cb50f83e566ae0a81ce4252834,0,0,0,0,0,0,0,0,0,0,0,0,0,0,0,0,0,0,0,42,0,0,0
febacef535b0ade155133c3b484459b1,0,0,41,0,0,0,0,0,0,0,0,0,0,0,0,0,0,0,0,0,0,0,0
b05c3edac52f20cfc61c89a15e968ab1,0,0,41,0,0,0,0,0,0,0,0,0,0,0,0,0,0,0,0,0,0,0,0
a8d5da50e4a176c4a33f8cabdb4d112d,0,0,0,0,0,0,0,0,0,0,0,0,37,0,0,0,0,0,0,0,0,0,4
3740a04fa6228555f4f5a6060c9fda0d,0,0,0,0,0,0,0,0,0,0,0,0,0,0,0,0,0,0,0,0,0,0,41
95d7df5a965b728b6eee2babf81103b4,0,0,40,0,0,0,0,0,0,0,0,0,0,0,0,0,0,0,0,0,0,0,0
3749ea381fc95ae58b7967f3ca97bd51,0,0,0,40,0,0,0,0,0,0,0,0,0,0,0,0,0,0,0,0,0,0,0
dcebc7b026848dd8084af0a57e9533bc,0,0,0,24,0,0,0,0,0,0,0,0,0,0,0,0,0,0,0,0,0,0,0
6cbdebaeaf7872d6d6f9001bf5a05616,0,0,0,0,0,0,0,0,0,19,0,0,0,0,0,0,0,0,0,0,0,0,0
1e8410f14817eb2a78e25a12a70c45ba,0,0,0,0,0,0,0,0,0,0,0,0,0,0,0,40,0,0,0,0,0,0,0
7f319253953957280b2ad41a3a457b2d,0,0,0,0,0,0,0,0,0,0,0,0,0,0,0,0,40,0,0,0,0,0,0
48b6ffb8e1eb69f7da6103adfba1e77a,0,0,0,0,0,0,0,0,0,0,0,0,0,0,0,0,0,40,0,0,0,0,0
dca7aa21bb47f5f2b6f89aaafe024c69,0,0,0,0,0,0,0,0,0,0,0,0,0,0,0,0,0,0,0,40,0,0,0
00d5ed60b71f5688b901191fe0400b45,0,0,0,0,0,0,0,0,0,0,0,0,0,0,0,0,0,0,0,0,0,0,40
df97e0135916930eb1b2caa99a2704f7,9,0,0,0,0,0,0,0,0,0,0,0,0,0,0,0,0,0,0,0,0,0,0
b0e6617a214260a59aae3db7b7c9865e,0,0,39,0,0,0,0,0,0,0,0,0,0,0,0,0,0,0,0,0,0,0,0
31bdd9f06492a46b442ca6dc3bac695f,0,0,39,0,0,0,0,0,0,0,0,0,0,0,0,0,0,0,0,0,0,0,0
881ba9b81a334948b134d617945f106b,0,0,11,0,0,0,0,0,0,0,0,0,0,0,0,0,0,0,0,0,0,0,0
f90b72bf8427e5dfb24b69018442ba29,0,0,0,17,0,0,0,0,0,0,0,0,0,0,0,0,0,0,0,0,0,0,0
bf307f71ea14a49fd4273b83f8d4d668,0,0,0,0,0,20,0,0,0,0,0,0,0,0,0,0,0,0,0,0,0,0,0
4380560bc73da9940ae66a60b56fbfb0,0,0,0,0,0,0,0,0,0,0,0,10,0,0,0,0,0,0,0,0,0,0,0
45996a440f486b4efb093424ee67ef95,0,0,0,0,0,0,0,0,0,39,0,0,0,0,0,0,0,0,0,0,0,0,0
23e5cd89b922e55c4e622add8a43bd6a,0,0,0,0,0,0,0,0,0,39,0,0,0,0,0,0,0,0,0,0,0,0,0
36b67321242df1bdb6e6fd140f011f7b,0,0,0,0,0,0,0,0,0,0,0,0,0,0,0,0,0,39,0,0,0,0,0
2928b2896bf133d73af03184fadfda55,0,0,0,0,0,0,0,0,0,0,0,0,0,0,0,0,0,0,39,0,0,0,0
3442ca0a4c5500205dbb5b5862389f46,0,0,0,0,0,0,0,0,0,0,0,0,0,0,0,0,0,0,39,0,0,0,0
b389c63249476b2ea6b70a52967829b8,38,0,0,0,0,0,0,0,0,0,0,0,0,0,0,0,0,0,0,0,0,0,0
9972ffad0e73a538dbaafdcff71a3582,0,0,38,0,0,0,0,0,0,0,0,0,0,0,0,0,0,0,0,0,0,0,0
2254133b119f0d4f2c238076ae4b16a8,0,0,0,0,0,0,0,0,0,0,0,0,0,0,10,0,0,0,0,0,0,0,0
ed8191f93896f358febd2a0e796c51ea,0,0,0,0,0,0,0,0,0,0,13,0,0,0,0,0,0,0,0,0,0,0,0
3f0f79fb268d39b96a57c430905fd706,0,0,0,0,0,38,0,0,0,0,0,0,0,0,0,0,0,0,0,0,0,0,0
ca0deb94201bd062bb0d868dfe1b3a62,0,0,0,0,0,0,0,0,0,38,0,0,0,0,0,0,0,0,0,0,0,0,0
0566b73500813ad49f24789292ec40b8,0,0,0,0,0,0,0,0,0,0,0,0,0,0,0,0,38,0,0,0,0,0,0
51e33531e99ed9323e2ad16ef307305c,0,0,0,0,0,0,0,0,0,0,0,0,0,0,0,0,0,38,0,0,0,0,0
7441e3cb7f3d69124e426bb9564c3ebd,0,0,37,0,0,0,0,0,0,0,0,0,0,0,0,0,0,0,0,0,0,0,0
4e54d844af318fa7ef66973a4b9ee441,0,0,0,37,0,0,0,0,0,0,0,0,0,0,0,0,0,0,0,0,0,0,0
d268f5f586a84c3a1472585bcf87c9a8,0,0,0,0,0,37,0,0,0,0,0,0,0,0,0,0,0,0,0,0,0,0,0
9c56567fd91b3c193487aa8466d938c1,0,0,0,0,0,0,0,37,0,0,0,0,0,0,0,0,0,0,0,0,0,0,0
a2dcc41a74125bd8f0819524b06572be,0,0,0,0,0,0,0,0,0,0,0,37,0,0,0,0,0,0,0,0,0,0,0
98234dd27260b563b17931bc9f69afc5,0,0,0,0,0,0,0,0,0,0,0,0,0,0,0,0,0,37,0,0,0,0,0
70432f76f71299d753f3d9678991ff3c,0,0,0,0,0,0,36,0,0,0,0,0,0,0,0,0,0,0,0,0,0,0,0
3570b897c0f29a1d176ea3603c6811f6,0,0,0,0,0,0,0,0,0,36,0,0,0,0,0,0,0,0,0,0,0,0,0
07516eccc4f2f1648f83c39b84a35855,0,0,0,0,0,0,0,0,0,0,0,0,0,0,36,0,0,0,0,0,0,0,0
4d3554f988e4798929f8b7dcfeb73ad0,0,0,0,0,0,0,0,0,0,0,0,0,0,0,22,0,0,0,0,0,0,0,0
8e979d6c212eb3800220ab0e3fcdfa1b,0,0,0,0,0,0,0,0,0,0,0,0,0,0,36,0,0,0,0,0,0,0,0
04143cf6e815d2ea211547cb1c9d8ba5,0,0,0,0,0,0,0,0,0,0,0,0,0,0,0,0,0,0,27,0,9,0,0
5c151a86dfcb661a4d936789009bec11,0,0,0,0,0,0,0,0,0,0,0,0,0,35,0,0,0,0,0,0,0,0,0
848ddcd7b0e12744f4f95b2381a473cb,0,0,0,0,0,0,0,0,0,0,0,0,0,0,0,0,35,0,0,0,0,0,0
3b6cd8e167a6e874c47e2fb2cf80bd78,0,0,0,0,0,0,0,0,0,0,0,0,0,0,0,0,0,35,0,0,0,0,0
bf962b4263ff1474e935810d82b791e1,0,0,0,0,0,0,0,0,0,0,0,0,0,0,0,0,0,0,35,0,0,0,0
72e6cf57433137d616e57ccda3b22814,0,0,34,0,0,0,0,0,0,0,0,0,0,0,0,0,0,0,0,0,0,0,0
6bbc03d8cdadcb51164df9ca95eeaa15,0,0,0,34,0,0,0,0,0,0,0,0,0,0,0,0,0,0,0,0,0,0,0
baf23d7ca2b0e739618c93e061e8b738,0,0,0,0,22,0,0,0,0,0,0,0,0,0,0,0,0,0,0,0,0,0,0
2fba681d3dc23ff2197047a23cb410e0,0,0,0,0,0,0,0,0,0,34,0,0,0,0,0,0,0,0,0,0,0,0,0
ea232f421ebfb6613854b4d3f0696e11,0,0,0,0,0,0,0,0,0,0,0,0,34,0,0,0,0,0,0,0,0,0,0
40aa7514e6817bb1ebc104c759d594a4,0,0,0,0,0,0,0,0,0,0,0,0,0,0,0,0,0,0,0,0,0,34,0
54f106df77ed06d1352b31a36125e768,0,0,0,33,0,0,0,0,0,0,0,0,0,0,0,0,0,0,0,0,0,0,0
fb007267d18fe7705e144fe92e0c91fa,0,0,0,33,0,0,0,0,0,0,0,0,0,0,0,0,0,0,0,0,0,0,0
f0f83db5d54777707aa3cd96ec9bce67,0,0,0,0,0,0,0,0,0,33,0,0,0,0,0,0,0,0,0,0,0,0,0
bc39f5bffad38eab561f3e46905ff915,0,0,0,0,0,0,0,0,0,0,0,0,33,0,0,0,0,0,0,0,0,0,0
c1150af377ef71baa796f3ba1f1ecdb9,0,0,0,0,0,0,0,0,0,0,0,0,0,0,0,33,0,0,0,0,0,0,0
976074cf95b9a9fa67dd0293e89db780,0,0,0,0,0,0,0,0,0,0,0,0,0,0,0,33,0,0,0,0,0,0,0
2c168745a8f0e643bd3a3b5cc25d454b,0,0,0,0,0,0,0,0,0,0,0,0,0,0,0,0,0,0,33,0,0,0,0
934573d6b03aabf66c41c0907172992d,0,0,0,0,0,0,0,0,0,0,0,0,0,0,0,0,0,0,0,33,0,0,0
3f39946d992dbf2fe9b431d26fd7cfe4,0,0,32,0,0,0,0,0,0,0,0,0,0,0,0,0,0,0,0,0,0,0,0
33c36551c83e3363c45469d5336bf647,0,0,0,32,0,0,0,0,0,0,0,0,0,0,0,0,0,0,0,0,0,0,0
a1970b7b8459266715dcc2d1b36fa703,0,0,0,0,0,0,0,0,0,0,0,0,0,0,0,32,0,0,0,0,0,0,0
ec428d48e0a5637993537780d4c228ae,0,0,0,0,0,0,0,0,0,0,0,0,0,0,0,0,0,32,0,0,0,0,0
eacb162669bb4b18958e4417c4d11708,0,0,0,0,0,0,0,0,0,0,0,0,0,0,0,0,0,32,0,0,0,0,0
9f0e4217eb326311abf380c43469dd49,0,0,0,0,0,0,0,0,0,0,0,0,0,0,0,0,0,0,32,0,0,0,0
a79245162cfb3a9661853e909d3e44d6,0,0,0,0,0,0,0,0,0,0,0,0,0,0,0,0,0,0,0,32,0,0,0
fc6f5e1dca51c89fd7a7880761140940,0,0,0,0,0,0,0,0,0,0,0,0,0,0,0,0,0,0,0,0,32,0,0
d265041f27073b0174b4fcd04a35d827,0,0,31,0,0,0,0,0,0,0,0,0,0,0,0,0,0,0,0,0,0,0,0
e4c9d481fa851375c01d0f41173def12,0,0,0,31,0,0,0,0,0,0,0,0,0,0,0,0,0,0,0,0,0,0,0
9fb86430bc2a87f41f4ebf61759d4fb6,0,0,0,31,0,0,0,0,0,0,0,0,0,0,0,0,0,0,0,0,0,0,0
5920057375fc2fc490091a4f2fd94e50,0,0,0,0,0,0,0,0,0,31,0,0,0,0,0,0,0,0,0,0,0,0,0
5fb5ecc9e9145b8a29d67f554f304b0f,0,0,0,0,0,0,0,0,0,0,31,0,0,0,0,0,0,0,0,0,0,0,0
23d6f6918bd7ba6eee3987f1af59afd1,0,0,0,0,0,0,0,0,0,0,0,0,0,0,0,31,0,0,0,0,0,0,0
a2dbf711b0a93e4fd46cd2c93db4f9cf,0,0,0,0,0,0,0,0,0,0,0,0,0,0,0,0,0,31,0,0,0,0,0
04bd1832f46ccd8a3266bad53d91364d,0,0,0,0,0,0,0,0,0,0,0,0,0,0,0,0,0,0,31,0,0,0,0
0bbcea8517c1e3c2d17511d46cee4b6c,0,0,0,0,0,0,0,0,0,0,0,0,0,0,0,0,0,0,31,0,0,0,0
0ea9a748ade5e8fd6c35d54625a197b7,0,0,0,0,0,0,0,0,0,0,0,0,0,0,0,0,0,0,0,0,31,0,0
f9656a8b3cf7882a45456b567782fbdf,0,0,0,30,0,0,0,0,0,0,0,0,0,0,0,0,0,0,0,0,0,0,0
480a04bf196a73adcbba13723d06746e,0,0,0,0,0,30,0,0,0,0,0,0,0,0,0,0,0,0,0,0,0,0,0
3dd20e852b903a600cf2f7defac44e9e,0,0,0,0,0,0,0,0,0,19,0,0,0,0,0,0,0,0,0,0,0,0,0
a64f13a4bfa4d0c12ab2559fd653e930,0,0,0,0,0,29,0,0,0,0,0,0,0,0,0,0,0,0,0,0,0,0,0
f7c098529a34654ba380967022929a34,0,0,0,0,0,29,0,0,0,0,0,0,0,0,0,0,0,0,0,0,0,0,0
5aa8e8ecb32b69aa514f9655f04bef2e,0,0,0,0,0,0,0,0,0,0,0,0,0,0,0,0,0,29,0,0,0,0,0
dabc69c518060bec65917dac66f4452b,0,0,0,0,0,0,0,0,0,0,0,0,0,0,0,0,0,0,29,0,0,0,0
160cd307daa1de27640565d6c300f8d6,0,0,0,0,0,0,0,0,0,0,0,0,0,0,0,0,0,0,29,0,0,0,0
c5869a4fa472db06574e1d9816704b1c,0,0,0,0,0,0,0,0,0,0,0,0,0,0,0,0,0,0,0,0,29,0,0
0ec547fc558e3bf4d756ab3bab267b27,0,0,28,0,0,0,0,0,0,0,0,0,0,0,0,0,0,0,0,0,0,0,0
7810cd4f3f0032bdcee0b2c718bd4891,0,0,0,0,0,0,0,0,12,0,0,0,0,0,0,0,0,0,0,0,0,0,0
f45a422d6f768b7f13e1057140d66a3c,0,0,0,28,0,0,0,0,0,0,0,0,0,0,0,0,0,0,0,0,0,0,0
67375d0c8c3c600938d5c036d74a95bb,0,0,0,28,0,0,0,0,0,0,0,0,0,0,0,0,0,0,0,0,0,0,0
ba42d5990a9876a4622e355dad9ead44,0,0,0,28,0,0,0,0,0,0,0,0,0,0,0,0,0,0,0,0,0,0,0
e24a29eb3611b15f2b31d712bc998247,0,0,0,0,0,0,0,0,0,28,0,0,0,0,0,0,0,0,0,0,0,0,0
5c9d75a625f0c849d875ca27e48f2e4e,0,0,0,0,0,0,0,0,0,28,0,0,0,0,0,0,0,0,0,0,0,0,0
f46019c86f6e4ba47ef8cf65d699c113,0,0,0,0,0,0,0,0,0,0,0,28,0,0,0,0,0,0,0,0,0,0,0
ed41669a0f5fbd9ccf1632157e801406,0,0,0,0,0,0,0,0,0,0,0,28,0,0,0,0,0,0,0,0,0,0,0
e6d24db227a3c86f4dd54c0a67b7fd3f,0,0,0,0,0,0,0,0,0,0,0,0,0,0,0,28,0,0,0,0,0,0,0
2e7778ce8fa9f54462a8ab0a393d6870,0,0,0,0,0,0,0,0,0,0,0,0,0,0,0,0,0,0,28,0,0,0,0
46272bc933a9243dcb3faf126e305cf8,0,0,0,0,0,0,0,0,0,0,0,0,0,0,0,0,0,0,0,0,28,0,0
d745ee1298faff693eeb35c97a7eb56d,0,0,0,0,0,0,0,0,0,0,0,0,0,0,0,0,0,0,0,0,28,0,0
09e6c4475811e8d6f2d7b2e7d787fb53,0,0,0,27,0,0,0,0,0,0,0,0,0,0,0,0,0,0,0,0,0,0,0
fd07a1db969deeaf88938f63a29ca8f7,0,0,0,0,0,27,0,0,0,0,0,0,0,0,0,0,0,0,0,0,0,0,0
d6460be8ff53b806ec3b1ab7edc1a1d6,0,0,0,0,0,0,0,0,0,0,0,0,0,0,0,0,0,0,27,0,0,0,0
2d848d4044a2c1d44275b6b97d73c21e,0,0,0,0,0,0,0,0,0,0,0,0,0,0,0,0,0,0,0,0,27,0,0
e0f4361537bac621d1b36b7cf3bf80f4,0,0,0,0,0,0,0,0,0,0,0,0,0,0,0,0,0,0,0,0,27,0,0
897e89d3f7c7bb041a854523de113e30,26,0,0,0,0,0,0,0,0,0,0,0,0,0,0,0,0,0,0,0,0,0,0
6e54f1b6018eebba779b8054313152f2,0,0,26,0,0,0,0,0,0,0,0,0,0,0,0,0,0,0,0,0,0,0,0
350af5fb51c92f251baf028c5253e6f5,0,0,0,26,0,0,0,0,0,0,0,0,0,0,0,0,0,0,0,0,0,0,0
9ce1a5be9afea720436ba90bd70a766d,0,0,0,0,26,0,0,0,0,0,0,0,0,0,0,0,0,0,0,0,0,0,0
1413dfa0b2f6385feec6e7e3de039526,0,0,0,0,0,0,0,0,0,26,0,0,0,0,0,0,0,0,0,0,0,0,0
91ac5373f31eb97a56621fc203728866,0,0,0,0,0,0,0,0,0,0,0,0,0,0,26,0,0,0,0,0,0,0,0
3f647553ed13095e9f615f3790c48f0b,0,0,0,0,0,0,0,0,0,0,0,0,0,0,26,0,0,0,0,0,0,0,0
5ba5861ef663f1da1fdec7ba9750bbc5,0,0,0,0,0,0,0,0,0,0,0,0,0,0,0,26,0,0,0,0,0,0,0
789ee3d87ae732b47f1f081b87e6bb96,0,0,0,0,0,0,0,0,0,0,0,0,0,0,0,26,0,0,0,0,0,0,0
5a5ec3947c37194ad414080b97c91a46,0,0,0,0,0,0,0,0,0,0,0,0,0,0,0,0,0,0,26,0,0,0,0
73de728342072873f5bc426d13abe096,25,0,0,0,0,0,0,0,0,0,0,0,0,0,0,0,0,0,0,0,0,0,0
7b87c4fbc3a9651ae4c10f3b17855f7b,0,0,25,0,0,0,0,0,0,0,0,0,0,0,0,0,0,0,0,0,0,0,0
f4da6f783d3e76c50177b98bd260a3ba,0,0,25,0,0,0,0,0,0,0,0,0,0,0,0,0,0,0,0,0,0,0,0
0a3d38b093332cadf4199b90c265caed,0,0,0,0,0,0,0,0,0,0,0,0,0,0,0,0,0,0,0,25,0,0,0
38586405e0b5fd5e8da8b3ffb619f481,0,0,24,0,0,0,0,0,0,0,0,0,0,0,0,0,0,0,0,0,0,0,0
b1cc7b95f3aea93bfc001ffce73942bb,0,0,24,0,0,0,0,0,0,0,0,0,0,0,0,0,0,0,0,0,0,0,0
afd366f75d7af1335c91e887b76c90aa,0,0,0,24,0,0,0,0,0,0,0,0,0,0,0,0,0,0,0,0,0,0,0
958a6b7a3083543409f6ba4b84bbecb7,0,0,0,0,0,0,0,0,0,24,0,0,0,0,0,0,0,0,0,0,0,0,0
22c18803ac77dd476a9bf5aef09e8f83,0,0,0,0,0,0,0,0,0,0,0,24,0,0,0,0,0,0,0,0,0,0,0
bdeb805f5d3a1cd7bec3c4e5b0029624,0,0,0,0,0,0,0,0,0,0,0,24,0,0,0,0,0,0,0,0,0,0,0
c02c6139b65334a35ef113d22f236c81,0,0,0,0,0,0,0,0,0,0,0,0,0,0,24,0,0,0,0,0,0,0,0
673906af83e8b37284adb656f3380dc8,0,0,0,0,0,0,0,0,0,0,0,0,0,0,0,0,24,0,0,0,0,0,0
b9b87a7d40ce5ef6e44d1c54fb1ad5bc,0,0,0,0,0,0,0,0,0,0,0,0,0,0,0,0,0,24,0,0,0,0,0
1f4aca39ff0ff4b16eeb8a2c8186f71b,0,0,0,0,0,0,0,0,0,0,0,0,0,0,0,0,0,0,0,0,0,0,24
301e3de27e9bc71c4eb83605bab08f56,0,0,0,0,0,0,0,0,0,0,0,0,0,0,0,0,0,0,9,0,0,0,0
e54b4da4c5caf0afe7675e7b9c0b2378,0,0,0,0,0,0,23,0,0,0,0,0,0,0,0,0,0,0,0,0,0,0,0
a3b175f0c88bc4d497e239a5f9083167,0,0,0,0,0,0,0,0,0,23,0,0,0,0,0,0,0,0,0,0,0,0,0
9f08e745ed8a907354651e8fbb9fcf84,0,0,0,0,0,0,0,0,0,0,0,0,0,23,0,0,0,0,0,0,0,0,0
02a7f8d791373fd556f91bd47e7cbf09,0,0,0,0,0,0,0,0,0,0,0,0,0,0,0,0,23,0,0,0,0,0,0
f0cc51805278a2c6fa264bfee7891ed0,0,0,0,0,0,0,0,0,0,0,0,0,0,0,0,0,0,23,0,0,0,0,0
16080b2948bed209a3e85d0d64dd241b,0,0,0,0,0,0,0,0,0,0,0,0,0,0,0,0,0,0,23,0,0,0,0
ebde9c587bff7f965aac48486e9d905d,0,0,0,0,0,0,0,0,0,0,0,0,0,0,0,0,0,0,0,0,23,0,0
14d29be86ffb41acf9a26671164aaf53,0,0,0,22,0,0,0,0,0,0,0,0,0,0,0,0,0,0,0,0,0,0,0
71d09aa58057aa0120103e9eb592a9d6,0,0,0,0,0,0,0,0,0,0,0,0,0,0,22,0,0,0,0,0,0,0,0
c5a8027319cd469c1959416d563d1784,0,0,0,0,0,0,0,0,0,0,0,0,0,0,22,0,0,0,0,0,0,0,0
da5c0fe278240b1530601e6be0494f44,0,0,0,0,0,0,0,0,0,0,0,0,0,0,0,22,0,0,0,0,0,0,0
fe73a73070de6fa904165c40639b3fcf,0,0,0,0,0,0,0,0,0,0,0,0,0,0,0,0,22,0,0,0,0,0,0
e66e4d4296e39e861d594d08dca85c58,0,0,0,0,0,0,0,0,0,0,0,0,0,0,0,0,22,0,0,0,0,0,0
a9497b3900eccfd964cba4b652d404ae,0,0,0,0,0,0,0,0,0,0,0,0,0,0,0,0,0,22,0,0,0,0,0
ec43912fa84ab284cd8fd5326111f5b9,0,0,0,0,0,0,0,0,0,0,0,0,0,0,0,0,0,0,22,0,0,0,0
7fc2c6a24897d350c8b967fdab3963d5,0,0,0,0,0,0,0,0,0,0,0,0,0,0,0,0,0,0,0,0,22,0,0
ea24640205df93caa2be4f0bf562c0f7,21,0,0,0,0,0,0,0,0,0,0,0,0,0,0,0,0,0,0,0,0,0,0
b0f0696cf64e555a880e54b2c9f789e4,21,0,0,0,0,0,0,0,0,0,0,0,0,0,0,0,0,0,0,0,0,0,0
ab70107e415063f0b9d467c571a08d76,0,0,0,0,21,0,0,0,0,0,0,0,0,0,0,0,0,0,0,0,0,0,0
cd555d2f582464a0705406f1066b0dd0,0,0,0,0,0,0,0,0,0,21,0,0,0,0,0,0,0,0,0,0,0,0,0
ef6ad85fc84b2ea77ab45b0a10e4bbb7,0,0,0,0,0,0,0,0,0,0,0,0,0,0,0,21,0,0,0,0,0,0,0
1971c0d90794088f49d126bcfe91612e,0,0,0,0,0,0,0,0,0,0,0,0,0,0,0,0,21,0,0,0,0,0,0
32323cc2d9e48bc6e8fc91df199b1970,0,0,0,0,0,0,0,0,0,0,0,0,0,0,0,0,0,0,0,0,0,0,21
c1038d083a8950eddd763cede353ea65,20,0,0,0,0,0,0,0,0,0,0,0,0,0,0,0,0,0,0,0,0,0,0
023b4f1036ba33254e9dedc42894aaba,0,0,20,0,0,0,0,0,0,0,0,0,0,0,0,0,0,0,0,0,0,0,0
b413553beb2be3b1d7e7c5bdcad19e96,0,0,0,20,0,0,0,0,0,0,0,0,0,0,0,0,0,0,0,0,0,0,0
a6c40deb1b844dd9579a036530e58590,0,0,0,0,0,0,0,20,0,0,0,0,0,0,0,0,0,0,0,0,0,0,0
0f601c145604956d4ff2c08aa0d719f4,0,0,0,0,0,0,0,0,0,0,0,20,0,0,0,0,0,0,0,0,0,0,0
b90db8b98133a6ef9db09b1353bc9a22,0,0,0,0,0,0,0,0,0,0,0,0,0,0,0,0,0,0,0,20,0,0,0
0da8923348e0b62852d222fbb052c2cd,0,0,0,0,0,0,0,0,0,0,0,0,0,0,0,0,0,0,0,20,0,0,0
842f7fbc8bca33f2ef91baa2d0f0bd22,0,0,0,0,0,0,0,0,0,0,0,0,0,0,0,0,0,0,0,0,20,0,0
980a69844f7b75207bd55484e9a50429,0,0,19,0,0,0,0,0,0,0,0,0,0,0,0,0,0,0,0,0,0,0,0
ef0429f23b65900a4923f8428ddb0c6f,0,0,0,19,0,0,0,0,0,0,0,0,0,0,0,0,0,0,0,0,0,0,0
2f781ff2d20fb94b15e7806a094a3d5c,0,0,0,0,0,0,0,0,0,0,0,19,0,0,0,0,0,0,0,0,0,0,0
1abde2b9556aa3497aa61f0e7c10411b,0,0,0,0,0,0,0,0,0,0,0,0,0,0,0,0,19,0,0,0,0,0,0
48511f8f924049e0922d3c7dd8bac34a,0,0,0,0,0,0,0,0,0,0,0,0,0,0,0,0,0,19,0,0,0,0,0
669679acb1c63b7fea94e8c57bde276b,0,18,0,0,0,0,0,0,0,0,0,0,0,0,0,0,0,0,0,0,0,0,0
03b22b6cc668f0a067050560d1eefaea,0,0,0,18,0,0,0,0,0,0,0,0,0,0,0,0,0,0,0,0,0,0,0
f2f4a36b8d6078fc309260d68522758e,0,0,0,0,18,0,0,0,0,0,0,0,0,0,0,0,0,0,0,0,0,0,0
b3d91c15c9723caf83d68c1a5093587b,0,0,0,0,0,0,0,0,0,0,18,0,0,0,0,0,0,0,0,0,0,0,0
a3ff4c7d004f95c41bdf8c4acaf7e18c,0,0,0,0,0,0,0,0,0,0,0,0,0,0,0,0,0,18,0,0,0,0,0
bf2c319e3acdcc1cd546b08df995d3cc,0,0,0,0,0,0,0,0,0,0,0,0,0,0,0,0,0,18,0,0,0,0,0
512acd5acc00124c8edc7e5acc763c8f,17,0,0,0,0,0,0,0,0,0,0,0,0,0,0,0,0,0,0,0,0,0,0
dd8b49059f8957c1d2f242e944bd00e8,0,0,17,0,0,0,0,0,0,0,0,0,0,0,0,0,0,0,0,0,0,0,0
61e074964f703816ea12fc73f0d85c18,0,0,0,17,0,0,0,0,0,0,0,0,0,0,0,0,0,0,0,0,0,0,0
bfcbe5b95b1ff9ee27bfc0d21edb99c6,0,0,0,0,0,0,0,0,0,17,0,0,0,0,0,0,0,0,0,0,0,0,0
4ef2f4447e0878771485031b74436e07,0,0,0,0,0,0,0,0,0,0,0,0,17,0,0,0,0,0,0,0,0,0,0
1875057a7fac8cf75f70980ee40ff7ef,0,0,0,0,0,0,0,0,0,0,0,0,0,0,0,17,0,0,0,0,0,0,0
0fc5fb6f5f7be9572e1e5c2559f1f567,0,0,0,0,0,0,0,0,0,0,0,0,0,0,0,0,0,0,0,0,17,0,0
f71dd57a5034daf61ece71b3502683f0,0,0,16,0,0,0,0,0,0,0,0,0,0,0,0,0,0,0,0,0,0,0,0
13b200e23d31976333e7e048c325e3a1,0,0,16,0,0,0,0,0,0,0,0,0,0,0,0,0,0,0,0,0,0,0,0
6bdb0d0cfae1dc6c2051430ee99bc791,0,0,0,0,16,0,0,0,0,0,0,0,0,0,0,0,0,0,0,0,0,0,0
1f5af4551c7165a9c0695b8eaa29e321,0,0,0,0,0,0,0,0,0,0,0,16,0,0,0,0,0,0,0,0,0,0,0
8e33e688c0e0996ad447e418ba495169,0,0,0,0,0,0,0,0,0,0,0,16,0,0,0,0,0,0,0,0,0,0,0
720364f1c6de749c702aa29394901075,0,0,0,0,0,0,0,0,0,0,0,0,0,16,0,0,0,0,0,0,0,0,0
a8ea749b80053abf97e05538850a2f8b,0,0,0,0,0,0,0,0,0,0,0,0,0,0,16,0,0,0,0,0,0,0,0
fe78ffffa782a66bed81f13eda7bd1e4,0,0,0,0,0,0,0,0,0,0,0,0,0,0,0,0,0,16,0,0,0,0,0
a5361785ca0030564c1e751dae6121c2,0,0,0,0,0,0,0,0,0,0,0,0,0,0,0,0,0,0,0,0,16,0,0
ba2bf4ff92eca7a9295c8c45636c6ac7,0,0,0,15,0,0,0,0,0,0,0,0,0,0,0,0,0,0,0,0,0,0,0
2e0037f415a95885c2742114a1e8956e,0,0,0,15,0,0,0,0,0,0,0,0,0,0,0,0,0,0,0,0,0,0,0
1f5b6e0cd9ae7a09124f6cbadbd71db1,0,0,0,0,0,15,0,0,0,0,0,0,0,0,0,0,0,0,0,0,0,0,0
f4ee2c9954ff5e78b8a4d7b71e6b19ac,0,0,0,0,0,0,15,0,0,0,0,0,0,0,0,0,0,0,0,0,0,0,0
c85a94b66e6854cbc52547cebfb1398d,0,0,0,0,0,0,0,0,0,0,0,0,0,0,0,0,15,0,0,0,0,0,0
41427787b38c59542cdb88df1999a841,0,0,0,0,0,0,0,0,0,0,0,0,0,0,0,0,15,0,0,0,0,0,0
1200adb548367717a7a7d5abdcf8dd67,0,0,0,0,0,0,0,0,0,0,0,0,0,0,0,0,0,0,0,0,0,0,15
ee98c88fc47685cff56ae5c14db53aa1,0,0,0,0,0,0,0,0,0,0,0,0,0,0,0,0,0,0,0,0,0,0,15
e1f2a16bd375aa50ea4468966fabf749,14,0,0,0,0,0,0,0,0,0,0,0,0,0,0,0,0,0,0,0,0,0,0
9ccd06ab7656f5a954ce611853123578,0,0,14,0,0,0,0,0,0,0,0,0,0,0,0,0,0,0,0,0,0,0,0
8bb47429636e3ccec60a7ab822abd399,0,0,0,14,0,0,0,0,0,0,0,0,0,0,0,0,0,0,0,0,0,0,0
e619709721de45f78ada7932dbf14259,0,0,0,0,0,0,0,0,0,14,0,0,0,0,0,0,0,0,0,0,0,0,0
6162b808fc8530ffc46e5032338e9c1a,0,0,0,0,0,0,0,0,0,0,14,0,0,0,0,0,0,0,0,0,0,0,0
ef0e54aaebeb87123b2de5fa47b5daaf,0,0,0,0,0,0,0,0,0,0,0,14,0,0,0,0,0,0,0,0,0,0,0
bafa21ac13b5677dd592aa3605cf02bb,0,0,0,0,0,0,0,0,0,0,0,0,0,14,0,0,0,0,0,0,0,0,0
dc8153acf00585516ab8921c1666e39f,0,0,0,0,0,0,0,0,0,0,0,0,0,14,0,0,0,0,0,0,0,0,0
f0cf5b9702443795741172e3f215586a,0,0,0,0,0,0,0,0,0,0,0,0,0,0,0,0,0,0,0,0,0,0,6
997be30f1d44a070f795831671435d63,0,0,0,0,0,0,0,0,0,0,0,0,0,0,0,0,0,14,0,0,0,0,0
3df531f6c16ce6cc27383478a8fb0cbd,0,0,0,0,0,0,0,0,0,0,0,0,0,0,0,0,0,0,0,14,0,0,0
92f918994d08ab0a61baaf4e69904d36,13,0,0,0,0,0,0,0,0,0,0,0,0,0,0,0,0,0,0,0,0,0,0
a2235b0379e591d95cb407f6f09397c2,0,0,0,0,0,13,0,0,0,0,0,0,0,0,0,0,0,0,0,0,0,0,0
000cfc056903e1b51dc6f47f8241c8fe,0,0,0,0,0,0,13,0,0,0,0,0,0,0,0,0,0,0,0,0,0,0,0
700d6b8d43e088bb9b0a5ec33fcf6746,0,0,0,0,0,0,0,0,0,0,0,0,0,0,13,0,0,0,0,0,0,0,0
656cbab89bb7d96282d426cd30c2a4e3,0,0,0,0,0,0,0,0,0,0,0,0,0,0,0,0,13,0,0,0,0,0,0
9afe73147829c1132f653abcd40911d2,0,0,0,0,0,0,0,0,0,0,0,0,0,0,0,0,13,0,0,0,0,0,0
780c9ca75d289eb216248c2c4b8d5ebc,0,0,0,0,0,0,0,0,0,0,0,0,0,0,0,0,0,0,0,13,0,0,0
83123eb27b5bd50fa419f4c19dd36b64,0,0,0,12,0,0,0,0,0,0,0,0,0,0,0,0,0,0,0,0,0,0,0
00c3588a4273eb254d273ebf1c4d0b0d,0,0,0,12,0,0,0,0,0,0,0,0,0,0,0,0,0,0,0,0,0,0,0
9e02166c4b60293c2da2815889a23127,0,0,0,0,0,12,0,0,0,0,0,0,0,0,0,0,0,0,0,0,0,0,0
d78024e6f165644f6bfe7f44acc6664d,0,0,0,0,0,12,0,0,0,0,0,0,0,0,0,0,0,0,0,0,0,0,0
bf2773f78e6c1e5aee10d50e83aa21b0,0,0,0,0,0,12,0,0,0,0,0,0,0,0,0,0,0,0,0,0,0,0,0
7e8eef264d02fc3a54e92429734b285d,0,0,0,0,0,0,0,0,0,12,0,0,0,0,0,0,0,0,0,0,0,0,0
a0b48f50473c7f0c96f3fc84292dd52f,0,0,0,0,0,0,0,0,0,12,0,0,0,0,0,0,0,0,0,0,0,0,0
6cf5b32f6d957cad8a86337b08fe3480,0,0,0,0,0,0,0,0,0,0,0,12,0,0,0,0,0,0,0,0,0,0,0
beb83a575c14fd654ec0330fff9a2dea,0,0,0,0,0,0,0,0,0,0,0,0,0,0,0,12,0,0,0,0,0,0,0
0df22ef3ac2c2ab42bf4875c118dcb60,0,0,0,0,0,0,0,0,0,0,0,0,0,0,0,12,0,0,0,0,0,0,0
bf5f87b3b18c10db1c0232f64884df95,0,0,0,0,0,0,0,0,0,0,0,0,0,0,0,12,0,0,0,0,0,0,0
c1d482415a03d403193830a28399e903,11,0,0,0,0,0,0,0,0,0,0,0,0,0,0,0,0,0,0,0,0,0,0
0df2f8bfff6fd173f002cdb8f681a756,0,0,0,11,0,0,0,0,0,0,0,0,0,0,0,0,0,0,0,0,0,0,0
ec63ab58e74f8c94f61506b367863abf,0,0,0,0,0,0,0,0,0,0,0,0,0,0,11,0,0,0,0,0,0,0,0
257baddaefc3dc96bce5d453d48018a5,0,0,0,0,0,0,0,0,0,0,0,0,0,0,0,0,0,11,0,0,0,0,0
aa313ed28baa2c4760b02e7afad384ea,0,0,0,0,0,0,0,0,0,0,0,0,0,0,0,0,0,0,0,0,0,11,0
c45113cfdd7e7f92f0e4ca7603cf3733,10,0,0,0,0,0,0,0,0,0,0,0,0,0,0,0,0,0,0,0,0,0,0
fd599c0c5f5c1c23d196f0659c35d065,0,0,0,0,0,0,0,0,0,0,0,0,0,0,0,0,10,0,0,0,0,0,0
ff76a7f81c1b8d5b1e2ec68d091d98ff,0,0,0,0,0,0,0,0,0,0,0,0,0,0,0,0,0,0,10,0,0,0,0
c59f2836aecb01267e1b7d5c27bafd4b,9,0,0,0,0,0,0,0,0,0,0,0,0,0,0,0,0,0,0,0,0,0,0
450dd0f2cb5344a9027c752af9f23c4e,0,0,0,0,0,0,0,0,0,0,0,9,0,0,0,0,0,0,0,0,0,0,0
a6295f1dd135c8c9c72b1a91e2805481,0,0,0,0,0,0,0,0,0,0,0,0,0,0,0,0,9,0,0,0,0,0,0
b88969859bd1510cf305a8811d8f1bec,0,0,0,0,0,0,0,0,0,0,0,0,0,0,0,0,0,9,0,0,0,0,0
6313f07519bb22489e25ec6ecfa69834,0,0,0,0,0,0,0,0,0,8,0,0,0,0,0,0,0,0,0,0,0,0,0
2b736d5522b935f367acd131c9254016,0,0,0,0,0,0,0,0,0,0,0,0,0,0,0,8,0,0,0,0,0,0,0
26c412bbf0e98e8a9021ff726d3099f7,0,0,0,0,0,0,0,0,0,0,0,0,0,0,0,0,0,0,0,0,0,0,8
9060835240e567b428e30b3f9e481fbb,0,0,0,7,0,0,0,0,0,0,0,0,0,0,0,0,0,0,0,0,0,0,0
e18ed255e206a5d32da068bf8922442c,0,0,0,7,0,0,0,0,0,0,0,0,0,0,0,0,0,0,0,0,0,0,0
5a3914b66cad534b34425fde854b04d3,0,0,0,0,0,0,0,0,0,7,0,0,0,0,0,0,0,0,0,0,0,0,0
5e97336bd2e673cede5c484a85b53db6,0,0,0,0,0,0,0,0,0,0,0,0,7,0,0,0,0,0,0,0,0,0,0
2b45e4dd53adf23dd6d7736496dcd791,0,0,0,0,0,0,0,0,0,0,0,0,0,0,0,0,0,7,0,0,0,0,0
5e3b2b4d6dcc530a0c28cbf785a90beb,0,0,0,0,0,0,0,0,0,0,0,0,0,0,0,0,0,0,0,0,0,0,7
a448b90b7567f0116a8378b48f2e8456,0,0,0,0,0,0,0,6,0,0,0,0,0,0,0,0,0,0,0,0,0,0,0
532403c76a3ebb9405ea57bf90b5ba39,0,0,0,0,0,0,0,0,0,0,0,6,0,0,0,0,0,0,0,0,0,0,0
25f3911ff4447db1b3ca76b2c9388047,0,0,0,0,0,0,0,0,0,0,0,0,0,6,0,0,0,0,0,0,0,0,0
75b13dd48fe3257fb217a4e8db1143c1,0,0,0,0,0,0,0,0,0,0,0,0,0,0,6,0,0,0,0,0,0,0,0
315925be67b78e3b9a804528dd55b540,0,0,4,0,0,0,0,0,0,0,0,0,0,0,0,0,0,0,0,0,0,0,0
a8022bd507c4eee5739dfeae366e52f6,0,0,0,0,0,0,0,0,0,0,0,0,0,0,4,0,0,0,0,0,0,0,0
22407a6dd401c599025c382e6b97f9e5,0,0,0,0,0,0,0,0,0,0,0,0,0,0,4,0,0,0,0,0,0,0,0
536a46fd1c19c98fd7745a353badbf10,0,0,0,0,0,0,0,0,0,0,0,0,0,0,0,0,0,0,0,0,0,0,4
67594a4e0fe109ae09f25e79c5e07f6c,0,0,0,0,0,0,0,0,0,0,0,0,0,0,0,0,0,0,0,3,0,0,0
82a18939838fb538553b4bffd8023bb9,0,0,2,0,0,0,0,0,0,0,0,0,0,0,0,0,0,0,0,0,0,0,0